"file","context","test","nb","failed","skipped","error","warning","user","system","real","passed"
"test-active-first-typed-migration.R","active-first-typed-migration","every active-first typed producer caches and mints purpose-bound output",30,0,FALSE,FALSE,0,0.0640000000000001,0.00700000000000001,0.125,30
"test-active-first-typed-migration.R","active-first-typed-migration","every active-first recipient requires typed provenance",10,0,FALSE,FALSE,0,0.0389999999999997,0,0.0510000000000002,10
"test-active-first-typed-migration.R","active-first-typed-migration","retired correlation controls are internal and unreachable",4,0,FALSE,FALSE,0,0.0419999999999998,0.002,0.0700000000000003,4
"test-aggregate-surface.R","aggregate-surface","the remotely invocable aggregate surface is an exact allowlist",104,0,FALSE,FALSE,0,0.331,0.0529999999999999,0.496,104
"test-aggregate-surface.R","aggregate-surface","remote aliases fail closed instead of bypassing the central gate",1,0,FALSE,FALSE,0,0.0179999999999989,0.00300000000000011,0.0389999999999997,1
"test-aggregate-surface.R","aggregate-surface","only the stateless Count lifecycle remains remote",5,0,FALSE,FALSE,0,0.0169999999999995,0.00299999999999989,0.0549999999999997,5
"test-aggregate-surface.R","aggregate-surface","the retired bare local SQLite release engine is absent",24,0,FALSE,FALSE,0,2.529,0.113,3.332,24
"test-aggregate-surface.R","aggregate-surface","the unpromoted Phase-1.9 R schedule adapter is hard-deleted",5,0,FALSE,FALSE,0,0.0169999999999995,0.0069999999999999,0.0390000000000015,5
"test-aggregate-surface.R","aggregate-surface","retired remote primitives are not namespace exports",1,0,FALSE,FALSE,0,0.00300000000000011,0.002,0.00600000000000023,1
"test-aggregate-surface.R","aggregate-surface","the remotely invocable assign surface is an exact allowlist",4,0,FALSE,FALSE,0,0.0129999999999999,0.002,0.0330000000000013,4
"test-aggregate-surface.R","aggregate-surface","roxygen cannot silently re-export the retired surface",1,0,FALSE,FALSE,0,0.324,0.0830000000000002,1.228,1
"test-analysis-data-contract.R","analysis-data-contract","GLM standardisation fails closed on missing and non-finite values",2,0,FALSE,FALSE,0,0.565,0.0600000000000001,0.626000000000001,2
"test-analysis-data-contract.R","analysis-data-contract","mean imputation is explicit and correct on every scaling mode",15,0,FALSE,FALSE,0,1.436,0.0680000000000001,1.86,15
"test-analysis-data-contract.R","analysis-data-contract","GLM standardisation rejects invalid design contracts",4,0,FALSE,FALSE,0,0.443,0.00199999999999978,0.445999999999998,4
"test-beaver-policy.R","beaver-policy","Beaver policy is IKNP-only by default (dealer mode removed)",4,0,FALSE,FALSE,0,0.016,0.00100000000000011,0.0189999999999984,4
"test-beaver-policy.R","beaver-policy","Beaver policy can require IKNP",5,0,FALSE,FALSE,0,0.0210000000000008,0.00100000000000011,0.0410000000000004,5
"test-blob-chunk-replay.R","blob-chunk-replay","terminal multipart replay is acknowledged without reopening state",12,0,FALSE,FALSE,0,0.481999999999999,0.00299999999999989,0.489000000000001,12
"test-blob-chunk-replay.R","blob-chunk-replay","consuming a completed blob releases its replay receipt",6,0,FALSE,FALSE,0,0.0259999999999998,0,0.0289999999999999,6
"test-blob-chunk-replay.R","blob-chunk-replay","multipart legacy state is O(1)-updated and purpose-bound",10,0,FALSE,FALSE,0,0.0220000000000002,0.002,0.0289999999999999,10
"test-blob-chunk-replay.R","blob-chunk-replay","legacy oversize is terminal and preserves accepted multipart state",10,0,FALSE,FALSE,0,0.0319999999999983,0.00099999999999989,0.0390000000000015,10
"test-blob-chunk-replay.R","blob-chunk-replay","legacy byte capacity spans distinct keys and sessions and reclaims",11,0,FALSE,FALSE,0,0.0910000000000011,0.00300000000000011,0.121000000000002,11
"test-canonical-query-id.R","canonical-query-id","DP query ids are canonical, versioned, and semantics-bound",8,0,FALSE,FALSE,0,0.0269999999999992,0.002,0.032,8
"test-canonical-query-id.R","canonical-query-id","DP query canonicalisation rejects ambiguous values",4,0,FALSE,FALSE,0,0.0219999999999985,0,0.0279999999999987,4
"test-capsule-registry.R","capsule-registry","canonical privacy decimals ignore the display decimal option",2,0,FALSE,FALSE,0,0.00500000000000078,0,0.00499999999999901,2
"test-capsule-registry.R","capsule-registry","registry config and identity exactly match the joint control plane",18,0,FALSE,FALSE,0,0.545,0.046,0.618000000000002,18
"test-capsule-registry.R","capsule-registry","capsule identity is canonical, policy-bound and operation-independent",11,0,FALSE,FALSE,0,0.0700000000000003,0.002,0.0769999999999982,11
"test-capsule-registry.R","capsule-registry","ten thousand logical uses do not access or mutate registry state",15,0,FALSE,FALSE,0,5.303,0.101,5.524,15
"test-capsule-registry.R","capsule-registry","registry admits its lifetime boundary and exact replay remains free",425,0,FALSE,FALSE,0,8.25,0.848,9.692,425
"test-capsule-registry.R","capsule-registry","allocator-bound registry enforces its authenticated boundary",523,0,FALSE,FALSE,0,16.495,1.48,19.468,523
"test-capsule-registry.R","capsule-registry","bound registration requires the next allocator sequence",5,0,FALSE,FALSE,0,0.302,0.0379999999999998,0.410999999999994,5
"test-capsule-registry.R","capsule-registry","registry detects tamper, wrong key and conflicting row replay",7,0,FALSE,FALSE,0,0.399999999999999,0.0289999999999999,0.442,7
"test-capsule-registry.R","capsule-registry","fast-state migration is one-time and later state loss fails closed",5,0,FALSE,FALSE,0,0.25,0.012,0.267000000000003,5
"test-capsule-registry.R","capsule-registry","allocator-bound registry updates record and head atomically",7,0,FALSE,FALSE,0,0.195999999999998,0.012,0.216000000000001,7
"test-capsule-registry.R","capsule-registry","concurrent registration has one memoized capsule and a valid chain",7,0,FALSE,FALSE,0,0.224000000000004,0.136,1.63200000000001,7
"test-capsule-registry.R","capsule-registry","capsule registry remains internal and does not alter legacy surfaces",2,0,FALSE,FALSE,0,0.0120000000000005,0.00199999999999978,0.0360000000000014,2
"test-cluster-disclosure.R","cluster-disclosure","cluster-size aggregates fail closed for small clusters",1,0,FALSE,FALSE,0,0.00900000000000034,0.00299999999999923,0.0120000000000005,1
"test-cluster-disclosure.R","cluster-disclosure","per-cluster residual aggregates fail closed for small clusters",1,0,FALSE,FALSE,0,0.00600000000000023,0.00600000000000023,0.0120000000000005,1
"test-cluster-disclosure.R","cluster-disclosure","per-cluster random-effects designs fail closed for small clusters",1,0,FALSE,FALSE,0,0.0180000000000007,0.00399999999999956,0.0240000000000009,1
"test-cluster-disclosure.R","cluster-disclosure","LMM variance-component aggregates fail closed for small clusters",1,0,FALSE,FALSE,0,0.00600000000000023,0.00100000000000033,0.0129999999999981,1
"test-cluster-disclosure.R","cluster-disclosure","per-cluster share sums fail before MPC work for small clusters",1,0,FALSE,FALSE,0,0.00799999999999557,0.00199999999999978,0.00900000000000034,1
"test-cluster-disclosure.R","cluster-disclosure","active LMM per-cluster shares fail closed for small clusters",1,0,FALSE,FALSE,0,0.00800000000000267,0.00199999999999978,0.0110000000000028,1
"test-cluster-disclosure.R","cluster-disclosure","cluster aggregates still pass when all clusters meet threshold",2,0,FALSE,FALSE,0,0.00500000000000256,0,0.0069999999999979,2
"test-contingency.R","contingency","contingency counts match base R table()",7,0,FALSE,FALSE,0,0.0150000000000006,0,0.0210000000000008,7
"test-contingency.R","contingency","contingency handles 2x4 tables correctly",2,0,FALSE,FALSE,0,0.00500000000000256,0,0.0069999999999979,2
"test-contingency.R","contingency","contingency drops rows with missingness in either variable",2,0,FALSE,FALSE,0,0.00400000000000489,0.00100000000000033,0.00600000000000023,2
"test-contingency.R","contingency","contingency refuses and suppresses small cells when privacyLevel active",3,0,FALSE,FALSE,0,0.0150000000000006,0.000999999999999446,0.0189999999999984,3
"test-contingency.R","contingency","contingency errors on invalid input",2,0,FALSE,FALSE,0,0.0180000000000007,0,0.0200000000000031,2
"test-crossgrid-categorical-source-cache.R","crossgrid-categorical-source-cache","categorical source cache binds each signed class order",3,0,FALSE,FALSE,0,0.0859999999999985,0.00100000000000033,0.0920000000000059,3
"test-crossgrid-cox.R","crossgrid-cox","Cox server authenticates both signatures and rejects cap/profile tampering",10,0,FALSE,FALSE,0,2.203,0.282,3.178,10
"test-crossgrid-cox.R","crossgrid-cox","pure R Cox integer profiles match all shared Go boundary fixtures",356,0,FALSE,FALSE,0,2.804,0.589,8.79100000000001,356
"test-crossgrid-cox.R","crossgrid-cox","Cox whole-coordinate sensitivities cover changed risk sets",244,0,FALSE,FALSE,0,4.371,1.053,15.148,244
"test-crossgrid-cox.R","crossgrid-cox","Cox range cap encloses approximation and keeps error below DP noise",16,0,FALSE,FALSE,0,0.106999999999999,0.0220000000000002,0.150999999999996,16
"test-crossgrid-cox.R","crossgrid-cox","Cox measured admission is enforced even with both valid signatures",11,0,FALSE,FALSE,0,3.333,1.3,5.96599999999999,11
"test-crossgrid-cox.R","crossgrid-cox","Cox signed layout pins the terminal share conversion for fusion",4,0,FALSE,FALSE,0,0.336999999999996,0.244,0.802000000000007,4
"test-crossgrid-cox.R","crossgrid-cox","Cox K-owner source contracts retain exactly two computation authorities",62,0,FALSE,FALSE,0,7.039,1.202,13.435,62
"test-crossgrid-cox.R","crossgrid-cox","Cox staged source combines every signed owner in exact Ring128",15,0,FALSE,FALSE,0,4.00399999999999,0.591000000000001,7.788,15
"test-crossgrid-cox.R","crossgrid-cox","Cox private routing retains ties censor slots and invalid padding",4,0,FALSE,FALSE,0,0.0750000000000028,0.00499999999999901,0.102000000000004,4
"test-crossgrid-cox.R","crossgrid-cox","Cox public f50 multiplication preserves additive sharing and f100 precision",10,0,FALSE,FALSE,0,0.0560000000000116,0,0.0680000000000121,10
"test-crossgrid-cox.R","crossgrid-cox","Cox owner materialization retains K2 K3 K5 candidate and owner order",6,0,FALSE,FALSE,0,4.89400000000001,0.67,9.578,6
"test-crossgrid-cox.R","crossgrid-cox","Cox source block layout covers every owner without transporting observed times",21,0,FALSE,FALSE,0,0.692999999999998,0.0519999999999996,1.12,21
"test-crossgrid-cox.R","crossgrid-cox","Cox workload and source context authenticate K-owner transport without time values",66,0,FALSE,FALSE,0,9.04100000000001,0.899000000000001,16.626,66
"test-crossgrid-cox.R","crossgrid-cox","Cox source alignment requires the signed time owner at the actual garbler",8,0,FALSE,FALSE,0,1.5,0.122999999999999,2.75,8
"test-crossgrid-cox.R","crossgrid-cox","Cox source normalization retains binary64 rationals and one f50 rounding",7,0,FALSE,FALSE,0,0.138000000000005,0.00100000000000122,0.161000000000001,7
"test-crossgrid-cox.R","crossgrid-cox","Cox materializes authenticated owner inputs in aligned patient slots",99,0,FALSE,FALSE,0,19.385,1.778,35.673,99
"test-crossgrid-cox.R","crossgrid-cox","Cox owner time sidecar binds exact times and committed source order",66,0,FALSE,FALSE,0,21.324,1.879,33.154,66
"test-crossgrid-cox.R","crossgrid-cox","Cox input loader verifies actual store MACs and all-owner completion",15,0,FALSE,FALSE,0,7.35499999999999,0.770999999999999,12.037,15
"test-crossgrid-cox.R","crossgrid-cox","Cox producer commits authenticated inputs with the capsule transport ABI",157,0,FALSE,FALSE,0,8.29400000000001,0.729999999999999,12.773,157
"test-crossgrid-family-b-piecewise.R","crossgrid-family-b-piecewise","family B loaded contracts bind canonical profile and analytic certificate",8,0,FALSE,FALSE,0,0.078000000000003,0,0.0980000000000132,8
"test-crossgrid-family-b-piecewise.R","crossgrid-family-b-piecewise","family B piecewise tables equal every independent boundary word",10,0,FALSE,FALSE,0,0.0799999999999841,0,0.0999999999999943,10
"test-crossgrid-family-b-piecewise.R","crossgrid-family-b-piecewise","family B pure R oracle matches independent profile row fixtures",8,0,FALSE,FALSE,0,0.644000000000005,0.00700000000000145,0.782999999999987,8
"test-crossgrid-family-b-piecewise.R","crossgrid-family-b-piecewise","family B predictor rounds directly from f100 at q16 halfway slack",31,0,FALSE,FALSE,0,0.0699999999999932,0,0.105999999999995,31
"test-crossgrid-family-b-piecewise.R","crossgrid-family-b-piecewise","family B declared utility envelope keeps profile error below DP scale",6,0,FALSE,FALSE,0,0.0109999999999957,0,0.01400000000001,6
"test-crossgrid-family-b.R","crossgrid-family-b","categorical cross-grid contracts authenticate both pinned authorities",20,0,FALSE,FALSE,0,2.19300000000001,0.233999999999998,3.458,20
"test-crossgrid-family-b.R","crossgrid-family-b","categorical validators reconstruct signed semantics and fail transcript safely",60,0,FALSE,FALSE,0,4.73499999999999,0.635999999999999,8.542,60
"test-crossgrid-family-b.R","crossgrid-family-b","categorical grids enforce coefficient, threshold and canonical domains",15,0,FALSE,FALSE,0,0.621000000000009,0.0630000000000024,0.97999999999999,15
"test-crossgrid-family-b.R","crossgrid-family-b","categorical sensitivity is the capped vector sensitivity for both adjacencies",384,0,FALSE,FALSE,0,1.053,0.0799999999999983,1.679,384
"test-crossgrid-family-b.R","crossgrid-family-b","ordinal probability floor remains positive at rare-category boundaries",396,0,FALSE,FALSE,0,0.900999999999982,0.0650000000000013,1.36399999999998,396
"test-crossgrid-family-b.R","crossgrid-family-b","certified default approximation error stays below the DP noise scale",6,0,FALSE,FALSE,0,0.0100000000000193,0,0.0120000000000005,6
"test-crossgrid-family-b.R","crossgrid-family-b","categorical caps reject unrepresentable capacity products",2,0,FALSE,FALSE,0,0.0219999999999914,0,0.0230000000000246,2
"test-crossgrid-family-b.R","crossgrid-family-b","registration never authorizes release without the fused producer",10,0,FALSE,FALSE,0,0.0310000000000059,0.00400000000000134,0.0400000000000205,10
"test-crossgrid-family-b.R","crossgrid-family-b","categorical compute authorities must belong to the signed source owners",4,0,FALSE,FALSE,0,0.419999999999987,0.0599999999999987,0.790999999999997,4
"test-crossgrid-family-b.R","crossgrid-family-b","pure R family integer kernels cover all outcomes, masking and boundary caps",8,0,FALSE,FALSE,0,0.986999999999995,0.0559999999999974,1.49100000000004,8
"test-crossgrid-family-b.R","crossgrid-family-b","pure R logarithm is accurate at normalization edges and ties",102,0,FALSE,FALSE,0,0.275000000000006,0.00199999999999889,0.340000000000032,102
"test-crossgrid-family-b.R","crossgrid-family-b","categorical profiles enter the shared lifecycle with K source owners",36,0,FALSE,FALSE,0,3.51500000000001,0.585000000000001,6.76100000000002,36
"test-crossgrid-family-b.R","crossgrid-family-b","eight-class multinomial signs chunks within the existing input cap",2,0,FALSE,FALSE,0,0.584000000000003,0.0889999999999986,1.20400000000001,2
"test-crossgrid-gee-public-admission.R","crossgrid-gee-public-admission","GEE public admission binds fixed correlation and rejects legacy and LMM swaps",78,0,FALSE,FALSE,0,21.612,2.222,36.86,78
"test-crossgrid-gee-public-admission.R","crossgrid-gee-public-admission","ordinary local GEE materialization leaves its release block zero for every source owner",30,0,FALSE,FALSE,0,3.61700000000002,0.373999999999999,5.79999999999995,30
"test-crossgrid-gee-staged-contract.R","crossgrid-gee-staged-contract","fixed-rho staged GEE binds native cap scales and keeps legacy contracts",54,0,FALSE,FALSE,0,4.28100000000001,0.402000000000001,7.26499999999999,54
"test-crossgrid-gee-staged-contract.R","crossgrid-gee-staged-contract","GEE n2000 descriptor is an explicit bounded measurement domain",6,0,FALSE,FALSE,0,0.455999999999989,0.0420000000000016,0.765000000000043,6
"test-crossgrid-gee-staged-contract.R","crossgrid-gee-staged-contract","fixed-rho sensitivity counts affected clusters, not cluster capacity",14,0,FALSE,FALSE,0,0.897999999999996,0.0769999999999982,1.53999999999996,14
"test-crossgrid-gee-staged-contract.R","crossgrid-gee-staged-contract","analyst fixed-rho parameters admit exactly the retained working correlations",72,0,FALSE,FALSE,0,0.312999999999988,0.00499999999999901,0.361999999999966,72
"test-crossgrid-gee-staged-handoff.R","crossgrid-gee-staged-handoff","fixed-rho GEE handoffs preserve signed native units and private source blocks",28,0,FALSE,FALSE,0,3.892,0.371000000000002,6.233,28
"test-crossgrid-gee-staged-handoff.R","crossgrid-gee-staged-handoff","Fixed-rho GEE durable terminal records retain private validity and reject LMM swaps",15,0,FALSE,FALSE,0,1.16299999999998,0.0829999999999984,1.64999999999998,15
"test-crossgrid-gee-staged-handoff.R","crossgrid-gee-staged-handoff","fixed-rho GEE worker preparation uses pinned identity roles and keeps native JSON opaque",20,0,FALSE,FALSE,0,4.06400000000002,0.246000000000002,5.77599999999995,20
"test-crossgrid-gee-staged-handoff.R","crossgrid-gee-staged-handoff","real GEE preparation CLI retains both families and every terminal coordinate",48,0,FALSE,FALSE,0,4.15400000000002,0.233999999999998,5.46899999999999,48
"test-crossgrid-gee-whitening-integer.R","crossgrid-gee-whitening-integer","private GEE whitening assembly equals the independent R integer oracle",252,0,FALSE,FALSE,0,3.51900000000001,0.436,7.30099999999999,252
"test-crossgrid-gee-whitening-integer.R","crossgrid-gee-whitening-integer","GEE v3 certificate is bound into both signed validators",12,0,FALSE,FALSE,0,0.295999999999992,0.0240000000000009,0.375,12
"test-crossgrid-glmm-staged-lifecycle.R","crossgrid-glmm-staged-lifecycle","GLMM admission preserves integer outcomes and the complete variance grid",42,0,FALSE,FALSE,0,6.84100000000001,0.808999999999997,12.283,42
"test-crossgrid-glmm-staged-lifecycle.R","crossgrid-glmm-staged-lifecycle","GLMM durable terminal records retain private validity and reject LMM swaps",15,0,FALSE,FALSE,0,0.884999999999991,0.0620000000000012,1.327,15
"test-crossgrid-glmm-variance-contract.R","crossgrid-glmm-variance-contract","binomial GH5 grids bind variance-major candidates and full patient sensitivity",81,0,FALSE,FALSE,0,9.38500000000002,1.377,18.073,81
"test-crossgrid-glmm-variance-contract.R","crossgrid-glmm-variance-contract","binomial GH5 variance grids reject ambiguous or uncertified values",15,0,FALSE,FALSE,0,1.03099999999998,0.0570000000000022,1.52100000000002,15
"test-crossgrid-glmm-variance-contract.R","crossgrid-glmm-variance-contract","binomial GH5 C500 admission stays inside the named measurement domain",24,0,FALSE,FALSE,0,2.167,0.247,3.83099999999996,24
"test-crossgrid-glmm-variance-contract.R","crossgrid-glmm-variance-contract","new binomial variance-grid contracts reject p4 and J5 before execution",8,0,FALSE,FALSE,0,0.907000000000011,0.114999999999998,1.64499999999998,8
"test-crossgrid-grouped-dslite.R","crossgrid-grouped-dslite","two DSLite peers compare grouped candidates at epsilon 1 4 8",202,0,FALSE,FALSE,0,6.41800000000001,0.719000000000001,10.577,202
"test-crossgrid-grouped-integer.R","crossgrid-grouped-integer","pure R grouped integer oracles equal tagged Go references",33,0,FALSE,FALSE,0,0.837000000000018,0.120999999999999,2.428,33
"test-crossgrid-grouped-integer.R","crossgrid-grouped-integer","range-reduced exp R and tagged Go agree at exponent and knot boundaries",12,0,FALSE,FALSE,0,6.80500000000001,2.044,36.363,12
"test-crossgrid-grouped-source.R","crossgrid-grouped-source","grouped source roles include label-only owners with two authorities",23,0,FALSE,FALSE,0,1.99299999999999,0.513000000000002,4.07900000000001,23
"test-crossgrid-grouped-source.R","crossgrid-grouped-source","LMM materialization preserves fractional outcomes and private routing validity",10,0,FALSE,FALSE,0,0.287000000000006,0.0279999999999987,0.509000000000015,10
"test-crossgrid-grouped-source.R","crossgrid-grouped-source","binary grouped outcomes retain integer encoding and reject fractional values",3,0,FALSE,FALSE,0,0.258999999999986,0.032,0.475000000000023,3
"test-crossgrid-grouped-source.R","crossgrid-grouped-source","signed schema pins the private routing sidecar and source scale",6,0,FALSE,FALSE,0,2.30000000000001,0.484999999999999,4.846,6
"test-crossgrid-grouped-source.R","crossgrid-grouped-source","private source producer preserves legacy blocks and only materializes locally owned roles",2,0,FALSE,FALSE,0,0.102000000000004,0.00300000000000011,0.107000000000028,2
"test-crossgrid-grouped.R","crossgrid-grouped","grouped five-family contracts require both authentic signatures",35,0,FALSE,FALSE,0,5.64999999999998,0.579000000000001,9.06200000000001,35
"test-crossgrid-grouped.R","crossgrid-grouped","signed altered derived grouped fields fail with one public error",20,0,FALSE,FALSE,0,2.06799999999998,0.202000000000002,3.56099999999998,20
"test-crossgrid-grouped.R","crossgrid-grouped","grouped public numeric and capacity domains fail closed",17,0,FALSE,FALSE,0,2.11899999999997,0.216999999999999,3.53399999999999,17
"test-crossgrid-grouped.R","crossgrid-grouped","patient add/remove and movement sensitivities use whole cluster caps",30,0,FALSE,FALSE,0,1.44900000000001,0.181000000000001,2.72400000000005,30
"test-crossgrid-grouped.R","crossgrid-grouped","GEE contract retains likelihood bread meat and signed correlation shifts",12,0,FALSE,FALSE,0,0.769000000000005,0.117999999999999,1.48999999999995,12
"test-crossgrid-grouped.R","crossgrid-grouped","grouped registration cannot authorize a protected producer",6,0,FALSE,FALSE,0,0.230999999999995,0.0420000000000016,0.480000000000018,6
"test-crossgrid-grouped.R","crossgrid-grouped","Poisson GLMM signs the factorial-free selection shift",6,0,FALSE,FALSE,0,0.850999999999999,0.119999999999997,1.59400000000005,6
"test-crossgrid-lasso.R","crossgrid-lasso","LASSO signed extensions authenticate two-owner base grids",16,0,FALSE,FALSE,0,1.24000000000001,0.0510000000000019,1.68899999999996,16
"test-crossgrid-lasso.R","crossgrid-lasso","LASSO signatures bind all penalties and preserve base sensitivity",9,0,FALSE,FALSE,0,2.29599999999999,0.279,3.60599999999999,9
"test-crossgrid-lasso.R","crossgrid-lasso","public L1 rational ceiling is exact at integer and subnormal boundaries",22,0,FALSE,FALSE,0,0.0379999999999541,0.00300000000000011,0.0480000000000018,22
"test-crossgrid-lasso.R","crossgrid-lasso","malformed signed LASSO candidate plans fail closed",10,0,FALSE,FALSE,0,0.243999999999971,0.0180000000000007,0.27600000000001,10
"test-crossgrid-lasso.R","crossgrid-lasso","public L1 postprocessing selects signed paths without changing loss releases",11,0,FALSE,FALSE,0,0.35899999999998,0.0159999999999982,0.408000000000015,11
"test-crossgrid-lasso.R","crossgrid-lasso","Gaussian LASSO uses half RSS from the existing sufficient-statistic route",7,0,FALSE,FALSE,0,0.216000000000008,0.022000000000002,0.257000000000005,7
"test-crossgrid-lasso.R","crossgrid-lasso","LASSO registration leaves all production release gates closed",6,0,FALSE,FALSE,0,0.0110000000000241,0,0.0130000000000337,6
"test-crossgrid-lasso.R","crossgrid-lasso","LASSO public offsets preserve adjacent loss differences and reused caps",12,0,FALSE,FALSE,0,0.346000000000004,0.0209999999999972,0.413999999999987,12
"test-crossgrid-lasso.R","crossgrid-lasso","LASSO descriptors bind policy lattice and Gaussian moment conventions",8,0,FALSE,FALSE,0,0.37299999999999,0.00700000000000145,0.40100000000001,8
"test-crossgrid-lasso.R","crossgrid-lasso","Gaussian LASSO evaluates cross moments with canonical first-candidate ties",3,0,FALSE,FALSE,0,0.36099999999999,0,0.387999999999977,3
"test-crossgrid-lasso.R","crossgrid-lasso","LASSO authenticates K2/K3/K5 owners with exactly two noise authorities",12,0,FALSE,FALSE,0,2.56399999999996,0.326000000000001,4.30799999999999,12
"test-crossgrid-lmm-ml-contract.R","crossgrid-lmm-ml-contract","LMM ML contracts sign covariance-major candidates and patient caps",25,0,FALSE,FALSE,0,1.995,0.160999999999998,3.15600000000001,25
"test-crossgrid-lmm-ml-contract.R","crossgrid-lmm-ml-contract","LMM ML rejects ambiguous covariance order and uncertified objectives",5,0,FALSE,FALSE,0,0.5,0.0420000000000016,0.840999999999951,5
"test-crossgrid-lmm-public-evidence.R","crossgrid-lmm-public-evidence","cold LMM evidence reads only authenticated public terminal identities",13,0,FALSE,FALSE,0,1.89600000000002,0.287999999999997,2.93299999999999,13
"test-crossgrid-lmm-public-evidence.R","crossgrid-lmm-public-evidence","published LMM evidence verifies compilation without source claims or a session",5,0,FALSE,FALSE,0,0.438999999999965,0.0559999999999974,0.798000000000002,5
"test-crossgrid-lmm-sampler-admission.R","crossgrid-lmm-sampler-admission","staged LMM rejects samplers that cannot retain private validity before START",7,0,FALSE,FALSE,0,0.271999999999991,0.0200000000000031,0.296999999999969,7
"test-crossgrid-lmm-sampler-admission.R","crossgrid-lmm-sampler-admission","staged LMM cannot bypass the Synopsis gate through the legacy vector lifecycle",3,0,FALSE,FALSE,0,0.524000000000001,0.0589999999999975,0.874000000000024,3
"test-crossgrid-lmm-sampler-admission.R","crossgrid-lmm-sampler-admission","LMM sampler policy reserves the count alongside its 256 candidates",17,0,FALSE,FALSE,0,0.0310000000000059,0.00200000000000244,0.0450000000000159,17
"test-crossgrid-lmm-schema-cache.R","crossgrid-lmm-schema-cache","cold LMM schema lookup authenticates cached schema bytes and attestation",10,0,FALSE,FALSE,0,3.84300000000002,0.201999999999998,4.57100000000003,10
"test-crossgrid-lmm-source-handoff.R","crossgrid-lmm-source-handoff","LMM handoff transposes opaque shares into typed rows after private alignment",75,0,FALSE,FALSE,0,6.173,0.882999999999996,11.694,75
"test-crossgrid-lmm-source-handoff.R","crossgrid-lmm-source-handoff","owner-local route sidecar binds materialized order snapshot and signed scale",11,0,FALSE,FALSE,0,3.79899999999998,0.255000000000003,5.50699999999995,11
"test-crossgrid-lmm-source-handoff.R","crossgrid-lmm-source-handoff","signed dyadic variances reach Go without decimal precision loss",1,0,FALSE,FALSE,0,0.316000000000031,0.0249999999999986,0.559999999999945,1
"test-crossgrid-lmm-source-handoff.R","crossgrid-lmm-source-handoff","LMM typed loader authenticates stored numeric and routing blocks before handoff",12,0,FALSE,FALSE,0,6.94400000000002,1.058,12.173,12
"test-crossgrid-lmm-source-handoff.R","crossgrid-lmm-source-handoff","private worker preparation uses pinned identity roles and keeps native JSON opaque",20,0,FALSE,FALSE,0,2.54699999999997,0.18,3.87600000000009,20
"test-crossgrid-lmm-source-handoff.R","crossgrid-lmm-source-handoff","real staged preparation CLI preserves typed source bytes and exact native integers",16,0,FALSE,FALSE,0,3.00099999999998,0.350000000000001,4.90099999999995,16
"test-crossgrid-lmm-source-handoff.R","crossgrid-lmm-source-handoff","fresh and unilateral alignment attempts retain the same native source bytes",18,0,FALSE,FALSE,0,12.183,1.41399999999999,19.409,18
"test-crossgrid-lmm-staged-lifecycle.R","crossgrid-lmm-staged-lifecycle","staged LMM bind constructs a stable canonical operation identity",4,0,FALSE,FALSE,0,0.600999999999999,0.0859999999999985,0.970000000000027,4
"test-crossgrid-lmm-staged-lifecycle.R","crossgrid-lmm-staged-lifecycle","staged LMM result retains private candidate validity and committed identities",10,0,FALSE,FALSE,0,0.0409999999999968,0,0.0449999999999591,10
"test-crossgrid-lmm-staged-lifecycle.R","crossgrid-lmm-staged-lifecycle","staged LMM lifecycle persists replayable candidate validity into DP source",23,0,FALSE,FALSE,0,0.810000000000002,0.110999999999997,1.28200000000004,23
"test-crossgrid-lmm-stats-integer.R","crossgrid-lmm-stats-integer","LMM sufficient statistics match the tagged Go integer oracle",5,0,FALSE,FALSE,0,0.148000000000025,0,0.158999999999992,5
"test-crossgrid-nb.R","crossgrid-nb","NB2 cross loss is the complete negative dnbinom log PMF",12,0,FALSE,FALSE,0,0.0169999999999959,0,0.0230000000000246,12
"test-crossgrid-nb.R","crossgrid-nb","NB2 caps cover outcomes, endpoint extrema and both adjacency modes",208,0,FALSE,FALSE,0,1.75700000000001,0.187999999999995,2.13299999999992,208
"test-crossgrid-nb.R","crossgrid-nb","NB2 public numeric domains fail closed",9,0,FALSE,FALSE,0,0.495000000000005,0.0320000000000036,0.547999999999888,9
"test-crossgrid-nb.R","crossgrid-nb","NB2 signed contracts retain the frozen source ABI and both authorities",7,0,FALSE,FALSE,0,1.76999999999998,0.131999999999998,2.221,7
"test-crossgrid-nb.R","crossgrid-nb","NB2 signed malformed contracts and missing signatures have one public error",31,0,FALSE,FALSE,0,7.459,0.283999999999999,8.96100000000001,31
"test-crossgrid-nb.R","crossgrid-nb","NB2 candidate identities bind theta and reject encoded collisions",3,0,FALSE,FALSE,0,0.940999999999974,0.0489999999999995,1.096,3
"test-crossgrid-nb.R","crossgrid-nb","NB2 pure-R limb oracle exactly matches certified Go fixtures",25,0,FALSE,FALSE,0,0.197999999999979,0.017000000000003,0.274000000000001,25
"test-crossgrid-nb.R","crossgrid-nb","NB2 limb batch sums owner partial predictors before quantization",1,0,FALSE,FALSE,0,0.06899999999996,0.00800000000000267,0.0899999999999181,1
"test-crossgrid-nb.R","crossgrid-nb","NB2 installed profile, proof and numeric template are independently hash pinned",4,0,FALSE,FALSE,0,0.754000000000019,0.0239999999999938,0.83400000000006,4
"test-crossgrid-nb.R","crossgrid-nb","NB2 certified profile and public cap evaluator agree at every piece boundary",530,0,FALSE,FALSE,0,1.512,0.0380000000000038,2.00099999999998,530
"test-crossgrid-nb.R","crossgrid-nb","NB2 profile caps enclose the approximate loss plus its certified error",2838,0,FALSE,FALSE,0,8.41800000000001,0.927,11.3240000000001,2838
"test-crossgrid-nb.R","crossgrid-nb","NB2 default envelope approximation is below one percent of DP noise scale",3,0,FALSE,FALSE,0,0.213000000000022,0.0420000000000016,0.26400000000001,3
"test-crossgrid-nb.R","crossgrid-nb","NB signed profiles enter Step-2 admission at K2/K3/K5",18,0,FALSE,FALSE,0,5.29300000000001,0.390999999999998,6.84999999999991,18
"test-crossgrid-poisson-glmm-staged-lifecycle.R","crossgrid-poisson-glmm-staged-lifecycle","Poisson GLMM admission preserves integer outcomes and the complete variance grid",48,0,FALSE,FALSE,0,7.11599999999999,1.022,12.76,48
"test-crossgrid-poisson-glmm-staged-lifecycle.R","crossgrid-poisson-glmm-staged-lifecycle","Poisson GLMM durable terminal records retain private validity and reject LMM swaps",15,0,FALSE,FALSE,0,0.863,0.0630000000000024,1.39199999999994,15
"test-crossgrid-poisson-glmm-variance-contract.R","crossgrid-poisson-glmm-variance-contract","poisson GH5 grids bind variance-major candidates and full patient sensitivity",81,0,FALSE,FALSE,0,9.87099999999998,1.338,18.807,81
"test-crossgrid-poisson-glmm-variance-contract.R","crossgrid-poisson-glmm-variance-contract","poisson GH5 variance grids reject ambiguous or uncertified values",15,0,FALSE,FALSE,0,1.04000000000002,0.0510000000000019,1.57500000000005,15
"test-crossgrid-poisson-glmm-variance-contract.R","crossgrid-poisson-glmm-variance-contract","poisson GH5 C500 admission stays inside the named measurement domain",24,0,FALSE,FALSE,0,2.185,0.176000000000002,3.70299999999997,24
"test-crossgrid-poisson-glmm-variance-contract.R","crossgrid-poisson-glmm-variance-contract","new poisson variance-grid contracts reject p4 and J5 before execution",8,0,FALSE,FALSE,0,0.962000000000046,0.119999999999997,1.71900000000005,8
"test-crypto-backend-denylist.R","crypto-backend-denylist","the non-private markkurossi VOLE helper is never imported",2,0,FALSE,FALSE,0,0.851999999999975,0.139000000000003,3.01499999999999,2
"test-dp-adjacency.R","dp-adjacency","contingency unit aggregation excludes only valid-cell conflicts",2,0,FALSE,FALSE,0,0.0360000000000014,0.000999999999997669,0.0379999999998972,2
"test-dp-adjacency.R","dp-adjacency","invalid numeric categories cannot select a contingency error branch",2,0,FALSE,FALSE,0,0.00600000000002865,0,0.00599999999997181,2
"test-dp-adjacency.R","dp-adjacency","admission has one generic failure and a capacity-shaped result",9,0,FALSE,FALSE,0,0.0149999999999864,0.00300000000000011,0.0210000000000719,9
"test-dp-adjacency.R","dp-adjacency","privacy-unit identifiers are canonical across R formatting options",5,0,FALSE,FALSE,0,0.0190000000000055,0,0.0229999999999109,5
"test-dp-adjacency.R","dp-adjacency","categorical tolerance never weakens privacy-unit identifiers",3,0,FALSE,FALSE,0,0.0419999999999732,0.000999999999997669,0.0450000000000728,3
"test-dp-adjacency.R","dp-adjacency","finite categorical unit domain exhaustively satisfies both adjacencies",62,0,FALSE,FALSE,0,0.119000000000028,0.00200000000000244,0.155999999999949,62
"test-dp-adjacency.R","dp-adjacency","finite numeric unit domain exhaustively satisfies moment bounds",114,0,FALSE,FALSE,0,0.228000000000009,0.00399999999999778,0.303999999999974,114
"test-dp-adjacency.R","dp-adjacency","finite describe domain exhaustively satisfies every family bound",2,0,FALSE,FALSE,0,0.0960000000000036,0,0.0970000000000937,2
"test-dp-adjacency.R","dp-adjacency","finite survival domain exhaustively satisfies declared L1 bounds",4,0,FALSE,FALSE,0,0.127999999999986,0.00100000000000477,0.132999999999925,4
"test-dp-adjacency.R","dp-adjacency","random multi-record privacy units preserve every declared sensitivity",1,0,FALSE,FALSE,0,2.79299999999995,0.102999999999994,2.93500000000006,1
"test-dp-alignment-mask.R","dp-alignment-mask","alignment-mask geometry is exact for K=2,3,5",27,0,FALSE,FALSE,0,0.0640000000000214,0.00600000000000023,0.0979999999999563,27
"test-dp-alignment-mask.R","dp-alignment-mask","alignment projects only the signed contiguous private suffix",5,0,FALSE,FALSE,0,0.0509999999999877,0.00199999999999534,0.0550000000000637,5
"test-dp-alignment-mask.R","dp-alignment-mask","each computation peer sees only one XOR share per source",15,0,FALSE,FALSE,0,0.0510000000000446,0.00300000000000011,0.0579999999999927,15
"test-dp-alignment-mask.R","dp-alignment-mask","alignment terminal response has one uniform semantic failure",48,0,FALSE,FALSE,0,0.105999999999995,0.0100000000000051,0.163999999999987,48
"test-dp-alignment-mask.R","dp-alignment-mask","alignment batches cannot become readable before terminal success",3,0,FALSE,FALSE,0,0.0129999999999768,0,0.0149999999999864,3
"test-dp-alignment-mask.R","dp-alignment-mask","private projection retains global private block coordinates",2,0,FALSE,FALSE,0,0.0169999999999959,0.000999999999997669,0.0190000000000055,2
"test-dp-analysis-contract.R","dp-analysis-contract","Frequency contracts are fixed categorical vectors for K=2,3,5",19,0,FALSE,FALSE,0,2.286,0.0960000000000036,2.452,19
"test-dp-analysis-contract.R","dp-analysis-contract","Frequency v2 is radix-canonical and v1 remains fail-closed",7,0,FALSE,FALSE,0,0.182999999999993,0.0129999999999981,0.227999999999952,7
"test-dp-analysis-contract.R","dp-analysis-contract","Frequency caps categorical levels and bytes before sorting",4,0,FALSE,FALSE,0,0.0439999999999827,0,0.0520000000000209,4
"test-dp-analysis-contract.R","dp-analysis-contract","Frequency backend selector wrapper binds public preimages",26,0,FALSE,FALSE,0,0.608000000000004,0.0120000000000005,0.644999999999982,26
"test-dp-analysis-contract.R","dp-analysis-contract","Frequency backend selector requests shape-preserving Go JSON",3,0,FALSE,FALSE,0,0.0310000000000059,0.00200000000000244,0.0330000000000155,3
"test-dp-analysis-contract.R","dp-analysis-contract","packaged native runtime executes the Frequency backend selector",4,0,FALSE,FALSE,0,0.0430000000000064,0.00499999999999545,0.0769999999999982,4
"test-dp-analysis-contract.R","dp-analysis-contract","Frequency artifact identity is canonical and fully semantic",12,0,FALSE,FALSE,0,1.267,0.0320000000000036,1.31600000000003,12
"test-dp-analysis-contract.R","dp-analysis-contract","Frequency contracts fail closed on every bound dimension",47,0,FALSE,FALSE,0,1.72800000000001,0.070999999999998,1.85799999999995,47
"test-dp-analysis-contract.R","dp-analysis-contract","Count TV contracts are canonical and fail closed for K=2,3,5",28,0,FALSE,FALSE,0,1.62400000000002,0.0200000000000031,1.71600000000001,28
"test-dp-analysis-contract.R","dp-analysis-contract","analysis artifact identity is semantic and K-generic",21,0,FALSE,FALSE,0,1.65899999999999,0.0219999999999985,1.70799999999997,21
"test-dp-analysis-contract.R","dp-analysis-contract","snapshot commitments are opaque and ignore R symbol names",8,0,FALSE,FALSE,0,0.0749999999999886,0.000999999999997669,0.0790000000000646,8
"test-dp-analysis-contract.R","dp-analysis-contract","sticky subseeds derive only from identity.seed and declared lanes",10,0,FALSE,FALSE,0,0.577999999999975,0.00200000000000244,0.596000000000004,10
"test-dp-analysis-contract.R","dp-analysis-contract","analysis contracts reject ambiguous and operational fields",27,0,FALSE,FALSE,0,0.496000000000038,0.00399999999999778,0.525999999999954,27
"test-dp-capsule-manifest-bootstrap.R","dp-capsule-manifest-bootstrap","K=2 through K=5 derive one byte-identical server-authoritative manifest",68,0,FALSE,FALSE,0,17.412,0.332000000000001,19.3390000000001,68
"test-dp-capsule-manifest-bootstrap.R","dp-capsule-manifest-bootstrap","K>=3 catalog consensus rejects one divergent peer before source access",5,0,FALSE,FALSE,0,3.91300000000001,0.106000000000002,4.46600000000001,5
"test-dp-capsule-manifest-bootstrap.R","dp-capsule-manifest-bootstrap","draft and signing phases never access protected data or expose protected hashes",2,0,FALSE,FALSE,0,0.730999999999995,0.0139999999999958,0.850999999999999,2
"test-dp-capsule-manifest-bootstrap.R","dp-capsule-manifest-bootstrap","Gaussian workload fragments are custodian-owned and signed",6,0,FALSE,FALSE,0,0.124000000000024,0.00200000000000244,0.128000000000043,6
"test-dp-capsule-manifest-bootstrap.R","dp-capsule-manifest-bootstrap","Gaussian AR1 working-GLS workload fragments bind cluster and order",4,0,FALSE,FALSE,0,0.201999999999998,0,0.20799999999997,4
"test-dp-capsule-manifest-bootstrap.R","dp-capsule-manifest-bootstrap","Gaussian AR1 robust sandwich workload binds its clipping contract",3,0,FALSE,FALSE,0,0.137999999999977,0,0.139999999999986,3
"test-dp-capsule-manifest-bootstrap.R","dp-capsule-manifest-bootstrap","ambiguous multi-dataset policy rejects unless custodian mapping is exact",4,0,FALSE,FALSE,0,0.0659999999999741,0.000999999999997669,0.07000000000005,4
"test-dp-capsule-manifest-bootstrap.R","dp-capsule-manifest-bootstrap","schema tampering, invented snapshots and incomplete signatures fail typed",5,0,FALSE,FALSE,0,1.61000000000001,0.0320000000000036,1.81399999999996,5
"test-dp-capsule-manifest-bootstrap.R","dp-capsule-manifest-bootstrap","durable memoization replays exact bytes and gates arbitrary manifests",5,0,FALSE,FALSE,0,2.45800000000003,0.122,2.78300000000002,5
"test-dp-capsule-manifest-bootstrap.R","dp-capsule-manifest-bootstrap","authenticated v4 cache rows remain readable for historical replay",2,0,FALSE,FALSE,0,0.0110000000000241,0,0.0119999999999436,2
"test-dp-capsule-materializer.R","dp-capsule-materializer","local capsule coordinates have the exact canonical order",18,0,FALSE,FALSE,0,0.76600000000002,0.0290000000000035,0.858000000000061,18
"test-dp-capsule-materializer.R","dp-capsule-materializer","random-intercept LMM source coordinates are bounded patient moments",9,0,FALSE,FALSE,0,0.432000000000016,0.00199999999999534,0.471000000000004,9
"test-dp-capsule-materializer.R","dp-capsule-materializer","random-intercept LMM source rejects a cluster over its signed cap",1,0,FALSE,FALSE,0,0.341000000000008,0.00600000000000023,0.38900000000001,1
"test-dp-capsule-materializer.R","dp-capsule-materializer","random-intercept LMM source respects its one-patient sensitivity",5,0,FALSE,FALSE,0,0.623999999999967,0.034000000000006,0.68100000000004,5
"test-dp-capsule-materializer.R","dp-capsule-materializer","fixed-effect random-intercept LMM emits GLS sufficient statistics",10,0,FALSE,FALSE,0,0.40300000000002,0.00300000000000011,0.430999999999926,10
"test-dp-capsule-materializer.R","dp-capsule-materializer","fixed-effect REML LMM materializes the same signed statistics",3,0,FALSE,FALSE,0,0.504999999999995,0.0189999999999984,0.546999999999912,3
"test-dp-capsule-materializer.R","dp-capsule-materializer","fixed-effect random-intercept LMM source respects signed sensitivity",3,0,FALSE,FALSE,0,0.552999999999997,0.0319999999999965,0.620999999999981,3
"test-dp-capsule-materializer.R","dp-capsule-materializer","binary random-intercept GLMM grid emits only bounded cluster losses",9,0,FALSE,FALSE,0,0.449999999999989,0.00300000000000011,0.494000000000028,9
"test-dp-capsule-materializer.R","dp-capsule-materializer","binary random-intercept GLMM grid honours its signed sensitivity",2,0,FALSE,FALSE,0,0.600999999999999,0.00300000000000011,0.628000000000043,2
"test-dp-capsule-materializer.R","dp-capsule-materializer","Poisson random-intercept GLMM grid emits bounded cluster losses",9,0,FALSE,FALSE,0,0.817000000000007,0.00200000000000244,0.894999999999982,9
"test-dp-capsule-materializer.R","dp-capsule-materializer","Poisson random-slope GLMM grid emits bounded two-effect losses",8,0,FALSE,FALSE,0,0.838999999999999,0.0249999999999986,0.889999999999986,8
"test-dp-capsule-materializer.R","dp-capsule-materializer","Poisson GLMM grid emits bounded four-effect random-slope losses",6,0,FALSE,FALSE,0,0.602000000000032,0.00600000000000023,0.636000000000081,6
"test-dp-capsule-materializer.R","dp-capsule-materializer","binomial and Poisson finite L1 paths emit bounded signed losses",18,0,FALSE,FALSE,0,1.37799999999999,0.0069999999999979,1.447,18
"test-dp-capsule-materializer.R","dp-capsule-materializer","robust binomial and Poisson independence GEE grids bind sandwich coordinates",14,0,FALSE,FALSE,0,1.209,0.0330000000000013,1.32100000000003,14
"test-dp-capsule-materializer.R","dp-capsule-materializer","binary random-slope GLMM grid emits bounded two-effect losses",7,0,FALSE,FALSE,0,0.597999999999956,0.00600000000000023,0.628999999999905,7
"test-dp-capsule-materializer.R","dp-capsule-materializer","binary GLMM grid supports two signed random slopes with 9-cubed quadrature",6,0,FALSE,FALSE,0,0.519000000000005,0.00300000000000011,0.597999999999956,6
"test-dp-capsule-materializer.R","dp-capsule-materializer","binary GLMM grid supports three signed random slopes with 9-to-the-fourth quadrature",7,0,FALSE,FALSE,0,0.784999999999968,0.0140000000000029,0.841000000000008,7
"test-dp-capsule-materializer.R","dp-capsule-materializer","Gaussian random-slope LMM grid emits only clipped cluster losses",8,0,FALSE,FALSE,0,0.613,0.0350000000000037,0.706999999999994,8
"test-dp-capsule-materializer.R","dp-capsule-materializer","Gaussian random-slope LMM grid honours its signed sensitivity",2,0,FALSE,FALSE,0,0.675999999999988,0.00499999999999545,0.722999999999956,2
"test-dp-capsule-materializer.R","dp-capsule-materializer","Gaussian AR1 working-GLS grid emits only clipped cluster losses",7,0,FALSE,FALSE,0,0.467000000000041,0.0069999999999979,0.600999999999999,7
"test-dp-capsule-materializer.R","dp-capsule-materializer","Gaussian AR1 working-GLS grid honours patient sensitivity and rejects ties",3,0,FALSE,FALSE,0,0.641999999999996,0.00200000000000244,0.677000000000021,3
"test-dp-capsule-materializer.R","dp-capsule-materializer","Gaussian AR1 robust sandwich grid emits bounded shifted bread and meat",9,0,FALSE,FALSE,0,0.814999999999998,0.00300000000000011,0.850999999999999,9
"test-dp-capsule-materializer.R","dp-capsule-materializer","Cox partial-likelihood grid emits bounded Breslow losses",7,0,FALSE,FALSE,0,0.713999999999999,0.00200000000000244,0.759000000000015,7
"test-dp-capsule-materializer.R","dp-capsule-materializer","negative-binomial grid emits only bounded candidate losses",8,0,FALSE,FALSE,0,0.347000000000037,0.00399999999999778,0.383000000000038,8
"test-dp-capsule-materializer.R","dp-capsule-materializer","negative-binomial grid caps use the corrected dnbinom loss",38,0,FALSE,FALSE,0,0.514999999999986,0.00500000000000256,0.619000000000028,38
"test-dp-capsule-materializer.R","dp-capsule-materializer","negative-binomial v1 and mixed semantics fail before reading rows",16,0,FALSE,FALSE,0,1.03000000000003,0.027000000000001,1.11500000000001,16
"test-dp-capsule-materializer.R","dp-capsule-materializer","negative-binomial grid honours its signed sensitivity",2,0,FALSE,FALSE,0,0.579999999999984,0.00500000000000256,0.610000000000014,2
"test-dp-capsule-materializer.R","dp-capsule-materializer","multinomial grid emits only signed bounded softmax losses",8,0,FALSE,FALSE,0,0.427999999999997,0.00599999999999312,0.460000000000036,8
"test-dp-capsule-materializer.R","dp-capsule-materializer","multinomial grid honours its signed sensitivity",2,0,FALSE,FALSE,0,0.579999999999984,0.00500000000000256,0.607999999999947,2
"test-dp-capsule-materializer.R","dp-capsule-materializer","ordinal grid emits only signed bounded cumulative-logit losses",6,0,FALSE,FALSE,0,0.451999999999998,0.00300000000000011,0.504999999999995,6
"test-dp-capsule-materializer.R","dp-capsule-materializer","ordinal grid honours its signed sensitivity",2,0,FALSE,FALSE,0,0.609000000000037,0.00600000000000023,0.645000000000095,2
"test-dp-capsule-materializer.R","dp-capsule-materializer","numeric cache compaction preserves the full material byte for byte",4,0,FALSE,FALSE,0,0.483000000000004,0.0069999999999979,0.51299999999992,4
"test-dp-capsule-materializer.R","dp-capsule-materializer","numeric cache compaction retains only pair and Gaussian fields",5,0,FALSE,FALSE,0,0.0129999999999768,0.00200000000000244,0.0169999999999391,5
"test-dp-capsule-materializer.R","dp-capsule-materializer","catalog materialization emits only declared and referenced blocks",5,0,FALSE,FALSE,0,0.389999999999986,0.00500000000000256,0.419000000000096,5
"test-dp-capsule-materializer.R","dp-capsule-materializer","vertical peers fill only owned blocks and count has one owner",9,0,FALSE,FALSE,0,0.454000000000008,0.00600000000000023,0.511999999999944,9
"test-dp-capsule-materializer.R","dp-capsule-materializer","fixed histogram retains exact lower and clipped upper bounds",2,0,FALSE,FALSE,0,0.279999999999973,0.00300000000000011,0.310000000000059,2
"test-dp-capsule-materializer.R","dp-capsule-materializer","row order repeated records and invalid values keep one fixed transcript",23,0,FALSE,FALSE,0,2.52100000000002,0.0419999999999945,2.62400000000002,23
"test-dp-capsule-materializer.R","dp-capsule-materializer","strict categorical marginals reject unknown and conflicting admitted values",3,0,FALSE,FALSE,0,0.515999999999963,0.00300000000000011,0.543000000000006,3
"test-dp-capsule-materializer.R","dp-capsule-materializer","strict categorical pairs retain only complete joint cells",3,0,FALSE,FALSE,0,0.355999999999995,0.00300000000000011,0.38900000000001,3
"test-dp-capsule-materializer.R","dp-capsule-materializer","numeric pairs use pairwise-complete admitted units",3,0,FALSE,FALSE,0,0.286000000000001,0.00100000000000477,0.307999999999993,3
"test-dp-capsule-materializer.R","dp-capsule-materializer","numeric-pair sensitivity exhausts the finite lattice boundary",3,0,FALSE,FALSE,0,0.00599999999997181,0.000999999999997669,0.0080000000000382,3
"test-dp-capsule-materializer.R","dp-capsule-materializer","Gaussian model materializes one complete-case unit contribution",4,0,FALSE,FALSE,0,0.533999999999992,0.00300000000000011,0.566999999999894,4
"test-dp-capsule-materializer.R","dp-capsule-materializer","cross Gaussian source inputs are fixed-capacity private tail blocks",28,0,FALSE,FALSE,0,1.38900000000001,0.151000000000003,1.63199999999995,28
"test-dp-capsule-materializer.R","dp-capsule-materializer","padded v4 bindings drive one cross Gaussian alignment consensus",5,0,FALSE,FALSE,0,0.548000000000002,0.278999999999996,0.879000000000019,5
"test-dp-capsule-materializer.R","dp-capsule-materializer","incremental commitments cross value-block boundaries exactly",4,0,FALSE,FALSE,0,0.704999999999984,0.00200000000000244,0.734000000000037,4
"test-dp-capsule-materializer.R","dp-capsule-materializer","Gaussian statistic assembly preserves the canonical byte order",2,0,FALSE,FALSE,0,0.00799999999998136,0,0.00900000000001455,2
"test-dp-capsule-materializer.R","dp-capsule-materializer","Gaussian sensitivity bounds exhaust small neighbouring states",228,0,FALSE,FALSE,0,0.874000000000024,0.0249999999999986,1.16399999999999,228
"test-dp-capsule-materializer.R","dp-capsule-materializer","delayed-entry survival tie-breaking is row-order invariant",1,0,FALSE,FALSE,0,0.430999999999983,0.00399999999999778,0.460000000000036,1
"test-dp-capsule-materializer.R","dp-capsule-materializer","manifest snapshot and shape tampering fail before materialization",3,0,FALSE,FALSE,0,0.468000000000018,0.00200000000000244,0.504999999999995,3
"test-dp-capsule-materializer.R","dp-capsule-materializer","neighbour deltas satisfy every published L1 and L2 bound",31,0,FALSE,FALSE,0,0.916999999999973,0.00999999999999801,1.00800000000004,31
"test-dp-capsule-materializer.R","dp-capsule-materializer","the complete Gaussian workload satisfies common-lattice bounds",8,0,FALSE,FALSE,0,0.878000000000043,0.00600000000000023,0.953999999999951,8
"test-dp-capsule-materializer.R","dp-capsule-materializer","random complete-capsule neighbours satisfy composed bounds",1,0,FALSE,FALSE,0,33.74,0.0429999999999993,33.9970000000001,1
"test-dp-capsule-materializer.R","dp-capsule-materializer","large repeated snapshots materialize with bounded result state",4,0,FALSE,FALSE,0,0.532000000000039,0.0339999999999989,0.598999999999933,4
"test-dp-capsule-materializer.R","dp-capsule-materializer","signed coordinate bounds reject U+1 before secret sharing",6,0,FALSE,FALSE,0,0.338000000000022,0.0120000000000005,0.415000000000077,6
"test-dp-capsule-materializer.R","dp-capsule-materializer","local materializer creates no exported or remote surface",4,0,FALSE,FALSE,0,0.0179999999999723,0,0.0330000000000155,4
"test-dp-capsule-materializer.R","dp-capsule-materializer","finite binomial and Poisson grid losses are bounded and exact",6,0,FALSE,FALSE,0,0.0199999999999818,0.00100000000000477,0.0240000000000009,6
"test-dp-capsule-materializer.R","dp-capsule-materializer","cross-grid sensitivities agree with the same-owner workload builder",24,0,FALSE,FALSE,0,1.161,0.0169999999999959,1.33500000000004,24
"test-dp-capsule-source-transport.R","dp-capsule-source-transport","the capsule source store rejects linked SQLite files and sidecars",15,0,FALSE,FALSE,0,0.402999999999963,0.00900000000000034,0.424999999999955,15
"test-dp-capsule-source-transport.R","dp-capsule-source-transport","Gaussian one-draw authority requires the exact signed ticket pair",6,0,FALSE,FALSE,0,1.55500000000001,0.00900000000000034,1.60299999999995,6
"test-dp-capsule-source-transport.R","dp-capsule-source-transport","private source header commitments are domain-separated HMACs only",7,0,FALSE,FALSE,0,0.0190000000000055,0.00200000000000244,0.0350000000000819,7
"test-dp-capsule-source-transport.R","dp-capsule-source-transport","allocation gates precede source keys and raw materialization",7,0,FALSE,FALSE,0,0.884000000000015,0.0519999999999996,1.02499999999998,7
"test-dp-capsule-source-transport.R","dp-capsule-source-transport","Ring128 source splits are exact at boundaries and retain all mask bits",5,0,FALSE,FALSE,0,0.0289999999999964,0,0.0330000000000155,5
"test-dp-capsule-source-transport.R","dp-capsule-source-transport","K=2 source transport is opaque, ordered, sticky and exactly reconstructs",19,0,FALSE,FALSE,0,9.55199999999996,0.711999999999996,11.311,19
"test-dp-capsule-source-transport.R","dp-capsule-source-transport","K=3 through K=5 include every owner without extra noise shares",39,0,FALSE,FALSE,0,20.921,1.1,23.504,39
"test-dp-capsule-source-transport.R","dp-capsule-source-transport","paired ciphertext commits survive interruption without resplitting them",6,0,FALSE,FALSE,0,2.25799999999998,0.190999999999995,2.69399999999996,6
"test-dp-capsule-source-transport.R","dp-capsule-source-transport","lazy chunks bind one snapshot and complete only after every index",8,0,FALSE,FALSE,0,2.19299999999998,0.212000000000003,2.68399999999997,8
"test-dp-capsule-source-transport.R","dp-capsule-source-transport","the public source boundary redacts typed snapshot failures",1,0,FALSE,FALSE,0,0.0080000000000382,0,0.00699999999994816,1
"test-dp-capsule-source-transport.R","dp-capsule-source-transport","authenticated source-stream state rejects local tampering",1,0,FALSE,FALSE,0,1.14400000000001,0.0659999999999954,1.274,1
"test-dp-capsule-source-transport.R","dp-capsule-source-transport","concurrent lazy chunk retries commit one byte-identical pair",1,0,FALSE,FALSE,0,1.03899999999999,0.0960000000000036,2.48800000000006,1
"test-dp-capsule-source-transport.R","dp-capsule-source-transport","inbound reservation covers every durable source chunk receipt",3,0,FALSE,FALSE,0,5.58800000000008,0.0390000000000015,5.64600000000007,3
"test-dp-capsule-source-transport.R","dp-capsule-source-transport","recipient tickets reserve their durable key bytes for K=2,3,5",22,0,FALSE,FALSE,0,3.06799999999998,0.304000000000002,3.577,22
"test-dp-capsule-source-transport.R","dp-capsule-source-transport","recipient-ticket byte admission is exact, retryable and atomic",13,0,FALSE,FALSE,0,2.66899999999998,0.152999999999999,2.84699999999998,13
"test-dp-capsule-source-transport.R","dp-capsule-source-transport","legacy recipient-key rows migrate once and reconcile on restart",6,0,FALSE,FALSE,0,1.57100000000003,0.132999999999996,1.76400000000001,6
"test-dp-capsule-source-transport.R","dp-capsule-source-transport","authenticated capacity state cannot under-count recipient keys",2,0,FALSE,FALSE,0,0.54200000000003,0.0290000000000035,0.644000000000005,2
"test-dp-capsule-source-transport.R","dp-capsule-source-transport","one source reservation that can never fit is terminal",6,0,FALSE,FALSE,0,0.884999999999991,0.0570000000000022,0.997000000000071,6
"test-dp-capsule-source-transport.R","dp-capsule-source-transport","S-aware inbound bytes enforce exact boundary and restart",8,0,FALSE,FALSE,0,1.11800000000005,0.0679999999999978,1.19299999999998,8
"test-dp-capsule-source-transport.R","dp-capsule-source-transport","durable source bytes reconcile after rollback and process restart",10,0,FALSE,FALSE,0,0.855999999999995,0.0660000000000025,0.947000000000003,10
"test-dp-capsule-source-transport.R","dp-capsule-source-transport","global byte manager remains bounded across many durable stores",8,0,FALSE,FALSE,0,0.279999999999973,0.036999999999999,0.322000000000003,8
"test-dp-capsule-source-transport.R","dp-capsule-source-transport","128 SQLite source stores reconcile and vacuum only bounded pages",132,0,FALSE,FALSE,0,3.83899999999994,0.613,4.82899999999995,132
"test-dp-capsule-source-transport.R","dp-capsule-source-transport","concurrent recipient-ticket retries commit one byte-identical key",1,0,FALSE,FALSE,0,0.262000000000057,0.0549999999999997,0.907000000000039,1
"test-dp-capsule-source-transport.R","dp-capsule-source-transport","signed window negotiation wraps byte-identical legacy artifacts",23,0,FALSE,FALSE,0,3.55200000000002,0.295999999999999,3.91999999999996,23
"test-dp-capsule-source-transport.R","dp-capsule-source-transport","ticket transport contracts are bounded before service bootstrap",6,0,FALSE,FALSE,0,0.0990000000000464,0.00900000000000034,0.115999999999985,6
"test-dp-capsule-source-transport.R","dp-capsule-source-transport","byte-bounded source windows return exact canonical prefixes",15,0,FALSE,FALSE,0,0.279999999999973,0.0189999999999984,0.331000000000017,15
"test-dp-capsule-source-transport.R","dp-capsule-source-transport","new servers enforce old-client and adaptive source caps",5,0,FALSE,FALSE,0,0.162000000000035,0.00300000000000011,0.175999999999931,5
"test-dp-capsule-source-transport.R","dp-capsule-source-transport","recipient windows are ordered idempotent and byte bounded",5,0,FALSE,FALSE,0,0.144999999999982,0.0140000000000029,0.166999999999916,5
"test-dp-capsule-source-transport.R","dp-capsule-source-transport","new recipients enforce old-client and adaptive accept caps",8,0,FALSE,FALSE,0,0.532000000000039,0.046999999999997,0.598999999999933,8
"test-dp-capsule-workload.R","dp-capsule-workload","a local categorical scope materializes a true projected vector",13,0,FALSE,FALSE,0,0.405999999999949,0.0130000000000052,0.424999999999955,13
"test-dp-capsule-workload.R","dp-capsule-workload","biomedical capsule manifest covers every supported family",60,0,FALSE,FALSE,0,0.447999999999979,0.088000000000001,0.578999999999951,60
"test-dp-capsule-workload.R","dp-capsule-workload","count, univariate and pairwise numeric sensitivities are valid",23,0,FALSE,FALSE,0,0.41599999999994,0.0129999999999981,0.437000000000012,23
"test-dp-capsule-workload.R","dp-capsule-workload","per-operation L2 guards dominate adversarial binary64 oracles",8,0,FALSE,FALSE,0,0.299000000000092,0.0129999999999981,0.313999999999965,8
"test-dp-capsule-workload.R","dp-capsule-workload","signed Gaussian artifacts have bounded global sensitivity",32,0,FALSE,FALSE,0,0.914999999999964,0.00300000000000011,0.938999999999965,32
"test-dp-capsule-workload.R","dp-capsule-workload","cross Gaussian K=3 through K=5 fixes two computation peers",24,0,FALSE,FALSE,0,0.875,0.0309999999999988,0.919999999999959,24
"test-dp-capsule-workload.R","dp-capsule-workload","common output lattice removes numeric-grid scale imbalance",10,0,FALSE,FALSE,0,0.230000000000018,0,0.235000000000014,10
"test-dp-capsule-workload.R","dp-capsule-workload","Describe reuses numeric moments and canonical histogram primitives",8,0,FALSE,FALSE,0,0.425000000000068,0.0249999999999986,0.461000000000013,8
"test-dp-capsule-workload.R","dp-capsule-workload","semantic reordering cannot reroll a capsule",44,0,FALSE,FALSE,0,8.05499999999995,0.111000000000004,8.274,44
"test-dp-capsule-workload.R","dp-capsule-workload","vertical owners derive one identity for the declared coordinate vector",9,0,FALSE,FALSE,0,0.653999999999996,0.0109999999999957,0.677000000000021,9
"test-dp-capsule-workload.R","dp-capsule-workload","K=3 through K=5 custodians attest but cannot allocate noise",12,0,FALSE,FALSE,0,1.33100000000002,0.0230000000000032,1.375,12
"test-dp-capsule-workload.R","dp-capsule-workload","semantic inputs, but not a local noise epoch, change capsule identity",6,0,FALSE,FALSE,0,1.28200000000004,0.0140000000000029,1.31099999999992,6
"test-dp-capsule-workload.R","dp-capsule-workload","signed ownership fails closed and vertical work remains reserved",11,0,FALSE,FALSE,0,0.772000000000048,0,0.807000000000016,11
"test-dp-capsule-workload.R","dp-capsule-workload","custodian catalog excludes undeclared primitives and deduplicates references",13,0,FALSE,FALSE,0,0.391999999999939,0.00199999999999534,0.399000000000001,13
"test-dp-capsule-workload.R","dp-capsule-workload","signed method specifications populate an otherwise empty catalog once",6,0,FALSE,FALSE,0,0.230999999999995,0.00200000000000244,0.235000000000014,6
"test-dp-capsule-workload.R","dp-capsule-workload","LMM grouping labels remain signed metadata, not released marginals",4,0,FALSE,FALSE,0,0.205000000000041,0,0.213000000000079,4
"test-dp-capsule-workload.R","dp-capsule-workload","fixed-effect LMM REML is an explicit signed workload profile",5,0,FALSE,FALSE,0,0.321000000000026,0,0.326999999999998,5
"test-dp-capsule-workload.R","dp-capsule-workload","count and admission remain present with an empty catalog",4,0,FALSE,FALSE,0,0.120000000000005,0,0.120999999999981,4
"test-dp-capsule-workload.R","dp-capsule-workload","catalog scope scales linearly while explicit all-schema preserves quadratic coverage",6,0,FALSE,FALSE,0,2.13199999999995,0.00200000000000244,2.15499999999997,6
"test-dp-capsule-workload.R","dp-capsule-workload","explicit all-schema is byte-compatible with the compatibility default",1,0,FALSE,FALSE,0,0.331000000000017,0,0.33299999999997,1
"test-dp-capsule-workload.R","dp-capsule-workload","different peer scopes cannot authorize one another before data access",4,0,FALSE,FALSE,0,0.331000000000017,0.0229999999999961,0.367000000000075,4
"test-dp-capsule-workload.R","dp-capsule-workload","ambiguous malformed and oversized metadata is rejected",10,0,FALSE,FALSE,0,0.520999999999958,0.00200000000000244,0.531999999999925,10
"test-dp-capsule-workload.R","dp-capsule-workload","pure-DP policy selects one complete Laplace vector",3,0,FALSE,FALSE,0,0.168999999999983,0.000999999999997669,0.172000000000025,3
"test-dp-capsule-workload.R","dp-capsule-workload","exact Gaussian decimal calibration is conservatively directed",24,0,FALSE,FALSE,0,0.0240000000000009,0.00100000000000477,0.0350000000000819,24
"test-dp-capsule-workload.R","dp-capsule-workload","tiny default delta reserves implementation slack without blocking",13,0,FALSE,FALSE,0,0.201000000000022,0.00399999999999778,0.208999999999946,13
"test-dp-capsule-workload.R","dp-capsule-workload","eligible Gaussian still loses on a tie or worse utility",8,0,FALSE,FALSE,0,0.202000000000112,0,0.205000000000041,8
"test-dp-capsule-workload.R","dp-capsule-workload","signed Gaussian columns distinguish duplicate physical names at K=2/3",20,0,FALSE,FALSE,0,1.14499999999998,0.00399999999999778,1.16599999999994,20
"test-dp-capsule-workload.R","dp-capsule-workload","qualified Gaussian references reject malformed owner bindings",3,0,FALSE,FALSE,0,0.0229999999999109,0,0.0240000000000009,3
"test-dp-categorical-cross.R","dp-categorical-cross","one capsule recipient never decrypts a complete alignment hash",13,0,FALSE,FALSE,0,2.05999999999995,0.0679999999999978,2.18100000000004,13
"test-dp-categorical-cross.R","dp-categorical-cross","padded v4 bindings drive one cross categorical alignment consensus",3,0,FALSE,FALSE,0,0.548999999999978,0.0110000000000028,0.61099999999999,3
"test-dp-categorical-cross.R","dp-categorical-cross","cross categorical descriptor fixes domains, order and sensitivity",11,0,FALSE,FALSE,0,0.347999999999956,0.00499999999999545,0.418999999999983,11
"test-dp-categorical-cross.R","dp-categorical-cross","cross categorical source is capacity padded and never fills release cells",7,0,FALSE,FALSE,0,0.694000000000074,0.007000000000005,0.749000000000024,7
"test-dp-categorical-cross.R","dp-categorical-cross","source-vector Claims bind both categorical cross owners",12,0,FALSE,FALSE,0,4.60299999999995,0.0489999999999995,4.79600000000005,12
"test-dp-categorical-cross.R","dp-categorical-cross","cross categorical private input binding requires signed allocation first",4,0,FALSE,FALSE,0,0.409999999999968,0.00199999999999534,0.455999999999904,4
"test-dp-categorical-cross.R","dp-categorical-cross","categorical exact producer accepts only the active fixed stage",2,0,FALSE,FALSE,0,0.0650000000000546,0,0.0710000000000264,2
"test-dp-categorical-cross.R","dp-categorical-cross","cross categorical binding preserves a synopsis source namespace",10,0,FALSE,FALSE,0,1.64600000000007,0.007000000000005,1.70100000000002,10
"test-dp-categorical-cross.R","dp-categorical-cross","categorical finalizer persists, authenticates and replays only shares",12,0,FALSE,FALSE,0,1.68200000000002,0.0640000000000001,1.78100000000006,12
"test-dp-count-analysis.R","dp-count-analysis","Count uses a local id alias under one semantic privacy unit",3,0,FALSE,FALSE,0,0.460000000000036,0.000999999999997669,0.461000000000013,3
"test-dp-count-analysis.R","dp-count-analysis","Count config is closed and stateless",9,0,FALSE,FALSE,0,0.120999999999981,0,0.129000000000019,9
"test-dp-count-analysis.R","dp-count-analysis","Count drafts use validated PSI membership, not run randomness",19,0,FALSE,FALSE,0,3.64700000000005,0.0970000000000013,3.76299999999992,19
"test-dp-count-analysis.R","dp-count-analysis","Count receipts require exact signatures, K and PSI consensus",6,0,FALSE,FALSE,0,1.16499999999996,0.0159999999999982,1.22199999999998,6
"test-dp-count-analysis.R","dp-count-analysis","Count planner receives implementation delta and proves exact bounds",5,0,FALSE,FALSE,0,0.385999999999967,0.00100000000000477,0.390999999999963,5
"test-dp-count-analysis.R","dp-count-analysis","Count contracts have one vertical count for K=2,3,5",21,0,FALSE,FALSE,0,1.95299999999997,0.000999999999997669,1.976,21
"test-dp-count-analysis.R","dp-count-analysis","Count authorization is server-held, canonical and K-generic",35,0,FALSE,FALSE,0,11.646,0.145000000000003,11.895,35
"test-dp-count-analysis.R","dp-count-analysis","Count authorization fails closed without partial session state",49,0,FALSE,FALSE,0,11.378,0.0829999999999984,13.585,49
"test-dp-count-analysis.R","dp-count-analysis","server-authoritative Count compile envelopes agree for K=2,3,5",42,0,FALSE,FALSE,0,2.346,0.0319999999999965,3.51099999999997,42
"test-dp-count-analysis.R","dp-count-analysis","fixed-cohort Count Compile is exact, signed and K-generic",56,0,FALSE,FALSE,0,0.405000000000086,0.027000000000001,0.695999999999913,56
"test-dp-count-analysis.R","dp-count-analysis","fixed-cohort Compile rejects invalid contracts without DP state",12,0,FALSE,FALSE,0,0.161999999999921,0.00800000000000267,0.272999999999911,12
"test-dp-count-analysis.R","dp-count-analysis","Count Compile rejects invalid direct mode before source access",3,0,FALSE,FALSE,0,0.0120000000000573,0.00300000000000011,0.0159999999999627,3
"test-dp-count-analysis.R","dp-count-analysis","Count server config uses only direct per-analysis options",11,0,FALSE,FALSE,0,0.105000000000018,0.000999999999997669,0.174999999999955,11
"test-dp-count-analysis.R","dp-count-analysis","Count source authorization matches attested semantics exactly",4,0,FALSE,FALSE,0,0.0459999999999354,0,0.0529999999999973,4
"test-dp-count-analysis.R","dp-count-analysis","Count server authorization separates local id aliases from privacy semantics",3,0,FALSE,FALSE,0,0.0320000000000391,0,0.0589999999999691,3
"test-dp-count-analysis.R","dp-count-analysis","Count compile endpoint has no policy, database or registry path",15,0,FALSE,FALSE,0,0.0330000000000155,0.00900000000000034,0.0520000000000209,15
"test-dp-count-execution.R","dp-count-execution","Count execution exposes only the new stateless phases",10,0,FALSE,FALSE,0,0.0270000000000437,0.000999999999997669,0.0320000000000391,10
"test-dp-count-execution.R","dp-count-execution","Count source encoding counts aligned membership once",5,0,FALSE,FALSE,0,0.0419999999999163,0,0.0869999999999891,5
"test-dp-count-execution.R","dp-count-execution","public Count authorization is signed, sticky and K-generic",46,0,FALSE,FALSE,0,13.659,0.369,20.8100000000001,46
"test-dp-count-execution.R","dp-count-execution","Authorize accepts only framed canonical arrays and rolls back",7,0,FALSE,FALSE,0,4.94600000000003,0.0470000000000041,7.37400000000002,7
"test-dp-count-execution.R","dp-count-execution","Start stages aligned Count once at garbler and zero at evaluator",25,0,FALSE,FALSE,0,3.5619999999999,0.161000000000001,5.53899999999999,25
"test-dp-count-execution.R","dp-count-execution","Start fails before inspecting a source without authorization bind",3,0,FALSE,FALSE,0,1.57000000000005,0.044000000000004,2.4430000000001,3
"test-dp-count-execution.R","dp-count-execution","snapshot revalidation reuses the signed sampler certificate",4,0,FALSE,FALSE,0,1.99800000000005,0.0439999999999969,3.00199999999995,4
"test-dp-count-execution.R","dp-count-execution","final payload is closed and final-share response leaks no share",10,0,FALSE,FALSE,0,2.56700000000001,0.110999999999997,3.96000000000004,10
"test-dp-count-execution.R","dp-count-execution","Ring127 reconstruction is exact modulo 2^127",3,0,FALSE,FALSE,0,0.0209999999999582,0.00200000000000244,0.0520000000000209,3
"test-dp-count-execution.R","dp-count-execution","Release opens once, validates XOR/range and retries cleanup",19,0,FALSE,FALSE,0,2.30400000000009,0.0679999999999978,3.51599999999996,19
"test-dp-count-execution.R","dp-count-execution","signed release bytes exclude session and operation identity",4,0,FALSE,FALSE,0,4.54599999999994,0.164000000000001,7.07799999999997,4
"test-dp-count-execution.R","dp-count-execution","Count execution has no retired privacy-state call graph",1,0,FALSE,FALSE,0,0.00300000000004275,0.000999999999997669,0.01400000000001,1
"test-dp-dataset-descriptor.R","dp-dataset-descriptor","the local DP descriptor rejects raw and generic-manifest objects",5,0,FALSE,FALSE,0,0.0430000000000064,0.00400000000000489,0.0750000000000455,5
"test-dp-dataset-descriptor.R","dp-dataset-descriptor","the local DP descriptor is absent from every remote and public surface",4,0,FALSE,FALSE,0,0.0389999999999873,0.00199999999999534,0.0539999999999736,4
"test-dp-dataset-descriptor.R","dp-dataset-descriptor","the aligned-dataset registry rechecks its directory after chmod",2,0,FALSE,FALSE,0,0.01400000000001,0,0.0339999999999918,2
"test-dp-dataset-descriptor.R","dp-dataset-descriptor","a padded v4 descriptor is bound to the active peer pinset",5,0,FALSE,FALSE,0,0.0570000000000164,0,0.0599999999999454,5
"test-dp-dataset-descriptor.R","dp-dataset-descriptor","padded v5 keeps local id aliases out of the semantic binding",6,0,FALSE,FALSE,0,0.267000000000053,0.0300000000000011,0.499000000000024,6
"test-dp-describe.R","dp-describe","describe spec fixes variables, grids, allocation and shape",8,0,FALSE,FALSE,0,0.0289999999999964,0,0.0329999999999018,8
"test-dp-describe.R","dp-describe","integer sufficient statistics match the central no-noise oracle",3,0,FALSE,FALSE,0,0.01299999999992,0.00200000000000244,0.0230000000000246,3
"test-dp-describe.R","dp-describe","patient collapse clips before averaging and invalid values use a fixed bin",3,0,FALSE,FALSE,0,0.0180000000000291,0,0.0529999999999973,3
"test-dp-describe.R","dp-describe","bounds and public endpoints map to fixed histogram bins",1,0,FALSE,FALSE,0,0.00900000000001455,0,0.00899999999990087,1
"test-dp-describe.R","dp-describe","add-remove L1 sensitivity holds per patient and overall",4,0,FALSE,FALSE,0,0.0109999999999673,0.000999999999997669,0.0150000000001,4
"test-dp-describe.R","dp-describe","invalid patient identifiers fail stable admission",1,0,FALSE,FALSE,0,0.0109999999999673,0,0.0119999999999436,1
"test-dp-describe.R","dp-describe","histogram epsilon is per vector, never divided across bins",5,0,FALSE,FALSE,0,0.0149999999999864,0,0.0620000000000118,5
"test-dp-describe.R","dp-describe","public dimension and numeric guards fail before protected data",2,0,FALSE,FALSE,0,0.0600000000000591,0.0180000000000007,0.13900000000001,2
"test-dp-designated-peer-autoselect.R","dp-designated-peer-autoselect","missing noise-peer override deterministically selects two pinned peers",4,0,FALSE,FALSE,0,0.0149999999999864,0,0.0449999999999591,4
"test-dp-designated-peer-autoselect.R","dp-designated-peer-autoselect","K=3 through K=5 contexts bind the same automatic pair",9,0,FALSE,FALSE,0,0.0389999999999873,0.00200000000000244,0.0489999999999782,9
"test-dp-frequency-analysis.R","dp-frequency-analysis","Frequency Claim exposes one pinned public factor entry only",13,0,FALSE,FALSE,0,0.245999999999981,0.0289999999999964,0.423999999999978,13
"test-dp-frequency-analysis.R","dp-frequency-analysis","Frequency Claim is metadata-only, canonical and fail-closed",7,0,FALSE,FALSE,0,0.280999999999949,0.0220000000000056,0.486999999999966,7
"test-dp-frequency-analysis.R","dp-frequency-analysis","Frequency Claim keeps its closed core behind the exact public ABI",4,0,FALSE,FALSE,0,0.0110000000000809,0.00199999999999534,0.0270000000000437,4
"test-dp-frequency-analysis.R","dp-frequency-analysis","Frequency Claim rejects oversized crypto fields before decoding",8,0,FALSE,FALSE,0,0.0639999999999645,0.00300000000000011,0.108000000000061,8
"test-dp-frequency-analysis.R","dp-frequency-analysis","Frequency uses local id aliases under one semantic privacy unit",6,0,FALSE,FALSE,0,1.20300000000009,0.0590000000000046,1.971,6
"test-dp-frequency-analysis.R","dp-frequency-analysis","Frequency local compiler gates and selects before source access",15,0,FALSE,FALSE,0,0.238999999999919,0.0269999999999939,0.477999999999952,15
"test-dp-frequency-analysis.R","dp-frequency-analysis","Frequency server-held source owner rejects a valid alternate Claim",5,0,FALSE,FALSE,0,0.0889999999999418,0.00800000000000267,0.13900000000001,5
"test-dp-frequency-analysis.R","dp-frequency-analysis","Frequency config and receipt bound untrusted crypto and names",4,0,FALSE,FALSE,0,0.227000000000089,0.00300000000000011,0.382000000000062,4
"test-dp-frequency-analysis.R","dp-frequency-analysis","Frequency compiles identical K-wide consensus for K=2,3,5",38,0,FALSE,FALSE,0,3.27800000000002,0.0870000000000033,5.43200000000002,38
"test-dp-frequency-analysis.R","dp-frequency-analysis","Frequency worker is invariant across canonical DSV1",10,0,FALSE,FALSE,0,2.48399999999992,0.0279999999999987,4.24199999999996,10
"test-dp-frequency-analysis.R","dp-frequency-analysis","Frequency derives sensitivity from both approved adjacencies",8,0,FALSE,FALSE,0,1.56400000000008,0.019999999999996,2.74000000000001,8
"test-dp-frequency-analysis.R","dp-frequency-analysis","Frequency source snapshot binds labels by canonical level",16,0,FALSE,FALSE,0,1.23900000000003,0.0260000000000034,2.16800000000001,16
"test-dp-frequency-analysis.R","dp-frequency-analysis","Frequency receipt consensus rejects partial and mixed evidence",10,0,FALSE,FALSE,0,1.62099999999998,0.00799999999999557,3.01800000000003,10
"test-dp-frequency-analysis.R","dp-frequency-analysis","Frequency PSI reruns do not reroll the sticky artifact",17,0,FALSE,FALSE,0,3.96199999999999,0.0390000000000015,7.09199999999998,17
"test-dp-frequency-analysis.R","dp-frequency-analysis","Frequency authorization is two-role, sticky and atomic",96,0,FALSE,FALSE,0,32.652,13.231,83.4380000000001,96
"test-dp-frequency-analysis.R","dp-frequency-analysis","Frequency public authorization is closed, signed and K-generic",54,0,FALSE,FALSE,0,17.976,50.427,221.545,54
"test-dp-frequency-analysis.R","dp-frequency-analysis","Frequency public authorization rejects tampering and oversize",25,0,FALSE,FALSE,0,10.05,0.0720000000000027,12.827,25
"test-dp-frequency-analysis.R","dp-frequency-analysis","Frequency public authorization is idempotent and fail-closed",12,0,FALSE,FALSE,0,6.83199999999999,0.0939999999999941,8.81399999999985,12
"test-dp-frequency-analysis.R","dp-frequency-analysis","Frequency authorization never partially overwrites state",12,0,FALSE,FALSE,0,4.00400000000002,0.00199999999999534,5.16499999999996,12
"test-dp-frequency-analysis.R","dp-frequency-analysis","Frequency sticky authorization is invariant across sessions",11,0,FALSE,FALSE,0,6.14399999999989,0.00400000000000489,8.02500000000009,11
"test-dp-frequency-analysis.R","dp-frequency-analysis","Frequency authorization preserves incompatible session state",23,0,FALSE,FALSE,0,11.9069999999999,0.00499999999999545,15.095,23
"test-dp-frequency-execution.R","dp-frequency-execution","Frequency geometry is fixed for every d boundary",24,0,FALSE,FALSE,0,0.0299999999999727,0,0.0729999999998654,24
"test-dp-frequency-execution.R","dp-frequency-execution","Frequency authorization is K-generic and transport-bound",9,0,FALSE,FALSE,0,0.166000000000054,0.00200000000000955,0.211999999999989,9
"test-dp-frequency-execution.R","dp-frequency-execution","Frequency histogram matches snapshot raw-code semantics",1,0,FALSE,FALSE,0,0.00999999999999091,0,0.0100000000002183,1
"test-dp-frequency-execution.R","dp-frequency-execution","default Frequency transport uses canonical fixed inputs",8,0,FALSE,FALSE,0,0.266999999999939,0.00600000000000023,0.305999999999813,8
"test-dp-frequency-execution.R","dp-frequency-execution","source gates access, derives recipient, pads fixed and retries",23,0,FALSE,FALSE,0,0.416000000000054,0.00699999999999079,0.539999999999964,23
"test-dp-frequency-execution.R","dp-frequency-execution","source retry reuses a transfer when typed commit is interrupted",10,0,FALSE,FALSE,0,0.235000000000014,0.00400000000000489,0.27800000000002,10
"test-dp-frequency-execution.R","dp-frequency-execution","both physical profiles finalize one signed opening",144,0,FALSE,FALSE,0,4.29199999999992,0.0570000000000022,5.41999999999985,144
"test-dp-frequency-execution.R","dp-frequency-execution","multi-window source resolves once and progress is data-free",21,0,FALSE,FALSE,0,1.63499999999999,0.00799999999999557,2.0010000000002,21
"test-dp-frequency-execution.R","dp-frequency-execution","mutation fails, sticky sessions agree, delivery and cleanup close",16,0,FALSE,FALSE,0,0.346000000000004,0.00400000000000489,0.44199999999978,16
"test-dp-frequency-surface.R","dp-frequency-surface","Frequency public ABI is exact and purpose-bound",12,0,FALSE,FALSE,0,0.0210000000000719,0.00499999999999545,0.0550000000000637,12
"test-dp-frequency-surface.R","dp-frequency-surface","Frequency settings require one explicit server-held source owner",5,0,FALSE,FALSE,0,0.0410000000000537,0,0.043999999999869,5
"test-dp-frequency-surface.R","dp-frequency-surface","Frequency surface delegates one closed server lifecycle",14,0,FALSE,FALSE,0,0.0219999999999345,0.00100000000000477,0.0510000000001583,14
"test-dp-frequency-surface.R","dp-frequency-surface","Frequency cleanup rejects a foreign session shell",3,0,FALSE,FALSE,0,0.00900000000001455,0.00199999999999534,0.01299999999992,3
"test-dp-frequency-surface.R","dp-frequency-surface","Frequency surface rejects malformed wire before protected access",9,0,FALSE,FALSE,0,0.0260000000000673,0.00300000000000011,0.0450000000000728,9
"test-dp-gaussian-cross.R","dp-gaussian-cross","cross Gaussian Ring128 reduction is segmented and contract checked",3,0,FALSE,FALSE,0,0.0449999999999591,0.00100000000000477,0.0589999999999691,3
"test-dp-gaussian-cross.R","dp-gaussian-cross","cross Gaussian Ring128 reduction keeps a single segment as an array",1,0,FALSE,FALSE,0,0.0180000000000291,0,0.08400000000006,1
"test-dp-gaussian-cross.R","dp-gaussian-cross","cross Gaussian release assembly exactly follows v2 coordinate order",2,0,FALSE,FALSE,0,0.0439999999999827,0.00300000000000011,0.0470000000000255,2
"test-dp-gaussian-cross.R","dp-gaussian-cross","cross Gaussian exact manifests accept only the active producer stage",3,0,FALSE,FALSE,0,0.0170000000000528,0,0.0380000000000109,3
"test-dp-gaussian-cross.R","dp-gaussian-cross","cross Gaussian binding preserves a synopsis source namespace",11,0,FALSE,FALSE,0,2.14800000000002,0.0420000000000016,2.64899999999989,11
"test-dp-gaussian-cross.R","dp-gaussian-cross","cross Gaussian finalizer persists only an authenticated result share",19,0,FALSE,FALSE,0,2.44299999999998,0.114999999999995,3.05200000000013,19
"test-dp-glm-grid-cross-contract.R","dp-glm-grid-cross-contract","cross-grid signed contracts authenticate both families with real Ed25519",16,0,FALSE,FALSE,0,1.83699999999999,0.337999999999994,3.89600000000019,16
"test-dp-glm-grid-cross-contract.R","dp-glm-grid-cross-contract","cross-grid signatures bind bounds, every owner and the compute pair",11,0,FALSE,FALSE,0,2.02300000000002,0.353000000000009,4.09999999999991,11
"test-dp-glm-grid-cross-contract.R","dp-glm-grid-cross-contract","cross-grid structural validators reject signed malformed public plans",46,0,FALSE,FALSE,0,5.05799999999999,0.929000000000002,10.364,46
"test-dp-glm-grid-cross-contract.R","dp-glm-grid-cross-contract","cross-grid private layout separates f50 inputs, integer outcome and bits",8,0,FALSE,FALSE,0,0.20900000000006,0.0220000000000056,0.469000000000051,8
"test-dp-glm-grid-cross-contract.R","dp-glm-grid-cross-contract","cross-grid bounds reject unrepresentable capacities and unsupported dimensions",26,0,FALSE,FALSE,0,1.16200000000003,0.161999999999992,1.83200000000011,26
"test-dp-glm-grid-cross-contract.R","dp-glm-grid-cross-contract","cross-grid loss caps and adjacency use the existing public formulas",48,0,FALSE,FALSE,0,0.543999999999983,0.124000000000009,1.125,48
"test-dp-glm-grid-cross-contract.R","dp-glm-grid-cross-contract","cross-grid profile coefficients, proof and numeric template are immutable",3,0,FALSE,FALSE,0,0.110000000000014,0.00300000000000011,0.139999999999873,3
"test-dp-glm-grid-cross-contract.R","dp-glm-grid-cross-contract","cross-grid signed zero encoding survives canonical round trips",4,0,FALSE,FALSE,0,1.97400000000005,0.301000000000002,3.32199999999989,4
"test-dp-glm-grid-cross-contract.R","dp-glm-grid-cross-contract","cross-grid beta L1 comparison is exact at the public boundary",9,0,FALSE,FALSE,0,0.40300000000002,0.0489999999999924,0.707000000000107,9
"test-dp-glm-grid-cross-contract.R","dp-glm-grid-cross-contract","cross-grid scalar identifiers reject JSON array representations",4,0,FALSE,FALSE,0,0.416999999999916,0.0849999999999937,0.864000000000033,4
"test-dp-glm-grid-cross-contract.R","dp-glm-grid-cross-contract","piecewise admission pins new arithmetic, caps and all signatures",22,0,FALSE,FALSE,0,3.726,0.731999999999999,7.33899999999994,22
"test-dp-glm-grid-cross-contract.R","dp-glm-grid-cross-contract","piecewise source projection preserves frozen f50/f0 slots",32,0,FALSE,FALSE,0,0.865000000000009,0.222000000000008,1.72199999999998,32
"test-dp-glm-grid-cross-contract.R","dp-glm-grid-cross-contract","grid staging uses the exact worker wire encoding and stable keys",6,0,FALSE,FALSE,0,0.951000000000022,0.161999999999992,1.74400000000014,6
"test-dp-glm-grid-cross-contract.R","dp-glm-grid-cross-contract","only the signed grid catalog selects the expanded joint-GC policy",11,0,FALSE,FALSE,0,1.23699999999997,0.140000000000001,2.11300000000006,11
"test-dp-glm-grid-cross-contract.R","dp-glm-grid-cross-contract","cross-grid workload admission and source contracts bind the new projection",7,0,FALSE,FALSE,0,1.32000000000005,0.12700000000001,2.1579999999999,7
"test-dp-glm-grid-cross-contract.R","dp-glm-grid-cross-contract","fused grid source reads require the matching bilateral digest gate",13,0,FALSE,FALSE,0,2.51900000000001,0.159999999999997,3.27300000000014,13
"test-dp-glm-grid-cross-contract.R","dp-glm-grid-cross-contract","cross-grid private records resume across R processes and reject tampering",7,0,FALSE,FALSE,0,1.17700000000002,0.180999999999997,20.1489999999999,7
"test-dp-glm-grid-cross-contract.R","dp-glm-grid-cross-contract","cross-grid bootstrap binds the public plan without a circular schema hash",3,0,FALSE,FALSE,0,0.894999999999982,0.271999999999991,1.75600000000009,3
"test-dp-glm-grid-cross-contract.R","dp-glm-grid-cross-contract","session admission cannot be reused for changed public grid inputs",16,0,FALSE,FALSE,0,0.0930000000000746,0,0.105000000000018,16
"test-dp-glm-grid-cross-contract.R","dp-glm-grid-cross-contract","durable batch reuse authenticates the stored plan and private widths",5,0,FALSE,FALSE,0,0.933999999999969,0.141999999999996,1.65800000000013,5
"test-dp-glm-grid-cross-contract.R","dp-glm-grid-cross-contract","structured snapshot identity reaches a fixed point without enabling release",30,0,FALSE,FALSE,0,0.0960000000000036,0.0229999999999961,0.136999999999944,30
"test-dp-glm-grid-cross-integer.R","dp-glm-grid-cross-integer","pure R multiword arithmetic handles signed ties and wide products",18,0,FALSE,FALSE,0,0.0430000000000064,0.007000000000005,0.0570000000000164,18
"test-dp-glm-grid-cross-integer.R","dp-glm-grid-cross-integer","pure R circuit agrees bit for bit with the shared integer fixtures",4,0,FALSE,FALSE,0,8.60299999999995,0.222999999999999,8.83899999999994,4
"test-dp-glm-grid-cross-integer.R","dp-glm-grid-cross-integer","fixed point endpoints and nonlinear zero lie within the certificate",10,0,FALSE,FALSE,0,0.941000000000031,0.0239999999999867,0.979000000000042,10
"test-dp-glm-grid-cross-integer.R","dp-glm-grid-cross-integer","every output precision clamps then rounds ties to even",143,0,FALSE,FALSE,0,0.22199999999998,0.00600000000000023,0.295000000000073,143
"test-dp-glm-grid-cross-integer.R","dp-glm-grid-cross-integer","dot products retain wide products and do not depend on owner grouping",2,0,FALSE,FALSE,0,0.0410000000000537,0,0.0419999999999163,2
"test-dp-glm-grid-cross-integer.R","dp-glm-grid-cross-integer","encoded coefficients preserve the certified L1 rounding slack",1,0,FALSE,FALSE,0,1.86000000000001,0.0330000000000013,1.91100000000006,1
"test-dp-nb-loss.R","dp-nb-loss","NB2 quantized row losses agree with the independent dnbinom oracle",4,0,FALSE,FALSE,0,0.0330000000000155,0.00199999999999534,0.0380000000000109,4
"test-dp-nb-loss.R","dp-nb-loss","NB2 losses stay finite beyond the exponential range",6,0,FALSE,FALSE,0,0.0109999999999673,0,0.0139999999998963,6
"test-dp-nb-loss.R","dp-nb-loss","NB2 malformed row inputs fail without disclosing their values",5,0,FALSE,FALSE,0,0.0249999999999773,0.00100000000000477,0.02800000000002,5
"test-dp-nb-loss.R","dp-nb-loss","NB2 canonical row includes the count log denominator term",2,0,FALSE,FALSE,0,0.00499999999999545,0,0.0150000000001,2
"test-dp-policy-ledger.R","dp-policy-ledger","legacy DP policy lazily initializes its noise root",4,0,FALSE,FALSE,0,0.07000000000005,0.00600000000000023,0.0860000000000127,4
"test-dp-policy-ledger.R","dp-policy-ledger","DP configuration has one custodian-owned safe mode",21,0,FALSE,FALSE,0,1.44499999999994,0.0750000000000028,1.80200000000013,21
"test-dp-policy-ledger.R","dp-policy-ledger","automatic aligned-dataset resolution is production-binding only",8,0,FALSE,FALSE,0,0.0739999999999554,0.00999999999999091,0.107999999999947,8
"test-dp-policy-ledger.R","dp-policy-ledger","the automatic capsule delta certifies Count without configuration",3,0,FALSE,FALSE,0,0.0640000000000782,0.00600000000000023,0.0879999999999654,3
"test-dp-policy-ledger.R","dp-policy-ledger","production rejects an inexactly excessive lifetime composition",5,0,FALSE,FALSE,0,0.267000000000053,0.0230000000000103,0.347999999999956,5
"test-dp-policy-ledger.R","dp-policy-ledger","production derives K from pins and never divides the global budget",10,0,FALSE,FALSE,0,0.169999999999959,0.0109999999999957,0.222000000000207,10
"test-dp-policy-ledger.R","dp-policy-ledger","ledger path prefixes remain owner-only",9,0,FALSE,FALSE,0,0.0320000000000391,0.00799999999999557,0.0480000000000018,9
"test-dp-policy-ledger.R","dp-policy-ledger","protected DP datasets are bound to a custodian-approved snapshot",15,0,FALSE,FALSE,0,0.102999999999952,0.0120000000000005,0.148999999999887,15
"test-dp-policy-ledger.R","dp-policy-ledger","DP snapshot binding rejects an alignment on the wrong patient column",2,0,FALSE,FALSE,0,0.0410000000000537,0.00600000000000023,0.0670000000000073,2
"test-dp-policy-ledger.R","dp-policy-ledger","snapshot block commitments bind every row across chunk boundaries",4,0,FALSE,FALSE,0,0.126999999999953,0.00300000000000011,0.131000000000085,4
"test-dp-policy-ledger.R","dp-policy-ledger","snapshot canonicalization rejects executable column semantics",5,0,FALSE,FALSE,0,0.0889999999999418,0.0120000000000005,0.183999999999969,5
"test-dp-policy-ledger.R","dp-policy-ledger","snapshot canonicalization removes only validated Opal metadata",9,0,FALSE,FALSE,0,0.0539999999999736,0,0.0620000000001255,9
"test-dp-policy-ledger.R","dp-policy-ledger","a production snapshot is validated once and then stays immutable",7,0,FALSE,FALSE,0,0.0430000000000064,0,0.0459999999998217,7
"test-dp-policy-ledger.R","dp-policy-ledger","reference-mutable snapshots are copied and active bindings fail closed",5,0,FALSE,FALSE,0,0.0160000000000764,0,0.0209999999999582,5
"test-dp-policy-ledger.R","dp-policy-ledger","Google DP wrapper is strict and has no production R fallback",17,0,FALSE,FALSE,0,0.150999999999954,0.00300000000000011,0.171000000000049,17
"test-dp-policy-ledger.R","dp-policy-ledger","the packaged runtime implements the DP sampler command",4,0,FALSE,FALSE,0,0.0139999999998963,0.00100000000000477,0.0279999999997926,4
"test-dp-policy-ledger.R","dp-policy-ledger","the runtime accounts for approximate-Gaussian TV error",11,0,FALSE,FALSE,0,0.04200000000003,0.0120000000000005,0.0900000000001455,11
"test-dp-policy-ledger.R","dp-policy-ledger","fixed-domain tables bound each patient to one contribution",2,0,FALSE,FALSE,0,0.129000000000019,0.00900000000000034,0.166999999999916,2
"test-dp-policy-ledger.R","dp-policy-ledger","DP domains are bounded before protected data access or allocation",3,0,FALSE,FALSE,0,0.01400000000001,0,0.0150000000001,3
"test-dp-policy-ledger.R","dp-policy-ledger","numeric DP bounds reject overflow and underflow geometry",4,0,FALSE,FALSE,0,0.0170000000000528,0.000999999999990564,0.0180000000000291,4
"test-dp-policy-ledger.R","dp-policy-ledger","numeric contributions clip every row before patient collapse",3,0,FALSE,FALSE,0,0.00799999999992451,0.00100000000000477,0.00999999999999091,3
"test-dp-policy-ledger.R","dp-policy-ledger","DP noise roots are provisioned and domain separated",7,0,FALSE,FALSE,0,0.540000000000077,0.0259999999999962,0.686999999999898,7
"test-dp-policy-ledger.R","dp-policy-ledger","DP noise-root file bootstrap enforces owner-only storage",8,0,FALSE,FALSE,0,0.459999999999923,0.0409999999999968,0.589000000000169,8
"test-dp-policy-ledger.R","dp-policy-ledger","adjacency aliases canonicalize and capacity policy fails closed",11,0,FALSE,FALSE,0,0.338000000000079,0.0420000000000016,0.5,11
"test-dp-survival.R","dp-survival","custodian survival specs fix the public shape and sensitivity",9,0,FALSE,FALSE,0,0.0320000000000391,0.00400000000000489,0.043999999999869,9
"test-dp-survival.R","dp-survival","public lower, endpoint, and upper times have fixed ceiling bins",1,0,FALSE,FALSE,0,0.00199999999995271,0.00199999999999534,0.00300000000015643,1
"test-dp-survival.R","dp-survival","each patient has one fixed exit contribution and no exact release",10,0,FALSE,FALSE,0,0.0220000000000482,0.00300000000000011,0.0289999999999964,10
"test-dp-survival.R","dp-survival","invalid numeric outcomes enter the fixed survival quality bin",3,0,FALSE,FALSE,0,0.0109999999999673,0,0.0119999999999436,3
"test-dp-survival.R","dp-survival","left-truncated patients touch at most two fixed coordinates",8,0,FALSE,FALSE,0,0.01400000000001,0.00400000000000489,0.0209999999999582,8
"test-dp-survival.R","dp-survival","add-remove and replacement L1 bounds match the declared adjacency",4,0,FALSE,FALSE,0,0.0209999999999582,0.000999999999990564,0.0240000000001146,4
"test-dp-synopsis-analysis.R","dp-synopsis-analysis","source-vector Claim binds only the effective local release",39,0,FALSE,FALSE,0,7.12400000000002,0.236999999999995,7.38699999999994,39
"test-dp-synopsis-analysis.R","dp-synopsis-analysis","source-vector evidence borrows its producer without owning it",6,0,FALSE,FALSE,0,0.91700000000003,0.0110000000000099,0.932999999999993,6
"test-dp-synopsis-analysis.R","dp-synopsis-analysis","catalog projection namespaces signed catalog analysis IDs",5,0,FALSE,FALSE,0,0.206000000000017,0.00199999999999534,0.211000000000013,5
"test-dp-synopsis-analysis.R","dp-synopsis-analysis","source-vector HMAC selects semantic blocks, not transport shape",10,0,FALSE,FALSE,0,0.548999999999978,0.027000000000001,0.588999999999942,10
"test-dp-synopsis-analysis.R","dp-synopsis-analysis","local synopsis Claim authorizes the manifest before source access",12,0,FALSE,FALSE,0,0.805000000000064,0.00400000000000489,0.817999999999984,12
"test-dp-synopsis-artifact.R","dp-synopsis-artifact","the synopsis physical plan is data-free for exact and convolution",21,0,FALSE,FALSE,0,2.92999999999995,0.041000000000011,2.98000000000002,21
"test-dp-synopsis-artifact.R","dp-synopsis-artifact","artifact identity ignores lifecycle, signatures and plan operations",7,0,FALSE,FALSE,0,1.92099999999994,0.0189999999999912,1.94399999999996,7
"test-dp-synopsis-artifact.R","dp-synopsis-artifact","artifact identity binds every DP semantic dimension",10,0,FALSE,FALSE,0,8.12800000000004,0.0289999999999964,8.18599999999992,10
"test-dp-synopsis-artifact.R","dp-synopsis-artifact","physical planning rejects dimension and sensitivity mismatch",4,0,FALSE,FALSE,0,0.704999999999927,0.0289999999999964,0.739000000000033,4
"test-dp-synopsis-artifact.R","dp-synopsis-artifact","declared synopsis decimals reproduce Gaussian guarded requests",3,0,FALSE,FALSE,0,0.00499999999999545,0.00100000000000477,0.00700000000006185,3
"test-dp-synopsis-artifact.R","dp-synopsis-artifact","zero delta reaches Laplace planning but finite v3 plans fail closed",7,0,FALSE,FALSE,0,0.279999999999973,0.00100000000000477,0.282999999999902,7
"test-dp-synopsis-artifact.R","dp-synopsis-artifact","a manifest-certified Gaussian plan produces the same artifact",5,0,FALSE,FALSE,0,2.32500000000005,0.0720000000000027,17.3620000000001,5
"test-dp-synopsis-authorization.R","dp-synopsis-authorization","only the two synopsis noise authorities install session state",35,0,FALSE,FALSE,0,18.958,0.0949999999999989,19.153,35
"test-dp-synopsis-authorization.R","dp-synopsis-authorization","synopsis authorization is idempotent and conflict preserving",9,0,FALSE,FALSE,0,9.73000000000002,0.0479999999999876,9.79600000000005,9
"test-dp-synopsis-authorization.R","dp-synopsis-authorization","synopsis authorization rejects foreign state before cache access",24,0,FALSE,FALSE,0,1.54100000000005,0.041000000000011,1.74800000000005,24
"test-dp-synopsis-authorization.R","dp-synopsis-authorization","synopsis authorization leaves no state after invalid evidence",11,0,FALSE,FALSE,0,3.94100000000003,0.00300000000000011,3.97199999999998,11
"test-dp-synopsis-authorization.R","dp-synopsis-authorization","synopsis sticky seed excludes sessions, signatures and full plans",8,0,FALSE,FALSE,0,10.304,0.0109999999999957,10.336,8
"test-dp-synopsis-authorization.R","dp-synopsis-authorization","authorized synopsis sessions admit only their bound transport state",3,0,FALSE,FALSE,0,3.495,0.00199999999999534,3.53599999999983,3
"test-dp-synopsis-authorization.R","dp-synopsis-authorization","authorization reuses only a manifest authenticated in the same call",7,0,FALSE,FALSE,0,2.98300000000006,0.00300000000000011,3.01300000000015,7
"test-dp-synopsis-exact-downstream.R","dp-synopsis-exact-downstream","exact synopsis FINAL_SHARE transports validity and binding",25,0,FALSE,FALSE,0,10.116,0.0720000000000027,10.2049999999999,25
"test-dp-synopsis-exact-downstream.R","dp-synopsis-exact-downstream","exact synopsis segments and final certificates fail closed",22,0,FALSE,FALSE,0,8.298,0.0400000000000063,8.37200000000007,22
"test-dp-synopsis-exact-downstream.R","dp-synopsis-exact-downstream","exact FINAL_SHARE excludes K3 and K5 witnesses",36,0,FALSE,FALSE,0,20.598,0.567999999999998,21.2080000000001,36
"test-dp-synopsis-exact-downstream.R","dp-synopsis-exact-downstream","exact synopsis RELEASE finalizes binding and validity",20,0,FALSE,FALSE,0,10.732,0.346000000000004,11.1049999999998,20
"test-dp-synopsis-exact-downstream.R","dp-synopsis-exact-downstream","exact synopsis REPLAY is public-only",16,0,FALSE,FALSE,0,10.554,0.325999999999993,10.8999999999999,16
"test-dp-synopsis-exact-gc.R","dp-synopsis-exact-gc","the remote exact-GC START response exposes only public liveness",6,0,FALSE,FALSE,0,0.0499999999999545,0.00300000000000011,0.05600000000004,6
"test-dp-synopsis-exact-gc.R","dp-synopsis-exact-gc","synopsis exact-GC adds only dedicated internal adapters",5,0,FALSE,FALSE,0,0.00999999999999091,0,0.01299999999992,5
"test-dp-synopsis-exact-gc.R","dp-synopsis-exact-gc","synopsis execution migrates authenticated v2 stores to v3",2,0,FALSE,FALSE,0,1.64300000000003,0.0380000000000109,1.68100000000004,2
"test-dp-synopsis-exact-gc.R","dp-synopsis-exact-gc","pinned exact-GC roles and operation are authority-only for K=2/3/5",71,0,FALSE,FALSE,0,18.603,0.239999999999995,18.8969999999999,71
"test-dp-synopsis-exact-gc.R","dp-synopsis-exact-gc","exact-GC normalizes the local Ed25519 public-key encoding",5,0,FALSE,FALSE,0,4.79000000000008,0.0420000000000016,4.83900000000017,5
"test-dp-synopsis-exact-gc.R","dp-synopsis-exact-gc","exact-GC accepts canonical list-shaped Synopsis authority roles",5,0,FALSE,FALSE,0,4.75299999999993,0.0379999999999967,4.798,5
"test-dp-synopsis-exact-gc.R","dp-synopsis-exact-gc","productive exact-GC worker preserves its signed plan shape",4,0,FALSE,FALSE,0,4.94299999999998,0.0139999999999958,5.06299999999987,4
"test-dp-synopsis-exact-gc.R","dp-synopsis-exact-gc","exact-GC START initializes after CAS and never writes LOCAL",36,0,FALSE,FALSE,0,8.98400000000004,0.0480000000000018,9.05500000000006,36
"test-dp-synopsis-exact-gc.R","dp-synopsis-exact-gc","exact-GC RESULT commits authenticated LOCAL before consume",20,0,FALSE,FALSE,0,6.32900000000006,0.152000000000001,6.49600000000009,20
"test-dp-synopsis-execution-safety.R","dp-synopsis-execution-safety","Ring128 headroom covers the complete released support",4,0,FALSE,FALSE,0,3.96900000000005,0.186000000000007,4.15800000000013,4
"test-dp-synopsis-execution-safety.R","dp-synopsis-execution-safety","Ring128 accepts its exact boundary and counts both draws",4,0,FALSE,FALSE,0,0.0169999999999391,0.00100000000000477,0.0229999999999109,4
"test-dp-synopsis-execution-safety.R","dp-synopsis-execution-safety","execution ranges do not inherit transport chunk geometry",5,0,FALSE,FALSE,0,2.88999999999999,0.0669999999999931,2.95800000000008,5
"test-dp-synopsis-execution-safety.R","dp-synopsis-execution-safety","the execution claim store authenticates rows, schema and rollback",5,0,FALSE,FALSE,0,1.48200000000008,0.0130000000000052,1.49800000000005,5
"test-dp-synopsis-execution.R","dp-synopsis-execution","the dedicated synopsis execution API is explicit and minimal",7,0,FALSE,FALSE,0,0.0319999999999254,0.0160000000000053,0.0509999999999309,7
"test-dp-synopsis-execution.R","dp-synopsis-execution","execution context authenticates one manifest record per request",2,0,FALSE,FALSE,0,3.05100000000004,0.0400000000000063,3.0920000000001,2
"test-dp-synopsis-execution.R","dp-synopsis-execution","PREPARE is authority-only for K=2/3/5 and signs a closed receipt",27,0,FALSE,FALSE,0,15.503,0.153999999999996,15.672,27
"test-dp-synopsis-execution.R","dp-synopsis-execution","PREPARE reads installed auth but no evidence, source, store or RNG",5,0,FALSE,FALSE,0,3.6389999999999,0.0120000000000005,3.65599999999995,5
"test-dp-synopsis-execution.R","dp-synopsis-execution","sticky contract survives sessions and operational replanning",8,0,FALSE,FALSE,0,8.59700000000021,0.0180000000000007,8.62100000000009,8
"test-dp-synopsis-execution.R","dp-synopsis-execution","the two signed PREPARE records form one closed authority set",5,0,FALSE,FALSE,0,6.03499999999985,0.000999999999990564,6.04500000000007,5
"test-dp-synopsis-execution.R","dp-synopsis-execution","the dedicated START claim is first-win and attempt-bound",8,0,FALSE,FALSE,0,2.67200000000003,0.00100000000000477,2.67799999999988,8
"test-dp-synopsis-final-share.R","dp-synopsis-final-share","synopsis FINAL_SHARE exposes only the closed authorization ABI",2,0,FALSE,FALSE,0,0.00600000000008549,0,0.00700000000006185,2
"test-dp-synopsis-final-share.R","dp-synopsis-final-share","FINAL_SHARE transports the exact durable Ring128 bytes",16,0,FALSE,FALSE,0,10.7180000000001,0.061000000000007,10.864,16
"test-dp-synopsis-final-share.R","dp-synopsis-final-share","FINAL_SHARE routes K=3/5 only between the two authorities",30,0,FALSE,FALSE,0,28.826,0.159999999999997,29.1489999999999,30
"test-dp-synopsis-final-share.R","dp-synopsis-final-share","FINAL_SHARE public geometry is stable at 8192 coordinates",4,0,FALSE,FALSE,0,0.0109999999999673,0,0.01299999999992,4
"test-dp-synopsis-final-share.R","dp-synopsis-final-share","FINAL_SHARE rejects duplicate and malformed RESULT sets",7,0,FALSE,FALSE,0,15.4190000000001,0.38300000000001,15.8810000000001,7
"test-dp-synopsis-no-lifetime-red.R","dp-synopsis-no-lifetime-red","the installed profile does not advertise retired DP defaults",3,0,FALSE,FALSE,0,0.0109999999999673,0,0.0239999999998872,3
"test-dp-synopsis-no-lifetime-red.R","dp-synopsis-no-lifetime-red","retired profile defaults retain explicit safe fallbacks",9,0,FALSE,FALSE,0,0.0109999999999673,0,0.0150000000001,9
"test-dp-synopsis-no-lifetime-red.R","dp-synopsis-no-lifetime-red","K=2/3/5 local categorical selectors bind signed catalog metadata",72,0,FALSE,FALSE,0,3.74200000000019,0.0759999999999934,3.90899999999988,72
"test-dp-synopsis-no-lifetime-red.R","dp-synopsis-no-lifetime-red","K=2/3/5 projected manifest cache ignores unrelated signed metadata",78,0,FALSE,FALSE,0,25.7659999999998,0.545000000000002,26.4090000000001,78
"test-dp-synopsis-no-lifetime-red.R","dp-synopsis-no-lifetime-red","the synopsis no-lifetime surface has one closed ABI",1,0,FALSE,FALSE,0,0.00300000000015643,0.00199999999999534,0.00400000000013279,1
"test-dp-synopsis-no-lifetime-red.R","dp-synopsis-no-lifetime-red","bootstrap and binding are independent of lifetime machinery",5,0,FALSE,FALSE,0,0.071999999999889,0.0169999999999959,0.0939999999998236,5
"test-dp-synopsis-no-lifetime-red.R","dp-synopsis-no-lifetime-red","K=2/3/5 bootstrap and Bind require the pinned exact-K set",24,0,FALSE,FALSE,0,2.52700000000004,0.0500000000000114,2.60100000000011,24
"test-dp-synopsis-no-lifetime-red.R","dp-synopsis-no-lifetime-red","K=2/3/5 bootstrap and Bind survive restart with real Ed25519",15,0,FALSE,FALSE,0,4.55200000000013,0.656999999999996,8.32899999999995,15
"test-dp-synopsis-no-lifetime-red.R","dp-synopsis-no-lifetime-red","real Ed25519 categorical Bind is wire-safe for K=2/3/5",18,0,FALSE,FALSE,0,4.02199999999993,0.438000000000002,6.73300000000017,18
"test-dp-synopsis-no-lifetime-red.R","dp-synopsis-no-lifetime-red","PUBLICATION and published REPLAY are durable-only and session-free",2,0,FALSE,FALSE,0,0.0250000000000909,0.00100000000000477,0.0289999999999964,2
"test-dp-synopsis-no-lifetime-red.R","dp-synopsis-no-lifetime-red","one manifest has one immutable compiled artifact",2,0,FALSE,FALSE,0,0.117999999999938,0.019999999999996,0.140999999999849,2
"test-dp-synopsis-no-lifetime-red.R","dp-synopsis-no-lifetime-red","Synopsis artifact indexes declare sticky per-artifact privacy",2,0,FALSE,FALSE,0,0.0209999999999582,0.00200000000000955,0.0250000000000909,2
"test-dp-synopsis-no-lifetime-red.R","dp-synopsis-no-lifetime-red","warm replay loads its authenticated policy snapshot, not config",6,0,FALSE,FALSE,0,0.66800000000012,0.0249999999999915,0.698000000000093,6
"test-dp-synopsis-no-lifetime-red.R","dp-synopsis-no-lifetime-red","public synopsis stores are absent without read-side creation",8,0,FALSE,FALSE,0,0.0249999999998636,0.00300000000000011,0.0449999999998454,8
"test-dp-synopsis-no-lifetime-red.R","dp-synopsis-no-lifetime-red","public synopsis reads ignore writer file locks and do not mutate stores",13,0,FALSE,FALSE,0,0.442000000000007,0.0100000000000051,0.45900000000006,13
"test-dp-synopsis-no-lifetime-red.R","dp-synopsis-no-lifetime-red","read-only store validation and rows share one WAL snapshot",4,0,FALSE,FALSE,0,0.0150000000001,0.00199999999999534,0.0250000000000909,4
"test-dp-synopsis-no-lifetime-red.R","dp-synopsis-no-lifetime-red","read-only execution lookup neither migrates nor accepts bad metadata",5,0,FALSE,FALSE,0,0.0480000000000018,0.00500000000000966,0.0679999999999836,5
"test-dp-synopsis-no-lifetime-red.R","dp-synopsis-no-lifetime-red","synopsis state roots are private service directories",2,0,FALSE,FALSE,0,0.0190000000000055,0.000999999999990564,0.0199999999999818,2
"test-dp-synopsis-no-lifetime-red.R","dp-synopsis-no-lifetime-red","durable policy snapshots reject unversioned fields and weak state",5,0,FALSE,FALSE,0,0.155999999999949,0.00100000000000477,0.170000000000073,5
"test-dp-synopsis-no-lifetime-red.R","dp-synopsis-no-lifetime-red","pre-freeze manifest stores require an explicit migration",1,0,FALSE,FALSE,0,0.0260000000000673,0,0.0270000000000437,1
"test-dp-synopsis-no-lifetime-red.R","dp-synopsis-no-lifetime-red","manifest store rejects lookalike schemas and crash rolls back",3,0,FALSE,FALSE,0,0.0350000000000819,0.00300000000000011,0.0399999999999636,3
"test-dp-synopsis-no-lifetime-red.R","dp-synopsis-no-lifetime-red","only transient durable-store contention is typed backpressure",5,0,FALSE,FALSE,0,0.0109999999999673,0.00100000000000477,0.01299999999992,5
"test-dp-synopsis-no-lifetime-red.R","dp-synopsis-no-lifetime-red","K=2 real durable publication replays and finalizes after restart",40,0,FALSE,FALSE,0,39.01,1.27,43.2450000000001,40
"test-dp-synopsis-no-lifetime-red.R","dp-synopsis-no-lifetime-red","publication pairs carry the artifact and exact-K compilation",6,0,FALSE,FALSE,0,0.0589999999999691,0,0.0619999999998981,6
"test-dp-synopsis-no-lifetime-red.R","dp-synopsis-no-lifetime-red","FinalizeAck reuses the durable source compactor without a session",5,0,FALSE,FALSE,0,0.0240000000001146,0.000999999999990564,0.0260000000000673,5
"test-dp-synopsis-no-lifetime-red.R","dp-synopsis-no-lifetime-red","FinalizeAck authenticates its signer before durable mutation",2,0,FALSE,FALSE,0,0.0239999999998872,0,0.0260000000000673,2
"test-dp-synopsis-no-lifetime-red.R","dp-synopsis-no-lifetime-red","FinalizeAck is idempotent and K-wide for K=2/3/5",52,0,FALSE,FALSE,0,0.500999999999976,0.0110000000000099,0.561999999999898,52
"test-dp-synopsis-receipts.R","dp-synopsis-receipts","all K peers sign one canonical final synopsis compilation",24,0,FALSE,FALSE,0,11.9829999999999,0.283000000000001,12.288,24
"test-dp-synopsis-receipts.R","dp-synopsis-receipts","compile receipts reject incomplete, forged and mixed consensus",13,0,FALSE,FALSE,0,7.51700000000005,0.0730000000000075,7.59999999999991,13
"test-dp-synopsis-receipts.R","dp-synopsis-receipts","local compilation authorizes cache before planner or signer",3,0,FALSE,FALSE,0,0.430000000000064,0,0.432000000000016,3
"test-dp-synopsis-receipts.R","dp-synopsis-receipts","artifact validation rederives policy semantics and full plan",5,0,FALSE,FALSE,0,2.52199999999993,0.0299999999999869,2.56099999999992,5
"test-dp-synopsis-release.R","dp-synopsis-release","synopsis RELEASE exposes only the closed authorization ABI",2,0,FALSE,FALSE,0,0.00700000000006185,0,0.00699999999983447,2
"test-dp-synopsis-release.R","dp-synopsis-release","RELEASE reconstructs Ring128 exactly and commits one public root",17,0,FALSE,FALSE,0,11.9759999999999,0.092000000000013,12.25,17
"test-dp-synopsis-release.R","dp-synopsis-release","RELEASE runs convolution/Gaussian and routes K=2/3/5 authorities",23,0,FALSE,FALSE,0,47.9110000000001,0.36099999999999,51.3030000000001,23
"test-dp-synopsis-release.R","dp-synopsis-release","RELEASE rejects malformed RESULT sets before dependencies",8,0,FALSE,FALSE,0,14.9259999999999,0.0559999999999974,15.105,8
"test-dp-synopsis-release.R","dp-synopsis-release","RELEASE public geometry fixes D=1 and D=8193",3,0,FALSE,FALSE,0,0.00500000000010914,0,0.00900000000001455,3
"test-dp-synopsis-remote-surface-red.R","dp-synopsis-remote-surface-red","the closed synopsis remote closures exist",1,0,FALSE,FALSE,0,0.00199999999995271,0,0.00400000000013279,1
"test-dp-synopsis-remote-surface-red.R","dp-synopsis-remote-surface-red","session-bound Synopsis Replay is retired",1,0,FALSE,FALSE,0,0.00299999999992906,0.00100000000000477,0.00499999999988177,1
"test-dp-synopsis-remote-surface-red.R","dp-synopsis-remote-surface-red","the synopsis remote ABI has no raw dependency overrides",40,0,FALSE,FALSE,0,0.0460000000000491,0.00300000000000011,0.0679999999999836,40
"test-dp-synopsis-remote-surface-red.R","dp-synopsis-remote-surface-red","session endpoints reject non-canonical UUIDs before protected work",6,0,FALSE,FALSE,0,0.0289999999999964,0,0.0310000000001764,6
"test-dp-synopsis-remote-surface-red.R","dp-synopsis-remote-surface-red","post-PREPARE endpoints never allocate missing sessions",7,0,FALSE,FALSE,0,0.0250000000000909,0,0.0329999999999018,7
"test-dp-synopsis-remote-surface-red.R","dp-synopsis-remote-surface-red","PREPARE never imposes a call, session, or lifetime quota",2,0,FALSE,FALSE,0,0.00499999999988177,0.00100000000000477,0.00700000000006185,2
"test-dp-synopsis-remote-surface-red.R","dp-synopsis-remote-surface-red","post-PREPARE lookup rejects a session without authorization",3,0,FALSE,FALSE,0,0.0110000000001946,0,0.01299999999992,3
"test-dp-synopsis-remote-surface-red.R","dp-synopsis-remote-surface-red","the synopsis surface forwards canonical evidence and JSON outputs",27,0,FALSE,FALSE,0,0.136999999999944,0.00100000000000477,0.148000000000138,27
"test-dp-synopsis-remote-surface-red.R","dp-synopsis-remote-surface-red","Compile rejects cross-owner catalogs before signing",4,0,FALSE,FALSE,0,0.0430000000001201,0.000999999999990564,0.0460000000000491,4
"test-dp-synopsis-remote-surface-red.R","dp-synopsis-remote-surface-red","framed evidence is mandatory and raw dependencies are unusable",2,0,FALSE,FALSE,0,0.468999999999824,0.0180000000000007,0.569999999999936,2
"test-dp-synopsis-remote-surface-red.R","dp-synopsis-remote-surface-red","compilation envelopes and cross detection are fail closed",11,0,FALSE,FALSE,0,0.0910000000001219,0,0.102000000000089,11
"test-dp-synopsis-remote-surface-red.R","dp-synopsis-remote-surface-red","all-schema cross reservations are not materialized crosses",7,0,FALSE,FALSE,0,0.0219999999999345,0.000999999999990564,0.0299999999999727,7
"test-dp-synopsis-replay.R","dp-synopsis-replay","synopsis REPLAY exposes only the closed authorization ABI",5,0,FALSE,FALSE,0,0.0160000000000764,0.00100000000000477,0.0180000000000291,5
"test-dp-synopsis-replay.R","dp-synopsis-replay","REPLAY returns the exact durable PUBLIC chunk and Merkle proof",18,0,FALSE,FALSE,0,12.9189999999999,0.102000000000004,13.278,18
"test-dp-synopsis-replay.R","dp-synopsis-replay","REPLAY is authority-only for K=2/3/5",31,0,FALSE,FALSE,0,44.4850000000001,0.209999999999994,45.489,31
"test-dp-synopsis-replay.R","dp-synopsis-replay","REPLAY rejects duplicate, mixed and tampered RELEASE",11,0,FALSE,FALSE,0,15.2059999999999,0.102000000000004,15.5329999999999,11
"test-dp-synopsis-replay.R","dp-synopsis-replay","REPLAY fails closed after durable RELEASE HMAC tampering",8,0,FALSE,FALSE,0,12.0170000000001,0.0440000000000111,12.2650000000001,8
"test-dp-synopsis-replay.R","dp-synopsis-replay","REPLAY fails closed after durable PUBLIC HMAC tampering",8,0,FALSE,FALSE,0,12.1580000000001,0.0889999999999986,12.4789999999998,8
"test-dp-synopsis-replay.R","dp-synopsis-replay","REPLAY never recreates a missing durable store",9,0,FALSE,FALSE,0,12.325,0.0600000000000023,12.598,9
"test-dp-synopsis-result.R","dp-synopsis-result","synopsis RESULT exposes only the closed authorization ABI",6,0,FALSE,FALSE,0,0.0149999999998727,0.00300000000001432,0.0209999999997308,6
"test-dp-synopsis-result.R","dp-synopsis-result","non-exact RESULT is authority-only for K=2/3/5 and closed",107,0,FALSE,FALSE,0,32.4000000000001,0.283999999999992,32.9639999999999,107
"test-dp-synopsis-result.R","dp-synopsis-result","RESULT is not-ready without every durable LOCAL chunk",1,0,FALSE,FALSE,0,6.00500000000011,0.046999999999997,6.05400000000009,1
"test-dp-synopsis-result.R","dp-synopsis-result","RESULT rejects tampered, mixed and duplicate PREPARE first",5,0,FALSE,FALSE,0,13.3399999999999,0.0970000000000084,13.4450000000002,5
"test-dp-synopsis-result.R","dp-synopsis-result","RESULT HMAC first writer replays without private dependencies",11,0,FALSE,FALSE,0,13.652,0.0660000000000025,13.7999999999997,11
"test-dp-synopsis-result.R","dp-synopsis-result","exact-GC RESULT cannot invent a durable LOCAL chunk",3,0,FALSE,FALSE,0,4.8900000000001,0.0349999999999966,4.93299999999999,3
"test-dp-synopsis-source-contract.R","dp-synopsis-source-contract","durable synopsis source contracts isolate artifact namespaces",25,0,FALSE,FALSE,0,4.41899999999987,0.00499999999999545,4.44299999999976,25
"test-dp-synopsis-source-gate.R","dp-synopsis-source-gate","synopsis source context and gate have a closed internal ABI",4,0,FALSE,FALSE,0,0.00999999999999091,0.00199999999998113,0.0140000000001237,4
"test-dp-synopsis-source-gate.R","dp-synopsis-source-gate","data-free context validates cache and exact K before source work",4,0,FALSE,FALSE,0,2.92700000000013,0.0390000000000157,2.96799999999985,4
"test-dp-synopsis-source-gate.R","dp-synopsis-source-gate","all peers validate context but only sources receive callbacks",50,0,FALSE,FALSE,0,32.751,0.0389999999999873,32.8630000000003,50
"test-dp-synopsis-source-gate.R","dp-synopsis-source-gate","gate validates unsigned evidence from the same fresh producer",13,0,FALSE,FALSE,0,2.44200000000001,0.00200000000000955,2.44900000000007,13
"test-dp-synopsis-source-gate.R","dp-synopsis-source-gate","A to B source mismatch fails before durable state or RNG",5,0,FALSE,FALSE,0,3.25900000000001,0.0840000000000032,3.42900000000009,5
"test-dp-synopsis-source-transport-threading.R","dp-synopsis-source-transport-threading","source-contract threading extends only the internal ABI",10,0,FALSE,FALSE,0,0.0149999999998727,0.00100000000000477,0.0199999999999818,10
"test-dp-synopsis-source-transport-threading.R","dp-synopsis-source-transport-threading","contextual normalization rejects detached synopsis contracts",12,0,FALSE,FALSE,0,0.802000000000135,0.000999999999976353,0.838000000000193,12
"test-dp-synopsis-source-transport-threading.R","dp-synopsis-source-transport-threading","recipient tickets persist the synopsis artifact namespace",5,0,FALSE,FALSE,0,0.670000000000073,0.0190000000000055,0.740000000000236,5
"test-dp-synopsis-source-transport-threading.R","dp-synopsis-source-transport-threading","synopsis prepare validates the same fresh producer on replay",30,0,FALSE,FALSE,0,1.69499999999994,0.0169999999999959,1.79300000000012,30
"test-dp-synopsis-source-transport-threading.R","dp-synopsis-source-transport-threading","a durable synopsis chunk without its binding fails before resolve",10,0,FALSE,FALSE,0,1.21900000000005,0.0200000000000102,1.31600000000026,10
"test-dp-synopsis-source-transport-threading.R","dp-synopsis-source-transport-threading","a synopsis chunk reconstructs its durable contract",11,0,FALSE,FALSE,0,1.18100000000004,0.0229999999999961,1.29399999999987,11
"test-dp-synopsis-source-transport-threading.R","dp-synopsis-source-transport-threading","a durable synopsis chunk replay revalidates its binding",11,0,FALSE,FALSE,0,1.38299999999981,0.0229999999999961,1.53600000000006,11
"test-dp-synopsis-source-transport-wrappers.R","dp-synopsis-source-transport-wrappers","synopsis source wrappers expose only the closed internal ABI",7,0,FALSE,FALSE,0,0.0190000000000055,0.00300000000001432,0.0289999999999964,7
"test-dp-synopsis-source-transport-wrappers.R","dp-synopsis-source-transport-wrappers","ticket derives its namespace from context before durable work",21,0,FALSE,FALSE,0,3.4849999999999,0.00199999999998113,3.5,21
"test-dp-synopsis-source-transport-wrappers.R","dp-synopsis-source-transport-wrappers","prepare installs only gate-owned producer callbacks",26,0,FALSE,FALSE,0,2.40700000000015,0.02800000000002,2.45099999999957,26
"test-dp-synopsis-source-transport-wrappers.R","dp-synopsis-source-transport-wrappers","chunk rejects a foreign transfer id before opening its store",28,0,FALSE,FALSE,0,2.67899999999986,0.0919999999999845,2.78600000000006,28
"test-dp-synopsis-source-transport-wrappers.R","dp-synopsis-source-transport-wrappers","wrappers resolve one policy and secret for authority and core",11,0,FALSE,FALSE,0,3.47600000000011,0.0800000000000125,3.5659999999998,11
"test-dp-synopsis-start.R","dp-synopsis-start","synopsis START exposes only the closed authorization ABI",6,0,FALSE,FALSE,0,0.0109999999999673,0.00100000000000477,0.0139999999996689,6
"test-dp-synopsis-start.R","dp-synopsis-start","convolution START is authority-only for K=2/3/5",53,0,FALSE,FALSE,0,27.482,0.453000000000003,28.2449999999999,53
"test-dp-synopsis-start.R","dp-synopsis-start","START validates PREPARE then orders CAS before private material",9,0,FALSE,FALSE,0,7.42200000000003,0.0970000000000084,7.55999999999995,9
"test-dp-synopsis-start.R","dp-synopsis-start","START retries one attempt deterministically then replays durable",7,0,FALSE,FALSE,0,12.6969999999999,0.126000000000005,12.8560000000002,7
"test-dp-synopsis-start.R","dp-synopsis-start","productive convolution plan and sampler agree without rewriting",2,0,FALSE,FALSE,0,7.26300000000015,0.0229999999999961,7.45100000000002,2
"test-dp-synopsis-start.R","dp-synopsis-start","manifest-certified Gaussian START uses its productive worker",5,0,FALSE,FALSE,0,7.91399999999999,0.0660000000000025,10.326,5
"test-dp-synopsis-start.R","dp-synopsis-start","the first START attempt wins before any private material",5,0,FALSE,FALSE,0,12.5940000000001,0.311999999999983,12.9389999999999,5
"test-dp-synopsis-start.R","dp-synopsis-start","durable LOCAL records fail closed after HMAC tampering",3,0,FALSE,FALSE,0,7.13299999999981,0.0630000000000166,7.23700000000008,3
"test-dp-synopsis-start.R","dp-synopsis-start","exact-GC cannot masquerade as a durable convolution START",3,0,FALSE,FALSE,0,5.1909999999998,0.0439999999999827,5.23999999999978,3
"test-dp-transcript-privacy.R","dp-transcript-privacy","protected failures have one relay-visible representation",4,0,FALSE,FALSE,0,0.0080000000000382,0.00100000000000477,0.0100000000002183,4
"test-dp-transcript-privacy.R","dp-transcript-privacy","phase misses are typed and canonicalized without details",11,0,FALSE,FALSE,0,0.0119999999999436,0.00200000000000955,0.0169999999998254,11
"test-dp-transcript-privacy.R","dp-transcript-privacy","lifetime-budget exhaustion is typed and detail-free",11,0,FALSE,FALSE,0,0.0160000000000764,0,0.0189999999997781,11
"test-dp-transcript-privacy.R","dp-transcript-privacy","source and vector public boundaries use the common failure token",8,0,FALSE,FALSE,0,0.01299999999992,0.00100000000000477,0.0199999999999818,8
"test-dp-transcript-privacy.R","dp-transcript-privacy","public recovery and resource conditions keep their typed contract",5,0,FALSE,FALSE,0,0.00700000000006185,0,0.00900000000001455,5
"test-dp-transcript-privacy.R","dp-transcript-privacy","capsule transcript geometry is a function of public contract only",36,0,FALSE,FALSE,0,0.05600000000004,0,0.0679999999997563,36
"test-dp-transcript-privacy.R","dp-transcript-privacy","public shape uses compact geometry at the admitted integer limit",5,0,FALSE,FALSE,0,0.00900000000001455,0,0.0160000000000764,5
"test-dp-transcript-privacy.R","dp-transcript-privacy","successful-transcript claim excludes R timing and availability",9,0,FALSE,FALSE,0,0.0109999999999673,0.00100000000000477,0.0139999999996689,9
"test-dsi-relay-dslite-session.R","dsi-relay-dslite-session","relay public UUIDs retain DSLite private storage isolation",8,0,FALSE,FALSE,0,0.0550000000000637,0.00199999999998113,0.0599999999999454,8
"test-dsi-relay-substrate.R","dsi-relay-substrate","relay spools stay below the private Rock session directory",11,0,FALSE,FALSE,0,0.0429999999998927,0.00300000000001432,0.0510000000003856,11
"test-dsi-relay-substrate.R","dsi-relay-substrate","relay initialisation rejects temporary roots and session aliases",4,0,FALSE,FALSE,0,0.0180000000000291,0.00199999999998113,0.044999999999618,4
"test-dsi-relay-substrate.R","dsi-relay-substrate","relay peer IDs are deterministic identity capabilities",4,0,FALSE,FALSE,0,0.0130000000001473,0.00100000000000477,0.0160000000000764,4
"test-dsi-relay-substrate.R","dsi-relay-substrate","one authenticated envelope is framed without changing its bytes",5,0,FALSE,FALSE,0,0.0739999999998417,0.00600000000000023,0.0859999999997854,5
"test-dsi-relay-substrate.R","dsi-relay-substrate","the in-memory convenience queue cannot create multi-frame streams",3,0,FALSE,FALSE,0,0.0250000000000909,0.00399999999999068,0.0299999999997453,3
"test-dsi-relay-substrate.R","dsi-relay-substrate","delivery is complete, authenticated, and exactly idempotent",4,0,FALSE,FALSE,0,0.233999999999924,0.007000000000005,0.241999999999734,4
"test-dsi-relay-substrate.R","dsi-relay-substrate","completed payloads support bounded absolute-offset consumption",13,0,FALSE,FALSE,0,0.0630000000001019,0.00300000000001432,0.0720000000001164,13
"test-dsi-relay-substrate.R","dsi-relay-substrate","replayed payload reads do not refresh relay retention",5,0,FALSE,FALSE,0,0.0309999999999491,0.0029999999999859,0.0370000000002619,5
"test-dsi-relay-substrate.R","dsi-relay-substrate","duplicate frames return a monotonic committed-byte ACK",4,0,FALSE,FALSE,0,0.0250000000000909,0.00800000000000978,0.0349999999998545,4
"test-dsi-relay-substrate.R","dsi-relay-substrate","gaps, conflicting retries, and cross-session frames fail closed",4,0,FALSE,FALSE,0,0.0340000000001055,0.00399999999999068,0.0419999999999163,4
"test-dsi-relay-substrate.R","dsi-relay-substrate","recipient, sender, capability, length, and hashes are enforced",5,0,FALSE,FALSE,0,0.0509999999999309,0.00200000000000955,0.05600000000004,5
"test-dsi-relay-substrate.R","dsi-relay-substrate","tampering with signed metadata cannot produce a ready envelope",4,0,FALSE,FALSE,0,0.0370000000000346,0.00399999999999068,0.0429999999996653,4
"test-dsi-relay-substrate.R","dsi-relay-substrate","a malicious relay cannot alter K=2, K=3 or K=5 peer traffic",51,0,FALSE,FALSE,0,0.291999999999916,0.0330000000000155,0.365999999999985,51
"test-dsi-relay-substrate.R","dsi-relay-substrate","an unauthenticated first frame allocates no inbox state",2,0,FALSE,FALSE,0,0.0179999999998017,0.00399999999999068,0.0239999999998872,2
"test-dsi-relay-substrate.R","dsi-relay-substrate","fan-out exchange is atomic and keeps a replayable outbox log",6,0,FALSE,FALSE,0,0.156000000000176,0.00499999999999545,0.164999999999964,6
"test-dsi-relay-substrate.R","dsi-relay-substrate","fan-out rejects the whole delivery set atomically on a bad frame",3,0,FALSE,FALSE,0,0.0319999999999254,0.00399999999999068,0.0380000000000109,3
"test-dsi-relay-substrate.R","dsi-relay-substrate","exchange preserves retryable backpressure class and exact rollback",13,0,FALSE,FALSE,0,0.586999999999989,0.0120000000000005,0.608999999999924,13
"test-dsi-relay-substrate.R","dsi-relay-substrate","frame byte limits do not impose request-count limits",28,0,FALSE,FALSE,0,0.137000000000171,0.01400000000001,0.166999999999916,28
"test-dsi-relay-substrate.R","dsi-relay-substrate","relay guards encoded shape before Base64 decoding",2,0,FALSE,FALSE,0,0.015999999999849,0.00200000000000955,0.0180000000000291,2
"test-dsi-relay-substrate.R","dsi-relay-substrate","outbound data is disk-backed and one exchange has a byte bound",8,0,FALSE,FALSE,0,0.0219999999999345,0.00600000000000023,0.031999999999698,8
"test-dsi-relay-substrate.R","dsi-relay-substrate","absolute byte acknowledgements compact and release spool capacity",3,0,FALSE,FALSE,0,0.1099999999999,0.007000000000005,0.118000000000393,3
"test-dsi-relay-substrate.R","dsi-relay-substrate","global byte backpressure spans sessions and leaves no penalty",7,0,FALSE,FALSE,0,0.0319999999999254,0.00199999999998113,0.0360000000000582,7
"test-dsi-relay-substrate.R","dsi-relay-substrate","terminal receipts are sticky, peer-signed, and payload-bound",13,0,FALSE,FALSE,0,0.103000000000065,0.00300000000001432,0.113000000000284,13
"test-dsi-relay-substrate.R","dsi-relay-substrate","many sequential relay transfers retain only one replay window",160,0,FALSE,FALSE,0,0.985000000000127,0.134999999999991,1.22400000000016,160
"test-dsi-relay-substrate.R","dsi-relay-substrate","large replay, reconnect cycle, and compaction preserve every byte",6,0,FALSE,FALSE,0,0.174999999999955,0.00900000000001455,0.186999999999898,6
"test-dsi-relay-substrate.R","dsi-relay-substrate","stream producers are bounded, idempotent, and backpressured",61,0,FALSE,FALSE,0,4.37599999999998,0.0959999999999752,4.51400000000012,61
"test-dsi-relay-substrate.R","dsi-relay-substrate","tiny-frame metadata amplification fails before allocation or verification",10,0,FALSE,FALSE,0,0.0229999999999109,0.00100000000000477,0.0289999999999964,10
"test-dsi-relay-substrate.R","dsi-relay-substrate","failed signing cannot publish a descriptor-less outbound stream",7,0,FALSE,FALSE,0,0.0299999999999727,0.00100000000000477,0.0340000000001055,7
"test-dsi-relay-substrate.R","dsi-relay-substrate","an unpublished stream can be rolled back without residue",5,0,FALSE,FALSE,0,0.0419999999999163,0.00300000000001432,0.0520000000001346,5
"test-dsi-relay-substrate.R","dsi-relay-substrate","inactive relay sessions expire and remove their bounded spool",3,0,FALSE,FALSE,0,0.0199999999999818,0.00399999999999068,0.0259999999998399,3
"test-dsi-relay-substrate.R","dsi-relay-substrate","progressing relay transfers refresh the inactivity lease",4,0,FALSE,FALSE,0,0.0180000000000291,0.0029999999999859,0.0230000000001382,4
"test-dsi-relay-substrate.R","dsi-relay-substrate","replays, invalid frames, and empty polls cannot extend the lease",12,0,FALSE,FALSE,0,0.04099999999994,0.00300000000001432,0.0549999999998363,12
"test-dsi-relay-substrate.R","dsi-relay-substrate","real pinned Ed25519 signatures authenticate relay envelopes",2,0,FALSE,FALSE,0,0.501999999999953,0.0240000000000009,0.623999999999796,2
"test-dsi-relay-substrate.R","dsi-relay-substrate","only the purpose-bound padded PSI relay is remotely exposed",3,0,FALSE,FALSE,0,0.0119999999999436,0,0.0309999999999491,3
"test-dsi-text-frame-memory.R","dsi-text-frame-memory","DSI text framing keeps byte scans chunk-bounded",4,0,FALSE,FALSE,0,0.118000000000166,0.00799999999998136,0.127999999999702,4
"test-dsi-text-frame-memory.R","dsi-text-frame-memory","DSI text framing has no payload-multiple auxiliary allocation",3,0,FALSE,FALSE,0,0.125999999999976,0.00100000000000477,0.128000000000156,3
"test-dsi-text-frame-memory.R","dsi-text-frame-memory","canonical DSI modes remain stable across scan boundaries",4,0,FALSE,FALSE,0,0.0360000000000582,0,0.0369999999998072,4
"test-dsi-text-frame-memory.R","dsi-text-frame-memory","dense canonical L batches remain bounded",3,0,FALSE,FALSE,0,0.0629999999998745,0,0.0659999999998035,3
"test-dsi-text-frame-memory.R","dsi-text-frame-memory","allocation leader omission uses the canonical empty wire default",2,0,FALSE,FALSE,0,0.0080000000000382,0.00100000000000477,0.00900000000001455,2
"test-dsi-text-frame.R","dsi-text-frame","canonical DSI text framing has stable R, L, and B goldens",3,0,FALSE,FALSE,0,0.012000000000171,0,0.01299999999992,3
"test-dsi-text-frame.R","dsi-text-frame","DSI text decoding rejects malformed and non-canonical aliases",19,0,FALSE,FALSE,0,0.100999999999885,0,0.111000000000331,19
"test-dsi-text-frame.R","dsi-text-frame","the wire alphabet gate precedes the L parser",2,0,FALSE,FALSE,0,0.00900000000001455,0.00100000000000477,0.0109999999999673,2
"test-dsi-text-frame.R","dsi-text-frame","an old raw client fails before the new server manifest body",3,0,FALSE,FALSE,0,0.00700000000006185,0,0.0109999999999673,3
"test-dsi-text-frame.R","dsi-text-frame","DSI text framing builds only its selected representation",3,0,FALSE,FALSE,0,0.00999999999999091,0.00100000000000477,0.01299999999992,3
"test-dsi-text-frame.R","dsi-text-frame","DSI text framing round-trips deterministic byte samples",514,0,FALSE,FALSE,0,0.838999999999942,0.0149999999999864,1.15000000000009,514
"test-exact-arithmetic-inventory.R","exact-arithmetic-inventory","residual non-exact arithmetic inventory is complete and enforced",8,0,FALSE,FALSE,0,0.0270000000000437,0.00300000000001432,0.0500000000001819,8
"test-exact-arithmetic-inventory.R","exact-arithmetic-inventory","residual arithmetic inventory matches source call sites",22,0,FALSE,FALSE,0,0.0819999999998799,0.00799999999998136,0.155999999999949,22
"test-exact-gc-policy-pair-binding.R","exact-gc-policy-pair-binding","exact-GC binds the server-policy pair inside K=3 and K=5 pinsets",14,0,FALSE,FALSE,0,0.924999999999955,0.212000000000018,1.90599999999995,14
"test-exact-gc-policy-pair-binding.R","exact-gc-policy-pair-binding","exact-GC policy-pair binding rejects relay-selected membership",11,0,FALSE,FALSE,0,0.376000000000204,0.114000000000004,0.923999999999978,11
"test-exact-gc-policy-pair-binding.R","exact-gc-policy-pair-binding","exact-GC binding digest is canonical and binds the full pinset",8,0,FALSE,FALSE,0,0.378999999999905,0.11699999999999,0.878000000000156,8
"test-exact-gc-policy-pair-binding.R","exact-gc-policy-pair-binding","an operation rejects policy substitution after exact-GC bind",3,0,FALSE,FALSE,0,0.311000000000149,0.0790000000000077,0.670000000000073,3
"test-exact-gc-policy-pair-binding.R","exact-gc-policy-pair-binding","worker readiness polling cannot change the cryptographic retry attempt",18,0,FALSE,FALSE,0,2.43199999999979,1.19999999999999,7.69399999999996,18
"test-exact-gc-policy-pair-binding.R","exact-gc-policy-pair-binding","exact-GC rejects substitution of its nested typed binding",4,0,FALSE,FALSE,0,0.27800000000002,0.122000000000014,0.735000000000127,4
"test-exact-gc-policy-pair-binding.R","exact-gc-policy-pair-binding","exact-GC bind never learns its local role name from the relay",2,0,FALSE,FALSE,0,0.155999999999949,0.114000000000004,0.467999999999847,2
"test-exact-gc-promoted-cross-subgraph.R","exact-gc-promoted-cross-subgraph","the real production guard admits only the promoted cross subgraph",27,0,FALSE,FALSE,0,0.108999999999924,0.0219999999999914,0.146000000000186,27
"test-exact-gc-promoted-cross-subgraph.R","exact-gc-promoted-cross-subgraph","production vecmul authority requires a live cross producer manifest",11,0,FALSE,FALSE,0,0.0930000000000746,0.0170000000000243,0.121999999999844,11
"test-exact-gc-promoted-cross-subgraph.R","exact-gc-promoted-cross-subgraph","categorical producer selects only the scaled-indicator circuit",3,0,FALSE,FALSE,0,0.0119999999999436,0.0040000000000191,0.0180000000000291,3
"test-exact-gc-promoted-cross-subgraph.R","exact-gc-promoted-cross-subgraph","categorical producer retains the generic circuit on an older runtime",1,0,FALSE,FALSE,0,0.00499999999988177,0,0.00599999999985812,1
"test-exact-gc-promoted-cross-subgraph.R","exact-gc-promoted-cross-subgraph","purpose-bound cleanup deletes only its signed exact session",12,0,FALSE,FALSE,0,1.06200000000013,0.119999999999976,1.1869999999999,12
"test-exact-gc-release-policy.R","exact-gc-release-policy","custodians can extend release leases without changing defaults",6,0,FALSE,FALSE,0,0.0150000000001,0.00200000000000955,0.0189999999997781,6
"test-exact-gc-release-policy.R","exact-gc-release-policy","extended operation lease survives six hours but still expires",5,0,FALSE,FALSE,0,0.0619999999998981,0.00799999999998136,0.0720000000001164,5
"test-exact-gc-transport.R","exact-gc-transport","Ring128 decimal residues use exact canonical little-endian records",17,0,FALSE,FALSE,0,0.0380000000000109,0.00300000000001432,0.0509999999999309,17
"test-exact-gc-transport.R","exact-gc-transport","Ring4096 residues use canonical dynamic containers",4,0,FALSE,FALSE,0,0.0119999999999436,0,0.01299999999992,4
"test-exact-gc-transport.R","exact-gc-transport","exact multiplication planner covers its full dynamic domain",24,0,FALSE,FALSE,0,0.141000000000076,0.0320000000000107,2.27700000000004,24
"test-exact-gc-transport.R","exact-gc-transport","the dynamic capability rejects an old Ring512 helper",1,0,FALSE,FALSE,0,0.00499999999988177,0,0.00499999999965439,1
"test-exact-gc-transport.R","exact-gc-transport","dynamic exact truncation and count guard complete over opaque spools",1194,0,FALSE,FALSE,0,59.6220000000001,15.24,108.312,1194
"test-exact-gc-transport.R","exact-gc-transport","exact spool retries are byte-exact and conflicting overlap is fatal",3,0,FALSE,FALSE,0,0.0299999999999727,0.00300000000001432,0.0329999999999018,3
"test-exact-gc-transport.R","exact-gc-transport","segmented exact spool reclaims bytes without changing absolute offsets",19,0,FALSE,FALSE,0,0.0699999999999363,0.0149999999999864,0.0940000000000509,19
"test-exact-gc-transport.R","exact-gc-transport","segmented exact spool fails closed on capacity and content damage",15,0,FALSE,FALSE,0,0.0410000000001673,0.00600000000000023,0.0540000000000873,15
"test-exact-gc-transport.R","exact-gc-transport","exact transport TTL is a progress lease, not an absolute lifetime",14,0,FALSE,FALSE,0,0.0499999999999545,0.007000000000005,0.0659999999998035,14
"test-exact-gc-transport.R","exact-gc-transport","worker heartbeats are bound to nonce, protocol session and PID",8,0,FALSE,FALSE,0,0.0340000000001055,0.00399999999999068,0.0429999999996653,8
"test-exact-gc-transport.R","exact-gc-transport","exact exchange accepts only one peer-bound scalar v3 route",8,0,FALSE,FALSE,0,0.0399999999999636,0.00900000000001455,0.06899999999996,8
"test-exact-gc-transport.R","exact-gc-transport","scalar exact route removes the redundant outer base64 layer",4,0,FALSE,FALSE,0,0.155999999999949,0.0180000000000007,0.175999999999931,4
"test-exact-gc-transport.R","exact-gc-transport","the default exact chunk fits the portable DSLite scalar limit",4,0,FALSE,FALSE,0,0.120000000000118,0.00499999999999545,0.125999999999749,4
"test-exact-gc-transport.R","exact-gc-transport","fixed exact coalescing preserves fragments, hashes and terminal progress",12,0,FALSE,FALSE,0,0.0599999999999454,0.0109999999999957,0.130999999999858,12
"test-exact-gc-transport.R","exact-gc-transport","typed worker failure is fail-closed and retry keeps the logical id",19,0,FALSE,FALSE,0,0.0619999999998981,0.0180000000000007,0.0919999999996435,19
"test-exact-gc-transport.R","exact-gc-transport","exact-specific transport binds exactly two signed pinned peers",38,0,FALSE,FALSE,0,13.6309999999999,0.47999999999999,16.9140000000002,38
"test-exact-gc-transport.R","exact-gc-transport","analysis-bound Count binding is K-generic and execution-free",11,0,FALSE,FALSE,0,2.03099999999995,0.108000000000004,2.23900000000003,11
"test-exact-gc-transport.R","exact-gc-transport","Frequency binding is K-generic and rejects role or pin substitution",24,0,FALSE,FALSE,0,0.212999999999965,0.0490000000000066,0.286000000000058,24
"test-exact-gc-transport.R","exact-gc-transport","Frequency init, bind and cleanup use only resident authorization",28,0,FALSE,FALSE,0,0.113000000000056,0.00399999999999068,0.128000000000156,28
"test-exact-gc-transport.R","exact-gc-transport","dynamic residue records reject non-zero unused high bits",2,0,FALSE,FALSE,0,0.0080000000000382,0,0.0140000000001237,2
"test-exact-gc-transport.R","exact-gc-transport","GLM manifests resolve only fixed producer-owned slots and bounds",22,0,FALSE,FALSE,0,0.0639999999998508,0,0.0720000000001164,22
"test-exact-gc-transport.R","exact-gc-transport","Chisq exact product preparation is provenance-bound and replay exact",18,0,FALSE,FALSE,0,0.0679999999999836,0.00100000000000477,0.0760000000000218,18
"test-exact-gc-transport.R","exact-gc-transport","GLM softplus producer accepts only a fixed stage and session",8,0,FALSE,FALSE,0,0.0200000000002092,0,0.0239999999998872,8
"test-exact-gc-transport.R","exact-gc-transport","Chisq count accumulation is fixed-order, one-shot and retry exact",21,0,FALSE,FALSE,0,0.0459999999998217,0.00200000000000955,0.05600000000004,21
"test-exact-gc-transport.R","exact-gc-transport","checked vecmul contracts cover 4096/4097 and recompose 17 chunks",17,0,FALSE,FALSE,0,0.22199999999998,0.00399999999999068,0.249000000000251,17
"test-exact-gc-transport.R","exact-gc-transport","Gaussian one-draw stays internal and authority-bound",8,0,FALSE,FALSE,0,0.242999999999938,0.00899999999998613,0.278000000000247,8
"test-formal-cox-capsule-internal.R","formal-cox-capsule-internal","formal Cox source bridge uses the configured private Rock root before MPC",3,0,FALSE,FALSE,0,0.115999999999985,0.00499999999999545,0.123999999999796,3
"test-formal-cox-capsule-internal.R","formal-cox-capsule-internal","formal Cox schema requires unanimous pinned signatures and a positive risk floor",10,0,FALSE,FALSE,0,0.414999999999964,0.00100000000000477,0.423000000000229,10
"test-formal-cox-capsule-internal.R","formal-cox-capsule-internal","sensitivity is recomputed for fixed-capacity patient adjacency",16,0,FALSE,FALSE,0,0.490000000000009,0.00200000000000955,0.499000000000251,16
"test-formal-cox-capsule-internal.R","formal-cox-capsule-internal","finite-state patient neighbours obey the signed score bound",50,0,FALSE,FALSE,0,2.95500000000015,0.0430000000000064,3.07900000000018,50
"test-formal-cox-capsule-internal.R","formal-cox-capsule-internal","central grid-Breslow oracle matches survival::coxph with ties",5,0,FALSE,FALSE,0,1.70499999999993,0.0929999999999893,1.88099999999986,5
"test-formal-cox-capsule-internal.R","formal-cox-capsule-internal","single-interval delayed entry matches counting-process coxph",1,0,FALSE,FALSE,0,1.30500000000006,0.0449999999999875,1.36800000000039,1
"test-formal-cox-capsule-internal.R","formal-cox-capsule-internal","signed at-risk floor is checked internally and never opened as a count",3,0,FALSE,FALSE,0,0.0979999999999563,0,0.0999999999999091,3
"test-formal-cox-capsule-internal.R","formal-cox-capsule-internal","central oracle refuses a non-identifiable unpenalized target",3,0,FALSE,FALSE,0,0.212999999999965,0.00200000000000955,0.217000000000098,3
"test-formal-cox-capsule-internal.R","formal-cox-capsule-internal","K=2/3/5 fixed Ring128 shares reconstruct only inside the fixture",18,0,FALSE,FALSE,0,10.9720000000002,0.0879999999999939,11.0999999999999,18
"test-formal-cox-capsule-internal.R","formal-cox-capsule-internal","formal Cox local source blocks preserve the canonical lattice layout",123,0,FALSE,FALSE,0,103.077,0.313000000000017,103.61,123
"test-formal-cox-capsule-internal.R","formal-cox-capsule-internal","formal Cox server source admits only the configured PSI snapshot",80,0,FALSE,FALSE,0,22.433,0.0130000000000052,22.549,80
"test-formal-cox-capsule-internal.R","formal-cox-capsule-internal","formal Cox source bridge sends only one configured local block to Go",17,0,FALSE,FALSE,0,0.674999999999955,0,0.683999999999742,17
"test-formal-cox-capsule-internal.R","formal-cox-capsule-internal","formal Cox source bridge delivers only a committed encrypted block",17,0,FALSE,FALSE,0,0.567999999999984,0.00199999999998113,0.583000000000084,17
"test-formal-cox-capsule-internal.R","formal-cox-capsule-internal","formal Cox recipient bridge imports only an opaque delivery",26,0,FALSE,FALSE,0,0.517000000000053,0.00100000000000477,0.5300000000002,26
"test-formal-cox-capsule-internal.R","formal-cox-capsule-internal","formal Cox worker provision exposes only a Rock-local selector",69,0,FALSE,FALSE,0,1.89499999999998,0.00300000000001432,1.94700000000012,69
"test-formal-cox-capsule-internal.R","formal-cox-capsule-internal","formal Cox recipient ticket bridge exposes only a signed public key",13,0,FALSE,FALSE,0,0.375999999999976,0.000999999999976353,0.403000000000247,13
"test-formal-cox-capsule-internal.R","formal-cox-capsule-internal","formal Cox exposes only closed ingress, worker relay and read-only certificate endpoints",3,0,FALSE,FALSE,0,0.0109999999999673,0.00100000000000477,0.043999999999869,3
"test-formal-cox-capsule-internal.R","formal-cox-capsule-internal","formal Cox has only closed source, worker and opaque control Go commands",1,0,FALSE,FALSE,0,0.00400000000013279,0.00100000000000477,0.0100000000002183,1
"test-formal-cox-capsule-internal.R","formal-cox-capsule-internal","Ring128 source bundles reject tamper, replay and wrong roots",17,0,FALSE,FALSE,0,3.85300000000007,0.00399999999999068,3.87100000000009,17
"test-formal-cox-capsule-internal.R","formal-cox-capsule-internal","private reference has fixed work, no exact artifact and no opening",8,0,FALSE,FALSE,0,0.614000000000033,0.00300000000001432,0.625999999999749,8
"test-formal-cox-discrete-public-result-ds.R","formal-cox-discrete-public-result-ds","formal discrete-time results are read-only, grid-bound and redacted",10,0,FALSE,FALSE,0,0.0660000000000309,0.00100000000000477,0.0720000000001164,10
"test-formal-cox-discrete-public-result-ds.R","formal-cox-discrete-public-result-ds","formal discrete-time selectors, grids and releases fail closed",4,0,FALSE,FALSE,0,0.124000000000024,0,0.125999999999749,4
"test-formal-cox-fresh-source-ds.R","formal-cox-fresh-source-ds","formal Cox fresh source relay is sealed before source access",2,0,FALSE,FALSE,0,0.0119999999999436,0,0.01299999999992,2
"test-formal-cox-fresh-source-ds.R","formal-cox-fresh-source-ds","formal Cox fresh source relay fails closed before local source access",2,0,FALSE,FALSE,0,0.0109999999999673,0,0.0119999999997162,2
"test-formal-cox-fresh-source-ds.R","formal-cox-fresh-source-ds","formal Cox fresh source relay rejects malformed actions before source access",4,0,FALSE,FALSE,0,0.0510000000001583,0.00100000000000477,0.0540000000000873,4
"test-formal-cox-public-result-ds.R","formal-cox-public-result-ds","formal public Cox results are read-only, bounded and redacted",10,0,FALSE,FALSE,0,0.0599999999999454,0.000999999999976353,0.0670000000000073,10
"test-formal-cox-public-result-ds.R","formal-cox-public-result-ds","formal public Cox selectors and malformed releases fail closed",3,0,FALSE,FALSE,0,0.142000000000053,0,0.143000000000029,3
"test-formal-cox-run-plan.R","formal-cox-run-plan","registered formal Cox plans are deterministic and redacted at K=2/3/5",27,0,FALSE,FALSE,0,0.882000000000062,0.00300000000001432,0.896999999999935,27
"test-formal-cox-run-plan.R","formal-cox-run-plan","registered formal Cox plan resolution fails before source or MPC",3,0,FALSE,FALSE,0,0.111000000000104,0.00100000000000477,0.112999999999829,3
"test-formal-cox-worker-control-ds.R","formal-cox-worker-control-ds","formal Cox worker host is an exact burned-selector replay",8,0,FALSE,FALSE,0,0.01299999999992,0.00100000000000477,0.0219999999999345,8
"test-formal-cox-worker-control-ds.R","formal-cox-worker-control-ds","formal Cox worker control carries only a bounded opaque frame",5,0,FALSE,FALSE,0,0.0900000000001455,0.00100000000000477,0.0990000000001601,5
"test-formal-cox-worker-control-ds.R","formal-cox-worker-control-ds","formal Cox worker opening exposes only a signed public header",5,0,FALSE,FALSE,0,0.0109999999999673,0.00200000000000955,0.0149999999998727,5
"test-formal-cox-worker-control-ds.R","formal-cox-worker-control-ds","formal Cox worker relays only public finalizer handoff records",20,0,FALSE,FALSE,0,0.136999999999944,0,0.148999999999887,20
"test-formal-cox-worker-control-ds.R","formal-cox-worker-control-ds","formal Cox worker relays finalizer control without recipient secrets",10,0,FALSE,FALSE,0,0.0650000000000546,0.00399999999999068,0.0740000000000691,10
"test-formal-cox-worker-control-ds.R","formal-cox-worker-control-ds","formal Cox worker controller rejects widened calls before host I/O",7,0,FALSE,FALSE,0,0.0260000000000673,0.00200000000000955,0.056999999999789,7
"test-formal-cox-worker-control-ds.R","formal-cox-worker-control-ds","formal Cox worker host start polls a live daemon and never respawns it",4,0,FALSE,FALSE,0,0.0299999999999727,0,0.0320000000001528,4
"test-formal-glm-phase15-internal-adapter.R","formal-glm-phase15-internal-adapter","formal GLM Phase-1.5 DSI binding is pinned and purpose-bound",13,0,FALSE,FALSE,0,0.0620000000001255,0.0029999999999859,0.0710000000003674,13
"test-formal-glm-phase15-internal-adapter.R","formal-glm-phase15-internal-adapter","formal GLM Phase-1.5 has no public material or premature opening",10,0,FALSE,FALSE,0,0.0229999999999109,0.00100000000000477,0.0489999999999782,10
"test-formal-glm-phase16-release-adapter.R","formal-glm-phase16-release-adapter","formal GLM Phase-1.6 signed postprocessing is exact and unclamped",9,0,FALSE,FALSE,0,0.195999999999913,0,0.199000000000069,9
"test-formal-glm-phase16-release-adapter.R","formal-glm-phase16-release-adapter","formal GLM Phase-1.6 blocks mismatched mechanism and manifest with zero openings",7,0,FALSE,FALSE,0,0.0160000000000764,0.00100000000000477,0.0459999999998217,7
"test-formal-glm-phase18-materializer.R","formal-glm-phase18-materializer","Phase-1.8 exact rows enforce missing, domains, caps and padding",9,0,FALSE,FALSE,0,0.285999999999831,0.0029999999999859,0.293999999999869,9
"test-formal-glm-phase18-materializer.R","formal-glm-phase18-materializer","Phase-1.8 v2 keeps alignment and consensus XOR-shared by role",22,0,FALSE,FALSE,0,0.673999999999978,0.0339999999999918,0.798000000000229,22
"test-formal-glm-phase18-materializer.R","formal-glm-phase18-materializer","Phase-1.8 post evidence is all-K, typed, sealed and never opens",30,0,FALSE,FALSE,0,0.453000000000202,0.0229999999999961,0.494000000000142,30
"test-formal-glm-phase18-materializer.R","formal-glm-phase18-materializer","Phase-1.8 remains package-internal and cannot wrap silently",8,0,FALSE,FALSE,0,0.0259999999998399,0,0.0520000000001346,8
"test-formal-glm-phase18-materializer.R","formal-glm-phase18-materializer","Phase-1.8 durable outbox replays the first encrypted bundle exactly",9,0,FALSE,FALSE,0,0.37700000000018,0.007000000000005,0.407000000000153,9
"test-formal-glm-phase18-materializer.R","formal-glm-phase18-materializer","Phase-1.8 recipient inbox authenticates and queues ciphertext only",11,0,FALSE,FALSE,0,0.414999999999964,0.0360000000000014,0.481000000000222,11
"test-formal-glm-phase18-materializer.R","formal-glm-phase18-materializer","Phase-1.8 finalizer key bootstraps persistently and epochs rotation",8,0,FALSE,FALSE,0,0.0619999999998981,0.00600000000000023,0.115000000000236,8
"test-formal-glm-phase18-materializer.R","formal-glm-phase18-materializer","Phase-1.8 CAS recovers one deterministic staging record",5,0,FALSE,FALSE,0,0.0220000000001619,0.00499999999999545,0.0500000000001819,5
"test-formal-glm-phase18-materializer.R","formal-glm-phase18-materializer","Phase-1.8 ingress framing matches the Go golden vector",4,0,FALSE,FALSE,0,0.0169999999998254,0,0.0180000000000291,4
"test-formal-glm-phase18-materializer.R","formal-glm-phase18-materializer","Phase-1.8 private plaintext matches the Go golden vector",2,0,FALSE,FALSE,0,0.00500000000010914,0,0.00600000000031287,2
"test-formal-glm-public-result-ds.R","formal-glm-public-result-ds","completed formal-model result readers are remotely exported",1,0,FALSE,FALSE,0,0.00499999999988177,0.00300000000001432,0.00900000000001455,1
"test-formal-glm-public-result-ds.R","formal-glm-public-result-ds","the packaged runtime recognizes the formal GLM public reader",3,0,FALSE,FALSE,0,0.0130000000001473,0.00499999999999545,0.0500000000001819,3
"test-formal-glm-public-result-ds.R","formal-glm-public-result-ds","the packaged runtime recognizes the durable GLM terminal reader",3,0,FALSE,FALSE,0,0.0170000000000528,0.00600000000000023,0.0480000000002292,3
"test-formal-glm-public-result-ds.R","formal-glm-public-result-ds","formal public GLM results are read-only, bounded and redacted",10,0,FALSE,FALSE,0,0.0419999999999163,0.00499999999999545,0.0509999999999309,10
"test-formal-glm-public-result-ds.R","formal-glm-public-result-ds","formal public GLM results can read a durable Phase21 terminal",10,0,FALSE,FALSE,0,0.105000000000018,0.0250000000000057,0.135999999999967,10
"test-formal-glm-public-result-ds.R","formal-glm-public-result-ds","formal public GLM selectors and malformed releases fail closed",3,0,FALSE,FALSE,0,0.04099999999994,0.00399999999999068,0.0640000000003056,3
"test-formal-glm-registered-fresh-source-ds.R","formal-glm-registered-fresh-source-ds","registered fresh GLM source is sealed before source selection",2,0,FALSE,FALSE,0,0.0139999999998963,0.0040000000000191,0.0180000000000291,2
"test-formal-glm-registered-fresh-source-ds.R","formal-glm-registered-fresh-source-ds","registered fresh GLM source rejects widened and mismatched selectors before opening",4,0,FALSE,FALSE,0,0.110000000000127,0.007000000000005,0.119000000000142,4
"test-formal-glm-registered-fresh-source-ds.R","formal-glm-registered-fresh-source-ds","registered fresh GLM source seals even fixed public shapes",2,0,FALSE,FALSE,0,0.0149999999998727,0,0.0199999999999818,2
"test-formal-glm-registered-job-control-ds.R","formal-glm-registered-job-control-ds","registered formal GLM job control relays only a provisioned host",3,0,FALSE,FALSE,0,0.0080000000000382,0.000999999999976353,0.0100000000002183,3
"test-formal-glm-registered-job-control-ds.R","formal-glm-registered-job-control-ds","registered formal GLM job control admits only opaque task status",2,0,FALSE,FALSE,0,0.0889999999999418,0.00800000000000978,0.0979999999999563,2
"test-formal-glm-registered-job-control-ds.R","formal-glm-registered-job-control-ds","registered formal GLM job control relays opaque Phase21 lifecycle frames",11,0,FALSE,FALSE,0,0.0190000000000055,0.00200000000000955,0.0250000000000909,11
"test-formal-glm-registered-job-control-ds.R","formal-glm-registered-job-control-ds","registered formal GLM job control relays only bounded post-Selected frames",6,0,FALSE,FALSE,0,0.01299999999992,0,0.0149999999998727,6
"test-formal-glm-registered-job-control-ds.R","formal-glm-registered-job-control-ds","registered formal GLM job control validates its closed envelope",8,0,FALSE,FALSE,0,0.0380000000000109,0.00199999999998113,0.0470000000000255,8
"test-formal-glm-registered-job-control-ds.R","formal-glm-registered-job-control-ds","registered formal GLM job control rejects unsafe host replies",1,0,FALSE,FALSE,0,0.00700000000006185,0.00100000000000477,0.00800000000026557,1
"test-formal-glm-registered-server-source.R","formal-glm-registered-server-source","registered formal GLM source opens only its configured PSI snapshot",27,0,FALSE,FALSE,0,0.440000000000055,0.0330000000000155,0.488000000000284,27
"test-formal-glm-registered-server-source.R","formal-glm-registered-server-source","registered formal GLM source materializes Poisson blocks at K2 K3 K5",12,0,FALSE,FALSE,0,0.245999999999867,0.00499999999999545,0.264999999999873,12
"test-formal-glm-registered-server-source.R","formal-glm-registered-server-source","registered formal GLM witnesses materialize zero-owned K3 blocks",2,0,FALSE,FALSE,0,0.0570000000000164,0.00100000000000477,0.0599999999999454,2
"test-formal-glm-registered-server-source.R","formal-glm-registered-server-source","registered formal GLM source forwards only its materialized block",14,0,FALSE,FALSE,0,0.131000000000085,0.0199999999999818,0.177000000000135,14
"test-formal-glm-registered-server-source.R","formal-glm-registered-server-source","registered formal GLM source seals a block without returning its pair",5,0,FALSE,FALSE,0,0.102000000000089,0.00900000000001455,0.112999999999829,5
"test-formal-glm-registered-server-source.R","formal-glm-registered-server-source","registered formal GLM source reads only a bounded opaque pair chunk",10,0,FALSE,FALSE,0,0.161999999999807,0.00399999999999068,0.170000000000073,10
"test-formal-glm-registered-server-source.R","formal-glm-registered-server-source","registered formal GLM source imports only a bounded opaque pair chunk",8,0,FALSE,FALSE,0,0.135999999999967,0.0120000000000005,0.151000000000295,8
"test-formal-glm-registered-server-source.R","formal-glm-registered-server-source","registered formal GLM source imports only an encrypted pair",14,0,FALSE,FALSE,0,0.113000000000056,0.00899999999998613,0.128000000000156,14
"test-formal-glm-registered-server-source.R","formal-glm-registered-server-source","registered formal GLM source issues and persists its closed ticket set",18,0,FALSE,FALSE,0,0.127999999999929,0.0169999999999959,0.162999999999556,18
"test-formal-glm-registered-server-source.R","formal-glm-registered-server-source","registered formal GLM source seals only public local evidence",13,0,FALSE,FALSE,0,0.101000000000113,0.0120000000000005,0.118000000000393,13
"test-formal-glm-registered-server-source.R","formal-glm-registered-server-source","registered formal GLM source assembles only signed public receipts",20,0,FALSE,FALSE,0,0.1099999999999,0.0120000000000005,0.128999999999905,20
"test-formal-glm-registered-server-source.R","formal-glm-registered-server-source","registered formal GLM source commits only the persisted binding",18,0,FALSE,FALSE,0,0.113000000000056,0.00500000000002387,0.130999999999858,18
"test-formal-glm-registered-server-source.R","formal-glm-registered-server-source","registered formal GLM source provisions no worker input or result",9,0,FALSE,FALSE,0,0.0989999999999327,0.00399999999999068,0.106999999999971,9
"test-formal-glm-registered-server-source.R","formal-glm-registered-server-source","registered formal GLM witness signs only public post-Selected frames",6,0,FALSE,FALSE,0,0.00900000000001455,0.00200000000000955,0.0140000000001237,6
"test-formal-glm-registered-server-source.R","formal-glm-registered-server-source","registered formal GLM source controls only a provisioned live host",4,0,FALSE,FALSE,0,0.0360000000000582,0.000999999999976353,0.0419999999999163,4
"test-formal-glm-registered-server-source.R","formal-glm-registered-server-source","registered formal GLM source starts a host only after failed health",8,0,FALSE,FALSE,0,0.04099999999994,0,0.114000000000033,8
"test-formal-glm-registered-server-source.R","formal-glm-registered-server-source","registered formal GLM source clamps numeric terms and expands factors",2,0,FALSE,FALSE,0,0.0930000000000746,0,0.0950000000002547,2
"test-formal-glm-registered-server-source.R","formal-glm-registered-server-source","registered formal GLM source rejects an unpinned identity before projection",1,0,FALSE,FALSE,0,0.0389999999999873,0,0.0390000000002146,1
"test-formal-glm-registered-source-ds.R","formal-glm-registered-source-ds","registered formal GLM source DS relays a bounded opaque chunk",5,0,FALSE,FALSE,0,0.0109999999999673,0.00200000000000955,0.0150000000003274,5
"test-formal-glm-registered-source-ds.R","formal-glm-registered-source-ds","registered formal GLM source DS rejects widened or unsafe envelopes",6,0,FALSE,FALSE,0,0.0419999999999163,0.00199999999998113,0.0460000000002765,6
"test-go-command-surface.R","go-command-surface","Go runtime does not publish legacy or reveal commands",1,0,FALSE,FALSE,0,0.0080000000000382,0,0.01299999999992,1
"test-go-command-surface.R","go-command-surface","Go runtime includes only high-level DP noise commands",6,0,FALSE,FALSE,0,0.0209999999999582,0,0.0289999999999964,6
"test-go-command-surface.R","go-command-surface","packaged native runtime advertises the same DP command surface",9,0,FALSE,FALSE,0,0.0269999999998163,0.00300000000001432,0.0599999999999454,9
"test-go-command-surface.R","go-command-surface","joint-DP finite sampler planner remains a data-free preflight",5,0,FALSE,FALSE,0,0.0230000000001382,0.00600000000000023,0.0549999999998363,5
"test-go-command-surface.R","go-command-surface","archived k2-mpc-tool tree is not present",1,0,FALSE,FALSE,0,0.00700000000006185,0.00100000000000477,0.0199999999999818,1
"test-histogram.R","histogram","histogram counts sum to n_total and match tabulate()",5,0,FALSE,FALSE,0,0.0119999999999436,0.000999999999976353,0.0149999999998727,5
"test-histogram.R","histogram","histogram refuses and suppresses small cells when enabled",3,0,FALSE,FALSE,0,0.0229999999999109,0,0.0419999999999163,3
"test-histogram.R","histogram","histogram errors on bad input",4,0,FALSE,FALSE,0,0.0229999999999109,0.00200000000000955,0.0289999999999964,4
"test-histogram.R","histogram","local moments match base R mean/sd and suppress extrema by default",7,0,FALSE,FALSE,0,0.015999999999849,0.00200000000000955,0.0209999999997308,7
"test-histogram.R","histogram","local moments can opt into exact extrema",3,0,FALSE,FALSE,0,0.0080000000000382,0,0.00999999999976353,3
"test-histogram.R","histogram","local moments suppressed when cohort below privacyLevel",5,0,FALSE,FALSE,0,0.0130000000001473,0.00100000000000477,0.0170000000002801,5
"test-histogram.R","histogram","local moments errors on non-numeric variable",1,0,FALSE,FALSE,0,0.00699999999983447,0,0.00700000000006185,1
"test-identity-seed.R","identity-seed","identity seeds are generated from exactly 256 CSPRNG bits",9,0,FALSE,FALSE,0,0.0380000000000109,0.00499999999999545,0.0909999999998945,9
"test-identity-seed.R","identity-seed","first cryptographic use creates distinct persistent node identities",8,0,FALSE,FALSE,0,0.151000000000067,0.0600000000000023,0.419000000000324,8
"test-identity-seed.R","identity-seed","identity seed creation preserves an existing identity",4,0,FALSE,FALSE,0,0.0270000000000437,0.00100000000000477,0.0749999999998181,4
"test-identity-seed.R","identity-seed","pre-receipt identity upgrades authenticate a surviving joint ledger",2,0,FALSE,FALSE,0,0.0460000000000491,0.0100000000000193,0.0579999999999927,2
"test-identity-seed.R","identity-seed","pre-receipt identity upgrades authenticate current joint ledgers",6,0,FALSE,FALSE,0,0.105999999999995,0.0279999999999916,0.175000000000182,6
"test-identity-seed.R","identity-seed","identity continuity rejects orphan current joint-ledger sidecars",2,0,FALSE,FALSE,0,0.0119999999999436,0.0029999999999859,0.0160000000000764,2
"test-identity-seed.R","identity-seed","an empty configured default never shadows persistent identity",1,0,FALSE,FALSE,0,0.00400000000013279,0.00100000000000477,0.00600000000031287,1
"test-identity-seed.R","identity-seed","a configured identity is persisted without drawing new entropy",4,0,FALSE,FALSE,0,0.0249999999998636,0.00200000000000955,0.0660000000002583,4
"test-identity-seed.R","identity-seed","a configured identity cannot replace persistent identity",2,0,FALSE,FALSE,0,0.012000000000171,0,0.0140000000001237,2
"test-identity-seed.R","identity-seed","identity location policy is rechecked after symlink resolution",5,0,FALSE,FALSE,0,0.0119999999999436,0.00200000000000955,0.0160000000000764,5
"test-identity-seed.R","identity-seed","unrecoverable identity loss mints a replacement and preserves evidence",8,0,FALSE,FALSE,0,0.0699999999999363,0.00799999999998136,0.200000000000273,8
"test-identity-seed.R","identity-seed","noise-root recovery restores exactly the same pinned identity",12,0,FALSE,FALSE,0,0.230999999999995,0.0339999999999918,0.552000000000135,12
"test-identity-seed.R","identity-seed","each DP privacy epoch can recover the same pinned identity",10,0,FALSE,FALSE,0,0.223000000000184,0.0150000000000148,0.378999999999905,10
"test-identity-seed.R","identity-seed","tamper and a wrong noise root fail before identity restore",6,0,FALSE,FALSE,0,0.126999999999953,0.00800000000000978,0.199000000000069,6
"test-identity-seed.R","identity-seed","identity recovery rejects symbolic and hard links",6,0,FALSE,FALSE,0,0.155999999999949,0.0309999999999775,0.333999999999833,6
"test-identity-seed.R","identity-seed","concurrent identity recovery converges on the original public key",4,0,FALSE,FALSE,0,0.0990000000001601,0.135000000000019,0.492999999999938,4
"test-identity-seed.R","identity-seed","loss of both primary roots creates a new unpinned identity",7,0,FALSE,FALSE,0,0.445999999999913,0.105999999999995,0.786000000000058,7
"test-identity-seed.R","identity-seed","concurrent identity bootstrap converges on one seed and receipt",2,0,FALSE,FALSE,0,0.0080000000000382,0.108000000000004,0.144000000000233,2
"test-identity-seed.R","identity-seed","concurrent pre-receipt upgrades serialize on the identity lock",3,0,FALSE,FALSE,0,0.0150000000001,0.119,0.152000000000044,3
"test-identity-seed.R","identity-seed","identity bootstrap fails closed without durable synchronization",3,0,FALSE,FALSE,0,0.0139999999998963,0.00799999999998136,0.0260000000002947,3
"test-identity-seed.R","identity-seed","persistent state overrides an ephemeral HOME across reloads",5,0,FALSE,FALSE,0,0.0250000000000909,0.0100000000000193,0.0979999999999563,5
"test-identity-seed.R","identity-seed","Rock persistent home precedes the container HOME fallback",2,0,FALSE,FALSE,0,0.00700000000006185,0.00100000000000477,0.00900000000001455,2
"test-identity-seed.R","identity-seed","configured identity seeds require canonical 256-bit entropy",3,0,FALSE,FALSE,0,0.0190000000000055,0.00199999999998113,0.0219999999999345,3
"test-identity-seed.R","identity-seed","identity seed files reject trailing or non-canonical content",2,0,FALSE,FALSE,0,0.0149999999998727,0.00499999999999545,0.0199999999999818,2
"test-identity-seed.R","identity-seed","identity seed creation fails closed on invalid entropy",15,0,FALSE,FALSE,0,0.0310000000001764,0.0120000000000005,0.0540000000000873,15
"test-identity-seed.R","identity-seed","the production random-byte helper validates its contract",4,0,FALSE,FALSE,0,0.01299999999992,0.00200000000000955,0.0170000000002801,4
"test-imputation.R","imputation","numeric imputation uses an aggregate mean fallback",5,0,FALSE,FALSE,0,0.00999999999999091,0,0.01299999999992,5
"test-imputation.R","imputation","aggregate-only imputation requires explicit opt-in",1,0,FALSE,FALSE,0,0.00600000000008549,0,0.0069999999996071,1
"test-imputation.R","imputation","numeric imputation includes an unpenalized intercept",4,0,FALSE,FALSE,0,0.00900000000001455,0,0.0109999999999673,4
"test-imputation.R","imputation","binary imputation uses an aggregate mode fallback",5,0,FALSE,FALSE,0,0.0080000000000382,0.0029999999999859,0.012000000000171,5
"test-installed-documentation-claims.R","installed-documentation-claims","installed Cox and LMM notes cannot promote quarantined routes",9,0,FALSE,FALSE,0,0.0190000000000055,0.00300000000001432,0.0589999999997417,9
"test-installed-documentation-claims.R","installed-documentation-claims","installed legacy Cox and LMM experiments are marked archival",4,0,FALSE,FALSE,0,0.0130000000001473,0.00199999999998113,0.0499999999997272,4
"test-installed-documentation-claims.R","installed-documentation-claims","formal GLM and Cox notes cannot inherit profile readiness",32,0,FALSE,FALSE,0,0.06899999999996,0.0130000000000052,0.150000000000091,32
"test-installed-documentation-claims.R","installed-documentation-claims","public schema-v5 profile docs keep readiness route-specific",9,0,FALSE,FALSE,0,0.0299999999999727,0.00499999999999545,0.0579999999999927,9
"test-installed-documentation-claims.R","installed-documentation-claims","README makes the no-admission Synopsis contract explicit",5,0,FALSE,FALSE,0,0.0230000000001382,0.00200000000000955,0.0320000000001528,5
"test-joint-dp-control-plane.R","joint-dp-control-plane","the joint ledger rechecks sidecars after acquiring its lock",5,0,FALSE,FALSE,0,0.0440000000000964,0.0229999999999961,0.131000000000313,5
"test-joint-dp-control-plane.R","joint-dp-control-plane","joint allocator uses one global allocation and exact replay",26,0,FALSE,FALSE,0,5.43900000000008,0.375,5.9670000000001,26
"test-joint-dp-control-plane.R","joint-dp-control-plane","methods and arguments reuse one immutable capsule without charge",102,0,FALSE,FALSE,0,12.2950000000001,0.334000000000003,12.8319999999999,102
"test-joint-dp-control-plane.R","joint-dp-control-plane","noise-root rotation preserves and migrates a non-empty joint ledger",44,0,FALSE,FALSE,0,11.202,0.481999999999999,12.0840000000003,44
"test-joint-dp-control-plane.R","joint-dp-control-plane","one peer may rotate its noise root without synchronizing epochs",9,0,FALSE,FALSE,0,3.64499999999998,0.121000000000009,3.89499999999998,9
"test-joint-dp-control-plane.R","joint-dp-control-plane","irrecoverable file-root loss rotates without blocking a used joint ledger",50,0,FALSE,FALSE,0,13.278,0.492999999999995,15.1170000000002,50
"test-joint-dp-control-plane.R","joint-dp-control-plane","rotation migration rejects cryptographic and policy-binding tamper",3,0,FALSE,FALSE,0,4.15599999999995,0.153999999999996,4.52399999999989,3
"test-joint-dp-control-plane.R","joint-dp-control-plane","capsule identity binds policy snapshot schema admission and bounds",5,0,FALSE,FALSE,0,0.163999999999987,0.00200000000000955,0.213999999999942,5
"test-joint-dp-control-plane.R","joint-dp-control-plane","lifetime composition bounds use exact canonical decimals",9,0,FALSE,FALSE,0,0.0700000000001637,0.00199999999998113,0.121999999999844,9
"test-joint-dp-control-plane.R","joint-dp-control-plane","distinct capsules stop at the authenticated lifetime boundary",35,0,FALSE,FALSE,0,8.577,0.16500000000002,8.90200000000004,35
"test-joint-dp-control-plane.R","joint-dp-control-plane","allocator fast state fails closed on head and bootstrap tampering",3,0,FALSE,FALSE,0,2.42499999999995,0.0499999999999829,2.74600000000009,3
"test-joint-dp-control-plane.R","joint-dp-control-plane","allocator fast state authenticates prepared and committed tails",2,0,FALSE,FALSE,0,2.12200000000007,0.0720000000000027,2.37099999999964,2
"test-joint-dp-control-plane.R","joint-dp-control-plane","allocator fast state rejects authentic rollback and writes atomically",8,0,FALSE,FALSE,0,5.09199999999987,0.114000000000004,5.44299999999976,8
"test-joint-dp-control-plane.R","joint-dp-control-plane","allocator output tail detects tamper rollback and partial writes",11,0,FALSE,FALSE,0,9.80599999999981,0.393000000000001,10.556,11
"test-joint-dp-control-plane.R","joint-dp-control-plane","legacy allocator migration audits once and historical reuse stays safe",4,0,FALSE,FALSE,0,3.52599999999984,0.0749999999999886,3.70899999999983,4
"test-joint-dp-control-plane.R","joint-dp-control-plane","vacuous lifetime delta is rejected before allocator state",3,0,FALSE,FALSE,0,0.04099999999994,0.00300000000001432,0.093000000000302,3
"test-joint-dp-control-plane.R","joint-dp-control-plane","two designated peers allocate globally inside a larger pinset",5,0,FALSE,FALSE,0,0.585000000000036,0.0569999999999879,0.754999999999654,5
"test-joint-dp-control-plane.R","joint-dp-control-plane","canonical query normalization and every receipt binding fail closed",10,0,FALSE,FALSE,0,1.10000000000014,0.021000000000015,1.23900000000003,10
"test-joint-dp-control-plane.R","joint-dp-control-plane","leader assignment prevents adversarial A/B head forks",14,0,FALSE,FALSE,0,4.20299999999997,0.216999999999985,4.54799999999977,14
"test-joint-dp-control-plane.R","joint-dp-control-plane","every durable crash phase is replayable without a reroll",7,0,FALSE,FALSE,0,3.73700000000008,0.171000000000021,4.029,7
"test-joint-dp-control-plane.R","joint-dp-control-plane","result bytes are durably mapped and cross-signed before delivery",19,0,FALSE,FALSE,0,7.029,0.405000000000001,7.5920000000001,19
"test-joint-dp-control-plane.R","joint-dp-control-plane","relay-visible result commitments resist a low-entropy dictionary",11,0,FALSE,FALSE,0,3.7059999999999,0.161999999999978,3.99699999999984,11
"test-joint-dp-control-plane.R","joint-dp-control-plane","concurrent identical result persistence has one durable mapping",3,0,FALSE,FALSE,0,2.86200000000008,0.13300000000001,4.5,3
"test-joint-dp-control-plane.R","joint-dp-control-plane","the output tail stops one-peer payload rollback locally",1,0,FALSE,FALSE,0,4.42399999999998,0.217999999999989,4.8449999999998,1
"test-joint-dp-control-plane.R","joint-dp-control-plane","one-peer rollback is stopped by the retained cross-signed head",4,0,FALSE,FALSE,0,5.66800000000012,0.115000000000009,5.92200000000003,4
"test-joint-dp-control-plane.R","joint-dp-control-plane","optional external CAS detects local rollback before prepare",3,0,FALSE,FALSE,0,1.87199999999984,0.0900000000000034,2.07900000000018,3
"test-joint-dp-control-plane.R","joint-dp-control-plane","concurrent identical prepare calls reserve one sticky head",3,0,FALSE,FALSE,0,0.118000000000166,0.0490000000000066,1.25800000000027,3
"test-joint-dp-control-plane.R","joint-dp-control-plane","v2 bounded-source integers exactly respect every supported signed ring",20,0,FALSE,FALSE,0,0.348999999999933,0.0769999999999982,0.452999999999975,20
"test-joint-dp-control-plane.R","joint-dp-control-plane","v2 backend preflight uses raw-seed commitments and stays unavailable",8,0,FALSE,FALSE,0,3.67100000000005,0.285000000000025,4.10300000000007,8
"test-joint-dp-control-plane.R","joint-dp-control-plane","each local allocator commit atomically reserves its registry sequence",72,0,FALSE,FALSE,0,3.72700000000009,0.277999999999992,4.1880000000001,72
"test-joint-dp-control-plane.R","joint-dp-control-plane","allocator-registry crash phases reconcile without duplicate charge",12,0,FALSE,FALSE,0,3.16699999999992,0.168999999999983,3.46500000000015,12
"test-joint-dp-control-plane.R","joint-dp-control-plane","a failed journal append rolls back the allocator charge atomically",8,0,FALSE,FALSE,0,1.27999999999997,0.0550000000000068,1.45600000000013,8
"test-joint-dp-control-plane.R","joint-dp-control-plane","an abandoned reservation keeps sequence zero dense for sequence one",27,0,FALSE,FALSE,0,3.72600000000011,0.238,4.12100000000009,27
"test-joint-dp-control-plane.R","joint-dp-control-plane","allocator cumulative decimals are locale independent",6,0,FALSE,FALSE,0,1.81799999999998,0.0500000000000114,1.99600000000009,6
"test-joint-dp-control-plane.R","joint-dp-control-plane","an abandoned commit exhausts N one but exact replay remains free",6,0,FALSE,FALSE,0,3.05600000000004,0.0869999999999891,3.27399999999989,6
"test-joint-dp-control-plane.R","joint-dp-control-plane","tampered or missing commit reservations fail closed on replay",4,0,FALSE,FALSE,0,2.05500000000006,0.0670000000000073,2.36000000000013,4
"test-joint-dp-control-plane.R","joint-dp-control-plane","historical journal loss blocks new burns but not exact replay",3,0,FALSE,FALSE,0,4.91499999999996,0.204999999999984,5.24399999999969,3
"test-joint-dp-control-plane.R","joint-dp-control-plane","authenticated registry suffix rollback is restored, not recharged",9,0,FALSE,FALSE,0,2.64799999999991,0.0600000000000023,2.83800000000019,9
"test-joint-dp-control-plane.R","joint-dp-control-plane","concurrent authorization memoizes one authenticated registry row",5,0,FALSE,FALSE,0,1.78300000000013,0.15100000000001,5.40599999999995,5
"test-joint-dp-control-plane.R","joint-dp-control-plane","an unbound pre-authorization registry row fails closed",2,0,FALSE,FALSE,0,1.09799999999996,0.144000000000005,1.35600000000022,2
"test-joint-dp-control-plane.R","joint-dp-control-plane","invalid lifetime composition never reaches the capsule registry",3,0,FALSE,FALSE,0,0.0670000000000073,0.00499999999999545,0.135000000000218,3
"test-joint-dp-control-plane.R","joint-dp-control-plane","a tampered historical allocator binding is detected on reuse",1,0,FALSE,FALSE,0,4.86999999999989,0.314999999999998,5.33300000000008,1
"test-joint-dp-control-plane.R","joint-dp-control-plane","steady-state allocator-registry reconciliation uses authenticated heads",4,0,FALSE,FALSE,0,2.41000000000008,0.0730000000000075,2.58899999999994,4
"test-joint-dp-control-plane.R","joint-dp-control-plane","legacy allocator-registry state migrates once then loss fails closed",5,0,FALSE,FALSE,0,2.9190000000001,0.0759999999999934,3.17099999999982,5
"test-joint-dp-control-plane.R","joint-dp-control-plane","authenticated allocator-registry heads detect state tampering",3,0,FALSE,FALSE,0,4.721,0.162999999999982,5.15000000000009,3
"test-joint-dp-control-plane.R","joint-dp-control-plane","capsule status separates the lifetime gate from request quotas",28,0,FALSE,FALSE,0,22.5409999999999,0.647999999999996,23.2910000000002,28
"test-joint-dp-control-plane.R","joint-dp-control-plane","capsule telemetry validates its authenticated lifetime boundary",5,0,FALSE,FALSE,0,0.0139999999996689,0.00100000000000477,0.0170000000002801,5
"test-joint-dp-control-plane.R","joint-dp-control-plane","a non-designated K3 peer attests policy without allocator state",10,0,FALSE,FALSE,0,0.0670000000000073,0.00300000000001432,0.122000000000298,10
"test-joint-dp-convolution-fallback.R","joint-dp-convolution-fallback","convolution source requires a full-ring uniform mask contract",11,0,FALSE,FALSE,0,0.213999999999942,0.00500000000002387,0.295000000000073,11
"test-joint-dp-convolution-fallback.R","joint-dp-convolution-fallback","capsule retries reuse one allocation, sticky seed and full epsilon",21,0,FALSE,FALSE,0,0.380999999999858,0.0159999999999911,0.498999999999796,21
"test-joint-dp-convolution-fallback.R","joint-dp-convolution-fallback","fallback rejects missing or underfunded delta before seed derivation",4,0,FALSE,FALSE,0,0.081000000000131,0.00600000000000023,0.155999999999949,4
"test-joint-dp-convolution-fallback.R","joint-dp-convolution-fallback","fallback rejects an operation identity distinct from its capsule",2,0,FALSE,FALSE,0,0.0720000000001164,0.0159999999999911,0.152000000000044,2
"test-joint-dp-convolution-fallback.R","joint-dp-convolution-fallback","fallback rejects misleading capability or privacy metadata",2,0,FALSE,FALSE,0,0.140999999999622,0.0120000000000005,0.251999999999953,2
"test-joint-dp-convolution-fallback.R","joint-dp-convolution-fallback","joint mechanism accepts only the explicit fallback sampler id",2,0,FALSE,FALSE,0,0.0639999999998508,0.0109999999999957,0.144000000000233,2
"test-joint-dp-convolution-fallback.R","joint-dp-convolution-fallback","server-local Ring128 split is purpose-bound and never advertises capability",10,0,FALSE,FALSE,0,0.1550000000002,0.00800000000000978,0.246000000000095,10
"test-joint-dp-release-domain.R","joint-dp-release-domain","release domain is random, durable and data independent",10,0,FALSE,FALSE,0,0.0289999999999964,0.00200000000000955,0.0340000000001055,10
"test-joint-dp-release-domain.R","joint-dp-release-domain","release-domain rotation is atomic and stale retries are idempotent",8,0,FALSE,FALSE,0,0.0470000000000255,0.00600000000000023,0.0679999999997563,8
"test-joint-dp-release-domain.R","joint-dp-release-domain","release-domain corruption recovers with fresh randomness",4,0,FALSE,FALSE,0,0.0389999999997599,0.0169999999999959,0.0629999999996471,4
"test-joint-dp-release-domain.R","joint-dp-release-domain","a newly created vector store receives a fresh release domain",2,0,FALSE,FALSE,0,0.0160000000000764,0.00100000000000477,0.0180000000000291,2
"test-joint-dp-vector-allocation.R","joint-dp-vector-allocation","biomedical allocation proposals are entirely server-derived",9,0,FALSE,FALSE,0,1.06899999999996,0.0910000000000082,1.21099999999979,9
"test-joint-dp-vector-allocation.R","joint-dp-vector-allocation","cross-signed allocation is mandatory, sticky and non-quota",18,0,FALSE,FALSE,0,11.8359999999998,0.384999999999991,12.3589999999999,18
"test-joint-dp-vector-allocation.R","joint-dp-vector-allocation","allocation rejects relay tamper and non-designated peers",10,0,FALSE,FALSE,0,11.6590000000001,0.16500000000002,12.1220000000003,10
"test-joint-dp-vector-capsule.R","joint-dp-vector-capsule","RESULT phase misses require an intact prepared capsule and no session",15,0,FALSE,FALSE,0,3.42599999999993,0.105000000000018,6.81899999999996,15
"test-joint-dp-vector-capsule.R","joint-dp-vector-capsule","RELEASE phase miss requires a genuinely absent typed transfer",5,0,FALSE,FALSE,0,0.169000000000324,0.00200000000000955,0.179999999999836,5
"test-joint-dp-vector-capsule.R","joint-dp-vector-capsule","the vector store rejects linked SQLite files and sidecars",17,0,FALSE,FALSE,0,0.55199999999968,0.0139999999999816,0.670000000000073,17
"test-joint-dp-vector-capsule.R","joint-dp-vector-capsule","published-state loss denies rematerialization without rotation",6,0,FALSE,FALSE,0,1.15800000000036,0.0279999999999916,1.34400000000005,6
"test-joint-dp-vector-capsule.R","joint-dp-vector-capsule","opening a v5 vector store rejects without mutating its schema",7,0,FALSE,FALSE,0,0.379999999999654,0.0130000000000052,0.436999999999898,7
"test-joint-dp-vector-capsule.R","joint-dp-vector-capsule","a release-table view masquerade is rejected without mutation",9,0,FALSE,FALSE,0,0.409999999999854,0.00900000000001455,0.488999999999578,9
"test-joint-dp-vector-capsule.R","joint-dp-vector-capsule","the authenticated vector schema fixes constraints and indexes",6,0,FALSE,FALSE,0,0.864000000000033,0.0240000000000009,0.927999999999884,6
"test-joint-dp-vector-capsule.R","joint-dp-vector-capsule","the authenticated vector schema rejects an extra table",3,0,FALSE,FALSE,0,0.507999999999811,0.0130000000000052,0.570999999999913,3
"test-joint-dp-vector-capsule.R","joint-dp-vector-capsule","the authenticated vector schema rejects an extra view",3,0,FALSE,FALSE,0,0.518000000000029,0.0120000000000005,0.569000000000415,3
"test-joint-dp-vector-capsule.R","joint-dp-vector-capsule","release-domain corruption without a durable release regenerates",7,0,FALSE,FALSE,0,0.626000000000204,0.0139999999999816,0.6899999999996,7
"test-joint-dp-vector-capsule.R","joint-dp-vector-capsule","authenticated recovery preserves a published later generation",2,0,FALSE,FALSE,0,0.0100000000002183,0,0.0109999999999673,2
"test-joint-dp-vector-capsule.R","joint-dp-vector-capsule","exact Gaussian calibration is conservative and request-bound",54,0,FALSE,FALSE,0,0.652999999999793,0.0169999999999959,0.773000000000138,54
"test-joint-dp-vector-capsule.R","joint-dp-vector-capsule","the scalable vector lifecycle is sticky, final-only and restart-safe",151,0,FALSE,FALSE,0,30.6019999999999,1.05600000000001,33.23,151
"test-joint-dp-vector-capsule.R","joint-dp-vector-capsule","PREPARE crosses manifest, sticky-root and persistent identity barriers",6,0,FALSE,FALSE,0,0.984999999999673,0.0169999999999959,1.08899999999994,6
"test-joint-dp-vector-capsule.R","joint-dp-vector-capsule","unilateral rotation permits prepares but atomically claims one START",24,0,FALSE,FALSE,0,3.70399999999972,0.245000000000005,5.40700000000015,24
"test-joint-dp-vector-capsule.R","joint-dp-vector-capsule","bilateral split claims cannot form a release pair",14,0,FALSE,FALSE,0,5.47299999999996,0.363,6.34900000000016,14
"test-joint-dp-vector-capsule.R","joint-dp-vector-capsule","claim insertion rejects delete triggers and verifies its row",11,0,FALSE,FALSE,0,2.10500000000002,0.0879999999999939,2.44799999999987,11
"test-joint-dp-vector-capsule.R","joint-dp-vector-capsule","a published sibling is rejected at admission before any finalizer",5,0,FALSE,FALSE,0,1.47699999999986,0.0819999999999936,1.70299999999997,5
"test-joint-dp-vector-capsule.R","joint-dp-vector-capsule","legacy public vector releases are backfilled exactly once",16,0,FALSE,FALSE,0,1.30299999999988,0.0769999999999982,1.43000000000029,16
"test-joint-dp-vector-capsule.R","joint-dp-vector-capsule","selective release-ledger rollback cannot erase capsule accounting",19,0,FALSE,FALSE,0,1.68199999999979,0.147999999999996,1.91499999999996,19
"test-joint-dp-vector-capsule.R","joint-dp-vector-capsule","duplicate designated noise roots fail with an actionable typed error",5,0,FALSE,FALSE,0,0.471999999999753,0.0800000000000125,0.601000000000113,5
"test-joint-dp-vector-capsule.R","joint-dp-vector-capsule","the vector typed capability fixes producer, consumer and Ring128 shape",6,0,FALSE,FALSE,0,0.0160000000000764,0.0029999999999859,0.0210000000001855,6
"test-joint-dp-vector-capsule.R","joint-dp-vector-capsule","roleless K3 finalization reserves one durable source tombstone",20,0,FALSE,FALSE,0,3.17100000000028,0.248000000000019,3.58599999999979,20
"test-joint-dp-vector-capsule.R","joint-dp-vector-capsule","final vector compaction is authorized, crash-safe and replay-sticky",52,0,FALSE,FALSE,0,7.89899999999989,0.632000000000005,9.44399999999996,52
"test-joint-dp-vector-capsule.R","joint-dp-vector-capsule","source compaction verifies that private rows were deleted",5,0,FALSE,FALSE,0,4.41800000000012,0.207000000000022,4.96499999999969,5
"test-joint-dp-vector-exact-gc-adapter.R","joint-dp-vector-exact-gc-adapter","staged candidate validity stays private and bound to the sampler plan",13,0,FALSE,FALSE,0,0.103999999999814,0.00300000000001432,0.117000000000189,13
"test-joint-dp-vector-exact-gc-adapter.R","joint-dp-vector-exact-gc-adapter","one-draw selection is manifest-bound and cannot switch on retry",7,0,FALSE,FALSE,0,0.0349999999998545,0.00100000000000477,0.0389999999997599,7
"test-joint-dp-vector-exact-gc-adapter.R","joint-dp-vector-exact-gc-adapter","public cost policy selects convolution before private access",6,0,FALSE,FALSE,0,0.0219999999999345,0.00100000000000477,0.0259999999998399,6
"test-joint-dp-vector-exact-gc-adapter.R","joint-dp-vector-exact-gc-adapter","worker compilation is data-free and tamper-evident",5,0,FALSE,FALSE,0,0.0280000000002474,0.0029999999999859,0.0529999999998836,5
"test-joint-dp-vector-exact-gc-adapter.R","joint-dp-vector-exact-gc-adapter","real Go vector policies retain array shape in worker config",20,0,FALSE,FALSE,0,0.0940000000000509,0.0109999999999957,0.168999999999869,20
"test-joint-dp-vector-exact-gc-adapter.R","joint-dp-vector-exact-gc-adapter","vector worker wire arrays reject malformed policy values",4,0,FALSE,FALSE,0,0.0289999999999964,0.00100000000000477,0.0540000000000873,4
"test-joint-dp-vector-exact-gc-adapter.R","joint-dp-vector-exact-gc-adapter","garbler and evaluator commitments follow pins, not DSI order",5,0,FALSE,FALSE,0,0.0579999999999927,0,0.0589999999997417,5
"test-joint-dp-vector-exact-gc-adapter.R","joint-dp-vector-exact-gc-adapter","operation binding is deterministic across retry and reconnect",4,0,FALSE,FALSE,0,0.0250000000000909,0,0.0259999999998399,4
"test-joint-dp-vector-exact-gc-adapter.R","joint-dp-vector-exact-gc-adapter","server start stages secrets internally and returns metadata only",7,0,FALSE,FALSE,0,0.0209999999997308,0.00100000000000477,0.0249999999996362,7
"test-joint-dp-vector-exact-gc-adapter.R","joint-dp-vector-exact-gc-adapter","server start leaves retryable exact state to the initializer",5,0,FALSE,FALSE,0,0.0149999999998727,0.00100000000000477,0.0170000000002801,5
"test-joint-dp-vector-exact-gc-adapter.R","joint-dp-vector-exact-gc-adapter","durable consume never returns an output or validity share",6,0,FALSE,FALSE,0,0.0390000000002146,0.00100000000000477,0.0430000000001201,6
"test-joint-dp-vector-exact-gc-adapter.R","joint-dp-vector-exact-gc-adapter","one-draw finalization checks validity and never reveals pre-clamp",6,0,FALSE,FALSE,0,0.0260000000002947,0.00199999999998113,0.0309999999999491,6
"test-joint-dp-vector-release-ledger.R","joint-dp-vector-release-ledger","a public release instance is counted exactly once",12,0,FALSE,FALSE,0,0.135000000000218,0.00399999999999068,0.148000000000138,12
"test-joint-dp-vector-release-ledger.R","joint-dp-vector-release-ledger","release-ledger audit matches persisted exact decimal totals",16,0,FALSE,FALSE,0,0.702999999999975,0.00600000000000023,0.715999999999894,16
"test-joint-dp-vector-release-ledger.R","joint-dp-vector-release-ledger","v2 accounting is exact internally and outward-rounded publicly",33,0,FALSE,FALSE,0,0.240999999999985,0.007000000000005,0.281000000000404,33
"test-joint-dp-vector-release-ledger.R","joint-dp-vector-release-ledger","lifetime epsilon and delta borders use exact decimal arithmetic",7,0,FALSE,FALSE,0,0.0329999999999018,0.00200000000000955,0.0380000000000109,7
"test-joint-dp-vector-release-ledger.R","joint-dp-vector-release-ledger","authenticated v1 state migrates only after a full legacy audit",8,0,FALSE,FALSE,0,0.528999999999996,0.00999999999999091,0.560999999999694,8
"test-joint-dp-vector-release-ledger.R","joint-dp-vector-release-ledger","an empty authenticated v1 state audits read-only and migrates",10,0,FALSE,FALSE,0,0.0709999999999127,0.0029999999999859,0.0839999999998327,10
"test-joint-dp-vector-release-ledger.R","joint-dp-vector-release-ledger","tampered v1 history is never migrated",3,0,FALSE,FALSE,0,0.129999999999654,0.0240000000000009,0.155999999999949,3
"test-joint-dp-vector-release-ledger.R","joint-dp-vector-release-ledger","a capsule cannot publish a second release instance",5,0,FALSE,FALSE,0,0.153999999999996,0.0040000000000191,0.159999999999854,5
"test-joint-dp-vector-release-ledger.R","joint-dp-vector-release-ledger","a conflicting replay is rejected without changing telemetry",2,0,FALSE,FALSE,0,0.110999999999876,0.00199999999998113,0.121000000000095,2
"test-joint-dp-vector-release-ledger.R","joint-dp-vector-release-ledger","commit crash phases are atomic and response loss replays",7,0,FALSE,FALSE,0,0.253999999999905,0.00600000000000023,0.267999999999574,7
"test-joint-dp-vector-release-ledger.R","joint-dp-vector-release-ledger","tamper, row deletion and anchored rollback are detected",3,0,FALSE,FALSE,0,0.45699999999988,0.00600000000000023,0.469000000000051,3
"test-joint-dp-vector-release-ledger.R","joint-dp-vector-release-ledger","K=2 and K>=3 use the same two-noise-peer accounting path",3,0,FALSE,FALSE,0,0.114000000000033,0.00200000000000955,0.121000000000095,3
"test-joint-dp-vector-release-ledger.R","joint-dp-vector-release-ledger","the lifetime bound admits N releases and exact replay is free",21,0,FALSE,FALSE,0,198.983,0.492999999999995,199.51,21
"test-joint-dp-vector-release-ledger.R","joint-dp-vector-release-ledger","history replays final state and denies post-publication rerolls",9,0,FALSE,FALSE,0,0.135999999999967,0.00200000000000955,0.141999999999825,9
"test-joint-dp-vector-release-ledger.R","joint-dp-vector-release-ledger","the root-recovery history provider authenticates stored config",5,0,FALSE,FALSE,0,0.260999999999967,0.00200000000000955,0.26700000000028,5
"test-joint-dp-vector-release-ledger.R","joint-dp-vector-release-ledger","direct vector-history reads reject links, sidecars and audit races",11,0,FALSE,FALSE,0,0.101000000000113,0.00199999999998113,0.108999999999924,11
"test-joint-dp-vector-release-ledger.R","joint-dp-vector-release-ledger","inactive root recovery composes vector release instances",6,0,FALSE,FALSE,0,0.125999999999749,0.00600000000000023,0.134999999999764,6
"test-joint-dp-vector-release-ledger.R","joint-dp-vector-release-ledger","concurrent identical commits have one winner and one replay",2,0,FALSE,FALSE,0,0.0500000000001819,0.0440000000000111,0.203999999999724,2
"test-k2-enforce-K.R","k2-enforce-K",".k2_enforce_K bypasses silently when peer_transport_pks NULL",2,0,FALSE,FALSE,0,0.0100000000002183,0.00300000000001432,0.0139999999996689,2
"test-k2-enforce-K.R","k2-enforce-K",".k2_enforce_K passes when K matches",2,0,FALSE,FALSE,0,0.0100000000002183,0.00199999999998113,0.0140000000001237,2
"test-k2-enforce-K.R","k2-enforce-K",".k2_enforce_K stops on K mismatch",2,0,FALSE,FALSE,0,0.0190000000002328,0.00300000000001432,0.0250000000000909,2
"test-k2-enforce-K.R","k2-enforce-K",".k2_enforce_K embeds fn_name in error message",1,0,FALSE,FALSE,0,0.00799999999981083,0.0029999999999859,0.0109999999999673,1
"test-k2-enforce-K.R","k2-enforce-K",".k2_enforce_K omits fn_name when NULL",2,0,FALSE,FALSE,0,0.00799999999981083,0.00100000000000477,0.0109999999999673,2
"test-k2-enforce-K.R","k2-enforce-K","dsvertOrdinalExtractXColumnDS rejects K=3 session",1,0,FALSE,FALSE,0,0.0109999999999673,0.00200000000000955,0.01299999999992,1
"test-k2-enforce-K.R","k2-enforce-K","multinomial DCF-share helpers are usable inside K>=3 sessions",2,0,FALSE,FALSE,0,0.0299999999997453,0.00799999999998136,0.0619999999998981,2
"test-k2-enforce-K.R","k2-enforce-K","dsvertCoxDiscreteShareMaskDS permits K=3 DCF-party use",1,0,FALSE,FALSE,0,0.00900000000001455,0.00100000000000477,0.0109999999999673,1
"test-k2-enforce-K.R","k2-enforce-K","dsvertCoxDiscreteReceiveSharesDS permits K=3 DCF-party use",1,0,FALSE,FALSE,0,0.0109999999999673,0.00100000000000477,0.0180000000000291,1
"test-k2-enforce-K.R","k2-enforce-K","dsvertCoxDiscreteExpandXDS permits K=3 DCF-party use",1,0,FALSE,FALSE,0,0.00999999999976353,0.00100000000000477,0.012000000000171,1
"test-k2-enforce-K.R","k2-enforce-K","k2GradientR1DS does NOT fire K-guard when K=2",1,0,FALSE,FALSE,0,0.00600000000031287,0.0029999999999859,0.0089999999995598,1
"test-k2-enforce-K.R","k2-enforce-K","dsvertOrdinalExtractXColumnDS does NOT fire K-guard when K=2",1,0,FALSE,FALSE,0,0.00700000000006185,0.00300000000001432,0.0109999999999673,1
"test-lmm-k2-enforce-K.R","lmm-k2-enforce-K","dsvertLMMBroadcastClusterIDsDS rejects K=3 session",1,0,FALSE,FALSE,0,0.00900000000001455,0.00399999999999068,0.0139999999996689,1
"test-lmm-k2-enforce-K.R","lmm-k2-enforce-K","dsvertLMMReceiveClusterIDsDS rejects K=3 session",1,0,FALSE,FALSE,0,0.0100000000002183,0,0.0109999999999673,1
"test-lmm-k2-enforce-K.R","lmm-k2-enforce-K","dsvertLMMPerClusterSumDS rejects K=3 session",1,0,FALSE,FALSE,0,0.0100000000002183,0.00100000000000477,0.0119999999997162,1
"test-lmm-k2-enforce-K.R","lmm-k2-enforce-K","LMM cluster broadcast fails closed below privacyLevel",1,0,FALSE,FALSE,0,0.00999999999976353,0.00399999999999068,0.0149999999998727,1
"test-lmm-k2-enforce-K.R","lmm-k2-enforce-K","LMM per-cluster sums fail closed below privacyLevel",1,0,FALSE,FALSE,0,0.00599999999985812,0.00200000000000955,0.00900000000001455,1
"test-lmm-k2-enforce-K.R","lmm-k2-enforce-K","stored LMM X covariance avoids client-supplied cluster vector",2,0,FALSE,FALSE,0,0.00700000000006185,0.00200000000000955,0.0109999999999673,2
"test-lmm-k2-enforce-K.R","lmm-k2-enforce-K","dsvertLMMGlobalSumDS rejects K=3 session",1,0,FALSE,FALSE,0,0.00599999999985812,0.00100000000000477,0.00900000000001455,1
"test-lmm-k2-enforce-K.R","lmm-k2-enforce-K","dsvertLMMPeerFittedShareDS rejects K=3 session",1,0,FALSE,FALSE,0,0.00400000000036016,0.0029999999999859,0.00799999999981083,1
"test-lmm-k2-enforce-K.R","lmm-k2-enforce-K","dsvertLMMCoordResidualShareDS rejects K=3 session",1,0,FALSE,FALSE,0,0.00700000000006185,0.00100000000000477,0.00799999999981083,1
"test-lmm-k2-enforce-K.R","lmm-k2-enforce-K","dsvertLMMPeerResidualFinaliseDS rejects K=3 session",1,0,FALSE,FALSE,0,0.00700000000006185,0.00100000000000477,0.00800000000026557,1
"test-lmm-k2-enforce-K.R","lmm-k2-enforce-K","dsvertLMMGLSTransformDS permits K=3 session arity",1,0,FALSE,FALSE,0,0.00700000000006185,0,0.00799999999981083,1
"test-lmm-k2-enforce-K.R","lmm-k2-enforce-K","dsvertLMMLocalGramDS rejects K=3 session",1,0,FALSE,FALSE,0,0.00700000000006185,0.00100000000000477,0.00800000000026557,1
"test-lmm-k2-enforce-K.R","lmm-k2-enforce-K","dsvertLMMReceiveGramSharesDS rejects K=3 session",1,0,FALSE,FALSE,0,0.00599999999985812,0.00100000000000477,0.00999999999976353,1
"test-lmm-k2-enforce-K.R","lmm-k2-enforce-K","dsvertLMMGramR1DS rejects K=3 session",1,0,FALSE,FALSE,0,0.00600000000031287,0.000999999999976353,0.00800000000026557,1
"test-lmm-k2-enforce-K.R","lmm-k2-enforce-K","dsvertLMMGramR2DS rejects K=3 session",1,0,FALSE,FALSE,0,0.00700000000006185,0,0.00799999999981083,1
"test-lmm-k2-enforce-K.R","lmm-k2-enforce-K","dsvertLMMReceiveClusterIDsDS does NOT fire K-guard when K=2",1,0,FALSE,FALSE,0,0.00500000000010914,0,0.00600000000031287,1
"test-lmm-k2-enforce-K.R","lmm-k2-enforce-K","dsvertLMMGramR1DS does NOT fire K-guard when K=2",1,0,FALSE,FALSE,0,0.00399999999990541,0.00200000000000955,0.00599999999985812,1
"test-lmm-signed-admission.R","lmm-signed-admission","production admission rebuilds only the signed LMM ML profile",29,0,FALSE,FALSE,0,7.29199999999992,0.867999999999995,13.5370000000003,29
"test-lmm-signed-admission.R","lmm-signed-admission","LMM discovery and workload admission retain private grouping",16,0,FALSE,FALSE,0,1.10199999999986,0.119,1.76200000000017,16
"test-lmm-signed-admission.R","lmm-signed-admission","n2000 admission binds only the exact LMM C500 B4 p3 J4 domain",24,0,FALSE,FALSE,0,4.37899999999991,0.622000000000014,8.2470000000003,24
"test-lmm-signed-admission.R","lmm-signed-admission","single-candidate LMM workload projection survives manifest JSON decoding",5,0,FALSE,FALSE,0,0.552999999999884,0.114999999999981,1.05400000000009,5
"test-lmm-signed-admission.R","lmm-signed-admission","LMM source-only peers emit zero public losses without reading outcomes",5,0,FALSE,FALSE,0,0.804000000000087,0.159999999999997,1.62100000000009,5
"test-mpc-bridge.R","mpc-bridge","the R-to-Go bridge preserves every binary64 input bit",2,0,FALSE,FALSE,0,0.00599999999985812,0.00100000000000477,0.00799999999981083,2
"test-mpc-bridge.R","mpc-bridge","the MPC bridge validates command/input before process execution",2,0,FALSE,FALSE,0,0.0119999999997162,0,0.0169999999998254,2
"test-mpc-bridge.R","mpc-bridge","private per-call bridge files use Rock and are removed",6,0,FALSE,FALSE,0,0.0239999999998872,0.0040000000000191,0.0370000000002619,6
"test-mpc-bridge.R","mpc-bridge","the MPC bridge rejects a temporary invocation root in production",1,0,FALSE,FALSE,0,0.00900000000001455,0.000999999999976353,0.0339999999996508,1
"test-mpc-bridge.R","mpc-bridge","the MPC bridge preserves singleton arrays only when requested",3,0,FALSE,FALSE,0,0.0219999999999345,0.00600000000000023,0.0420000000003711,3
"test-mpc-runtime-contract.R","mpc-runtime-contract","mere executable presence and an old version command are rejected",4,0,FALSE,FALSE,0,0.0369999999998072,0.007000000000005,0.0579999999999927,4
"test-mpc-runtime-contract.R","mpc-runtime-contract","an explicit missing runtime override never silently falls back",2,0,FALSE,FALSE,0,0.00799999999981083,0.00100000000000477,0.00999999999976353,2
"test-mpc-runtime-contract.R","mpc-runtime-contract","runtime discovery never repairs unsafe executable permissions",2,0,FALSE,FALSE,0,0.12099999999964,0.00499999999999545,0.170999999999822,2
"test-mpc-runtime-contract.R","mpc-runtime-contract","old-API, malformed or incomplete manifests fail closed",3,0,FALSE,FALSE,0,0.0190000000002328,0.00100000000000477,0.0399999999999636,3
"test-mpc-runtime-contract.R","mpc-runtime-contract","a validated manifest is cached only for one executable identity",10,0,FALSE,FALSE,0,0.0199999999999818,0.00199999999998113,0.0250000000000909,10
"test-mpc-runtime-contract.R","mpc-runtime-contract","packaged artifacts are checksum verified with drift invalidation",6,0,FALSE,FALSE,0,0.0279999999997926,0,0.0309999999999491,6
"test-mpc-runtime-contract.R","mpc-runtime-contract","missing or malformed packaged checksum manifests fail closed",2,0,FALSE,FALSE,0,0.0130000000003747,0,0.01299999999992,2
"test-mpc-runtime-contract.R","mpc-runtime-contract","the current compiled runtime satisfies a deterministic contract",13,0,FALSE,FALSE,0,0.0529999999998836,0.00900000000001455,14.306,13
"test-mpc-runtime-contract.R","mpc-runtime-contract","release Makefile pins reproducible pure-Go flags",16,0,FALSE,FALSE,0,0.0510000000003856,0.00499999999999545,0.103000000000065,16
"test-noise-root-bootstrap.R","noise-root-bootstrap","noise-root bootstrap creates once and survives runtime reloads",19,0,FALSE,FALSE,0,0.526000000000295,0.0349999999999966,0.710000000000036,19
"test-noise-root-bootstrap.R","noise-root-bootstrap","automatic recovery is identity-authenticated and never rerolls",8,0,FALSE,FALSE,0,0.106000000000222,0.0190000000000055,0.204000000000178,8
"test-noise-root-bootstrap.R","noise-root-bootstrap","pre-receipt noise-root upgrades authenticate joint history",4,0,FALSE,FALSE,0,0.0709999999999127,0.0130000000000052,0.143000000000029,4
"test-noise-root-bootstrap.R","noise-root-bootstrap","concurrent processes converge on one noise root",4,0,FALSE,FALSE,0,0.0279999999997926,0.11699999999999,0.699000000000069,4
"test-noise-root-bootstrap.R","noise-root-bootstrap","noise-root bootstrap rejects entropy and filesystem substitution",10,0,FALSE,FALSE,0,0.0960000000000036,0.0949999999999989,0.199000000000069,10
"test-noise-root-bootstrap.R","noise-root-bootstrap","noise-root location policy is rechecked after symlink resolution",5,0,FALSE,FALSE,0,0.012000000000171,0,0.0199999999999818,5
"test-noise-root-bootstrap.R","noise-root-bootstrap","a missing root never replaces promoted or external state",6,0,FALSE,FALSE,0,0.0249999999996362,0.00499999999999545,0.0340000000001055,6
"test-noise-root-bootstrap.R","noise-root-bootstrap","noise-root bootstrap fails closed when durable sync is unavailable",2,0,FALSE,FALSE,0,0.01299999999992,0.00200000000000955,0.0160000000000764,2
"test-noise-root-bootstrap.R","noise-root-bootstrap","default roots are persistent and install loads never create keys",7,0,FALSE,FALSE,0,0.0489999999999782,0.0209999999999866,0.13799999999992,7
"test-noise-root-bootstrap.R","noise-root-bootstrap","configure never creates cryptographic material",1,0,FALSE,FALSE,0,0.00800000000026557,0.00100000000000477,0.0160000000000764,1
"test-noise-root-bootstrap.R","noise-root-bootstrap","package load is secret-write-free outside install environments",4,0,FALSE,FALSE,0,0.0180000000000291,0.00399999999999068,0.0359999999996035,4
"test-noise-root-bootstrap.R","noise-root-bootstrap","service initialization defers the noise root with dataset policy",19,0,FALSE,FALSE,0,0.0340000000001055,0.0100000000000193,0.05600000000004,19
"test-noise-root-bootstrap.R","noise-root-bootstrap","enabled service bootstrap tolerates an absent dataset policy",7,0,FALSE,FALSE,0,0.0779999999999745,0.0300000000000011,0.185999999999694,7
"test-noise-root-bootstrap.R","noise-root-bootstrap","service startup restores identity from its original file noise root",8,0,FALSE,FALSE,0,0.286000000000058,0.0880000000000223,0.596000000000004,8
"test-noise-root-bootstrap.R","noise-root-bootstrap","service startup regenerates both irrecoverably lost roots",7,0,FALSE,FALSE,0,0.333999999999833,0.09699999999998,0.860000000000127,7
"test-noise-root-bootstrap.R","noise-root-bootstrap","unrecoverable identity loss rotates a surviving noise root",6,0,FALSE,FALSE,0,0.28899999999976,0.070999999999998,0.737999999999829,6
"test-noise-root-bootstrap.R","noise-root-bootstrap","service bootstrap rejects a configured identity before root creation",3,0,FALSE,FALSE,0,0.0189999999997781,0.0040000000000191,0.024000000000342,3
"test-noise-root-bootstrap.R","noise-root-bootstrap","simultaneous root loss retires old DP state and resumes cleanly",15,0,FALSE,FALSE,0,0.313999999999851,0.173000000000002,1.48600000000033,15
"test-noise-root-bootstrap.R","noise-root-bootstrap","service startup can restore identity through an original HSM root",11,0,FALSE,FALSE,0,0.277000000000044,0.0659999999999741,0.649999999999636,11
"test-noise-root-bootstrap.R","noise-root-bootstrap","inactive bootstrap refuses to replace a configured ledger root",8,0,FALSE,FALSE,0,0.0360000000000582,0.01400000000001,0.0540000000000873,8
"test-noise-root-bootstrap.R","noise-root-bootstrap","inactive bootstrap rejects legacy joint v1",2,0,FALSE,FALSE,0,0.01299999999992,0.00499999999999545,0.0189999999997781,2
"test-noise-root-bootstrap.R","noise-root-bootstrap","irrecoverable file-root loss rotates automatically without a quota",22,0,FALSE,FALSE,0,4.05699999999979,0.263000000000005,5.11100000000033,22
"test-noise-root-bootstrap.R","noise-root-bootstrap","an unreleased surviving receipt bootstraps one authenticated rotation",10,0,FALSE,FALSE,0,0.328999999999724,0.054000000000002,0.570000000000164,10
"test-noise-root-bootstrap.R","noise-root-bootstrap","receipt-only recovery rejects tamper and surviving release state",5,0,FALSE,FALSE,0,0.0719999999996617,0.00600000000000023,0.141999999999825,5
"test-noise-root-bootstrap.R","noise-root-bootstrap","concurrent loss recovery commits exactly one new privacy epoch",4,0,FALSE,FALSE,0,0.139000000000124,0.146999999999991,1.18600000000015,4
"test-noise-root-bootstrap.R","noise-root-bootstrap","pending rotations resume and journal corruption never rerolls",7,0,FALSE,FALSE,0,0.374000000000251,0.0490000000000066,0.601000000000113,7
"test-numeric-policy.R","numeric-policy","numeric policy never advertises unfinished exact backends",13,0,FALSE,FALSE,0,0.0599999999999454,0.0150000000000148,0.123000000000047,13
"test-numeric-policy.R","numeric-policy","numeric bounds and backend allowlist are custodian options",5,0,FALSE,FALSE,0,0.0289999999999964,0.0120000000000005,0.0840000000002874,5
"test-numeric-policy.R","numeric-policy","malformed custodian numeric configuration fails closed",2,0,FALSE,FALSE,0,0.0670000000000073,0.0250000000000057,0.199999999999818,2
"test-numeric-policy.R","numeric-policy","zero fractional bits is a valid integer fixed-point encoding",6,0,FALSE,FALSE,0,0.0520000000001346,0.00799999999998136,0.0629999999996471,6
"test-numeric-runtime-attestation.R","numeric-runtime-attestation","standardisation enforces raw and encoded custodian bounds",2,0,FALSE,FALSE,0,1.19999999999982,0.25,1.52200000000039,2
"test-numeric-runtime-attestation.R","numeric-runtime-attestation","response domains and IEEE inputs fail closed before encoding",2,0,FALSE,FALSE,0,1.05400000000009,0.00800000000000978,1.10199999999986,2
"test-numeric-runtime-attestation.R","numeric-runtime-attestation","input attestation is execution-bound and releases no extrema",8,0,FALSE,FALSE,0,1.11599999999999,0.0619999999999834,1.2829999999999,8
"test-numeric-runtime-attestation.R","numeric-runtime-attestation","numeric policy id covers its complete canonical body",2,0,FALSE,FALSE,0,0.0369999999998072,0.00600000000000023,0.0769999999997708,2
"test-numeric-runtime-attestation.R","numeric-runtime-attestation","offset registration rejects non-finite/out-of-policy values",6,0,FALSE,FALSE,0,1.08300000000008,0.0550000000000068,1.16800000000012,6
"test-numeric-runtime-attestation.R","numeric-runtime-attestation","weight registration validates the protected operand before sharing",5,0,FALSE,FALSE,0,1.07000000000016,0.0569999999999879,1.1609999999996,5
"test-package-artifact-security.R","package-artifact-security","installed artifacts contain no serialized sessions or secret files",1,0,FALSE,FALSE,0,0.0230000000001382,0.00600000000000023,0.0720000000001164,1
"test-package-artifact-security.R","package-artifact-security","runtime third-party notices enter the source package",2,0,FALSE,FALSE,0,0.00799999999981083,0.00200000000000955,0.0220000000003893,2
"test-package-artifact-security.R","package-artifact-security","source build policy retains notices and excludes Go sources",2,0,FALSE,FALSE,0,0.01299999999992,0.00200000000000955,0.0219999999999345,2
"test-peer-relay-security-contract.R","peer-relay-security-contract","the peer-relay security matrix covers the complete active surface",128,0,FALSE,FALSE,0,0.349999999999909,0.0379999999999825,0.490999999999985,128
"test-peer-relay-security-contract.R","peer-relay-security-contract","typed peer manifests bind every peer for K=2, K=3 and K=5",32,0,FALSE,FALSE,0,0.123999999999796,0.00300000000001432,0.167999999999665,32
"test-peer-relay-security-contract.R","peer-relay-security-contract","exact-GC pair bindings commit the full K=2, K=3 and K=5 pinset",9,0,FALSE,FALSE,0,0.0239999999998872,0.00199999999998113,0.0309999999999491,9
"test-product-safe-aggregate-methods.R","product-safe-aggregate-methods","legacy ordinal helpers are internal and not remotely exposed",3,0,FALSE,FALSE,0,0.0270000000000437,0.00100000000000477,0.0409999999997126,3
"test-product-safe-aggregate-methods.R","product-safe-aggregate-methods","debug and patient-level legacy helpers are not product-exposed",1,0,FALSE,FALSE,0,0.00599999999985812,0.00100000000000477,0.0180000000000291,1
"test-product-safe-aggregate-methods.R","product-safe-aggregate-methods","debug and patient-level helpers are not namespace-exported",1,0,FALSE,FALSE,0,0.00399999999990541,0,0.00400000000036016,1
"test-product-safe-aggregate-methods.R","product-safe-aggregate-methods","discarded unsafe helpers are removed from the namespace",1,0,FALSE,FALSE,0,0.00399999999990541,0,0.00499999999965439,1
"test-product-safe-aggregate-methods.R","product-safe-aggregate-methods","legacy Cox rank AggregateMethods are not product-exposed",1,0,FALSE,FALSE,0,0.00800000000026557,0,0.024000000000342,1
"test-product-safe-aggregate-methods.R","product-safe-aggregate-methods","legacy GEE AR1 helpers are internal and not remotely exposed",3,0,FALSE,FALSE,0,0.00999999999976353,0.00100000000000477,0.0229999999996835,3
"test-psi-alignment-contract.R","psi-alignment-contract","PSI missing-data policies select rows without mutating the source",4,0,FALSE,FALSE,0,0.0300000000002001,0.000999999999976353,0.031999999999698,4
"test-psi-alignment-contract.R","psi-alignment-contract","PSI missing policy and identifiers fail closed",4,0,FALSE,FALSE,0,0.0169999999998254,0.00200000000000955,0.0199999999999818,4
"test-psi-alignment-contract.R","psi-alignment-contract","private alignment manifests bind current identifier order",7,0,FALSE,FALSE,0,0.0259999999998399,0.00100000000000477,0.0320000000001528,7
"test-psi-alignment-contract.R","psi-alignment-contract","numeric identifier commitments ignore display options",2,0,FALSE,FALSE,0,0.00900000000001455,0,0.0100000000002183,2
"test-psi-alignment-contract.R","psi-alignment-contract","padded attestation persists without cardinality or patient digest",8,0,FALSE,FALSE,0,0.0389999999997599,0,0.043999999999869,8
"test-psi-alignment-contract.R","psi-alignment-contract","padded PSI authenticates canonical factor metadata privately",17,0,FALSE,FALSE,0,0.0629999999996471,0.00499999999999545,0.0760000000000218,17
"test-psi-alignment-contract.R","psi-alignment-contract","factor registry is order-canonical and rejects schema mutation",8,0,FALSE,FALSE,0,0.105000000000018,0.00399999999999068,0.115000000000236,8
"test-psi-alignment-contract.R","psi-alignment-contract","factor metadata validation does not inspect aligned row values",3,0,FALSE,FALSE,0,0.0320000000001528,0,0.0380000000000109,3
"test-psi-alignment-contract.R","psi-alignment-contract","factor claims stay disabled without a custodian public-domain policy",2,0,FALSE,FALSE,0,0.0229999999996835,0,0.0250000000000909,2
"test-psi-alignment-contract.R","psi-alignment-contract","only explicitly public factor domains enter the registry",5,0,FALSE,FALSE,0,0.0840000000002874,0.0169999999999959,0.102000000000317,5
"test-psi-alignment-contract.R","psi-alignment-contract","factor cardinality is rejected before scanning undeclared levels",1,0,FALSE,FALSE,0,0.0180000000000291,0.00300000000001432,0.0210000000001855,1
"test-psi-alignment-contract.R","psi-alignment-contract","untrusted factor entries are bounded before canonicalization",4,0,FALSE,FALSE,0,0.0360000000000582,0.00100000000000477,0.0440000000003238,4
"test-psi-alignment-contract.R","psi-alignment-contract","factor metadata reads raw attributes without S3 dispatch",1,0,FALSE,FALSE,0,0.0149999999998727,0,0.0159999999996217,1
"test-psi-alignment-contract.R","psi-alignment-contract","metadata-only validation reads raw data-frame shape",2,0,FALSE,FALSE,0,0.0259999999998399,0.00199999999998113,0.0289999999999964,2
"test-psi-alignment-contract.R","psi-alignment-contract","untrusted registry keys and signatures are length-gated",2,0,FALSE,FALSE,0,0.0299999999997453,0.00100000000000477,0.0320000000001528,2
"test-psi-alignment-contract.R","psi-alignment-contract","factor registry performs one alignment validation per operation",4,0,FALSE,FALSE,0,0.0300000000002001,0,0.0309999999999491,4
"test-psi-alignment-contract.R","psi-alignment-contract","legacy PSI and exact local correlation are absent remotely",3,0,FALSE,FALSE,0,0.01299999999992,0.00100000000000477,0.0300000000002001,3
"test-psi-padded-chunk-cap.R","psi-padded-chunk-cap","padded PSI AND schedules respect the fixed typed-input cap",6,0,FALSE,FALSE,0,0.0450000000000728,0.00200000000000955,0.0509999999999309,6
"test-psi-padded-chunk-cap.R","psi-padded-chunk-cap","large PSI membership vectors use bounded canonical share chunks",6,0,FALSE,FALSE,0,1.06500000000005,0.0979999999999848,1.17199999999957,6
"test-psi-padded-core.R","psi-padded-core","padded PSI selects a server-owned capacity bucket without exact counts",6,0,FALSE,FALSE,0,0.01299999999992,0,0.0219999999999345,6
"test-psi-padded-core.R","psi-padded-core","padded PSI dummies are domain separated and slots are shuffled",6,0,FALSE,FALSE,0,0.0579999999999927,0.000999999999976353,0.0619999999998981,6
"test-psi-padded-core.R","psi-padded-core","padded PSI rejects a forced dummy collision before masking",1,0,FALSE,FALSE,0,0.00600000000031287,0.00100000000000477,0.00700000000006185,1
"test-psi-padded-core.R","psi-padded-core","reported dummy matches are structurally inert",2,0,FALSE,FALSE,0,0.00400000000036016,0,0.00500000000010914,2
"test-psi-padded-core.R","psi-padded-core","padded PSI resolves invalid and duplicate identifiers locally",4,0,FALSE,FALSE,0,0.0230000000001382,0,0.0249999999996362,4
"test-psi-padded-core.R","psi-padded-core","multi-party padded AND is exact for K=2 through K=5",30,0,FALSE,FALSE,0,0.0760000000000218,0.0040000000000191,0.0980000000004111,30
"test-psi-padded-core.R","psi-padded-core","fixed membership and selection payloads do not reveal cardinality",2,0,FALSE,FALSE,0,0.0640000000003056,0.000999999999976353,0.0659999999998035,2
"test-psi-padded-core.R","psi-padded-core","target materialization follows the reference permutation",3,0,FALSE,FALSE,0,0.0419999999999163,0.00100000000000477,0.044999999999618,3
"test-psi-padded-core.R","psi-padded-core","padded PSI contracts reject permutation, omission and substitution",6,0,FALSE,FALSE,0,0.249000000000251,0.0490000000000066,0.597000000000207,6
"test-psi-padded-core.R","psi-padded-core","padded PSI envelopes bind every routing and snapshot field",13,0,FALSE,FALSE,0,0.320000000000164,0.0749999999999886,0.69800000000032,13
"test-psi-padded-core.R","psi-padded-core","padded PSI replay cache is idempotent and rejects conflicting duplicates",4,0,FALSE,FALSE,0,0.0219999999999345,0.00100000000000477,0.024000000000342,4
"test-psi-padded-e2e.R","psi-padded-e2e","padded PSI bind requires a server-authoritative local name",2,0,FALSE,FALSE,0,0.332000000000335,0.0640000000000214,0.733999999999924,2
"test-psi-padded-e2e.R","psi-padded-e2e","padded PSI production bootstraps reject a different authorized purpose",2,0,FALSE,FALSE,0,0.423000000000229,0.0889999999999986,0.899999999999636,2
"test-psi-padded-e2e.R","psi-padded-e2e","fixed-capacity pinned PSI completes K=2 with exact canonical order",27,0,FALSE,FALSE,0,1.93100000000004,0.61699999999999,4.55700000000024,27
"test-psi-padded-e2e.R","psi-padded-e2e","the live padded-PSI attestation hook alone provisions DP state",13,0,FALSE,FALSE,0,1.82299999999987,0.665999999999997,4.45899999999983,13
"test-psi-padded-e2e.R","psi-padded-e2e","authenticated padded PSI provisions a durable stable DP registry",27,0,FALSE,FALSE,0,7.88099999999986,2.691,20.8699999999999,27
"test-psi-padded-e2e.R","psi-padded-e2e","zero, one and full matches have the same public transcript shape",3,0,FALSE,FALSE,0,6.11500000000024,2.553,18.2379999999998,3
"test-psi-padded-e2e.R","psi-padded-e2e","fixed-capacity PSI produces the same canonical intersection for K=3, K=4 and K=5",20,0,FALSE,FALSE,0,13.1790000000001,5.25200000000001,34.1029999999996,20
"test-psi-padded-e2e.R","psi-padded-e2e","K>=3 membership relay attacks fail without changing the result",8,0,FALSE,FALSE,0,2.86599999999999,1.20399999999998,7.71599999999989,8
"test-psi-padded-e2e.R","psi-padded-e2e","purpose-bound padded PSI AND completes through exact GC/OT",18,0,FALSE,FALSE,0,4.01300000000037,1.08600000000001,9.70299999999997,18
"test-psi-padded-persistence.R","psi-padded-persistence","padded PSI journal is encrypted, authenticated and restart-durable",10,0,FALSE,FALSE,0,0.311000000000149,0.0269999999999868,0.539999999999964,10
"test-psi-padded-persistence.R","psi-padded-persistence","padded PSI journals share the process-wide byte cap",11,0,FALSE,FALSE,0,1.10999999999967,0.173000000000002,2.29100000000017,11
"test-psi-padded-persistence.R","psi-padded-persistence","identity rotation retires stale PSI journals without byte debt",7,0,FALSE,FALSE,0,0.121000000000095,0.0219999999999914,0.251999999999953,7
"test-psi-padded-persistence.R","psi-padded-persistence","restart sweep authenticates TTL expiry and never follows links",13,0,FALSE,FALSE,0,0.0929999999998472,0.0339999999999918,0.194999999999709,13
"test-psi-padded-persistence.R","psi-padded-persistence","successful PSI attestation retains only a compact replay receipt",19,0,FALSE,FALSE,0,0.117999999999938,0.0130000000000052,0.247000000000298,19
"test-psi-padded-relay-e2e.R","psi-padded-relay-e2e","B=16384 padded PSI framing survives reorder, duplicate, lost ACK and restart",89,0,FALSE,FALSE,0,0.907000000000153,0.0930000000000177,1.25700000000006,89
"test-psi-padded-relay-e2e.R","psi-padded-relay-e2e","padded PSI relay manifests and fixed framing work for K=2,3,5",5,0,FALSE,FALSE,0,0.627999999999702,0.110000000000014,1.34899999999971,5
"test-psi-padded-relay-e2e.R","psi-padded-relay-e2e","one source can queue multiple PSI envelopes without cross-operation frames",18,0,FALSE,FALSE,0,0.327000000000226,0.0799999999999841,0.733000000000175,18
"test-psi-policy.R","psi-policy","PSI shared-key policy is study separated and public output is non-secret",9,0,FALSE,FALSE,0,0.031999999999698,0,0.0410000000001673,9
"test-psi-policy.R","psi-policy","PSI keyed pseudonym and threshold policies fail closed when unavailable",2,0,FALSE,FALSE,0,0.0149999999998727,0,0.0160000000000764,2
"test-psi-policy.R","psi-policy","security-sensitive PSI options reject malformed values",3,0,FALSE,FALSE,0,0.0199999999999818,0,0.0199999999999818,3
"test-psi-policy.R","psi-policy","PSI identifier validation skips NA and empty IDs",1,0,FALSE,FALSE,0,0.00499999999965439,0,0.00500000000010914,1
"test-psi-policy.R","psi-policy","padded PSI policy has a shape cap but no request quota",2,0,FALSE,FALSE,0,0.0190000000002328,0,0.0199999999999818,2
"test-psi-policy.R","psi-policy","bundled MPC binary supports shared-key PSI pseudonymisation",3,0,FALSE,FALSE,0,0.043999999999869,0.0109999999999957,0.119999999999891,3
"test-psi-source-authorization.R","psi-source-authorization","padded PSI source authorization is custodian-owned and snapshot-bound",6,0,FALSE,FALSE,0,0.0489999999999782,0.007000000000005,0.0589999999997417,6
"test-psi-source-authorization.R","psi-source-authorization","the local PSI descriptor helper is complete and never remote",6,0,FALSE,FALSE,0,0.0380000000000109,0.00399999999999068,0.05600000000004,6
"test-psi-source-authorization.R","psi-source-authorization","unauthorized padded PSI fails before allocating protocol state",2,0,FALSE,FALSE,0,0.0149999999998727,0,0.0150000000003274,2
"test-psi-source-authorization.R","psi-source-authorization","padded PSI reuses a matching custodian DP dataset binding",2,0,FALSE,FALSE,0,0.00900000000001455,0.00200000000000955,0.0109999999999673,2
"test-psi-source-authorization.R","psi-source-authorization","padded PSI source binding rejects a validly signed purpose mismatch",1,0,FALSE,FALSE,0,0.01299999999992,0.00100000000000477,0.0140000000001237,1
"test-public-metadata-policy-only.R","public-metadata-policy-only","column discovery is policy-only and never touches protected data",11,0,FALSE,FALSE,0,0.0289999999999964,0.00399999999999068,0.0409999999997126,11
"test-remote-surface-classification.R","remote-surface-classification","machine-readable remote surface exactly covers server registration",31,0,FALSE,FALSE,0,0.0720000000001164,0.00600000000000023,0.130999999999858,31
"test-remote-surface-classification.R","remote-surface-classification","internal DS compatibility functions stay outside the remote surface",16,0,FALSE,FALSE,0,0.0799999999999272,0.00800000000000978,0.117000000000189,16
"test-remote-surface-classification.R","remote-surface-classification","the retired exact histogram is not remotely reachable",3,0,FALSE,FALSE,0,0.0219999999999345,0.00499999999999545,0.0370000000002619,3
"test-remote-surface-classification.R","remote-surface-classification","the orphaned exact contingency table is not remotely reachable",4,0,FALSE,FALSE,0,0.0280000000002474,0.007000000000005,0.0579999999999927,4
"test-retired-lifetime-vector-surface.R","retired-lifetime-vector-surface","the lifetime-gated vector lifecycle is internal-only",4,0,FALSE,FALSE,0,0.0529999999998836,0.039999999999992,0.130999999999858,4
"test-security-boundaries.R","security-boundaries","legacy column mutation validates names without evaluating expressions",4,0,FALSE,FALSE,0,0.0199999999999818,0.0040000000000191,0.0239999999998872,4
"test-security-boundaries.R","security-boundaries","outcome discovery returns schema only and never observed counts",5,0,FALSE,FALSE,0,0.0180000000000291,0.0029999999999859,0.0230000000001382,5
"test-security-boundaries.R","security-boundaries","session identifiers and disk-store keys reject path traversal",18,0,FALSE,FALSE,0,0.608000000000175,0.111999999999995,0.727999999999611,18
"test-security-boundaries.R","security-boundaries","session blobs stay below a private persistent Rock root",10,0,FALSE,FALSE,0,0.0329999999999018,0.00300000000001432,0.0390000000002146,10
"test-security-boundaries.R","security-boundaries","test-only session blobs stay outside the service state root",2,0,FALSE,FALSE,0,0.00800000000026557,0.00199999999998113,0.0109999999999673,2
"test-security-boundaries.R","security-boundaries","production session blobs reject temporary and linked state roots",6,0,FALSE,FALSE,0,0.0399999999999636,0.0120000000000005,0.0610000000001492,6
"test-security-boundaries.R","security-boundaries","DSLite host metadata is hashed before entering disk paths",2,0,FALSE,FALSE,0,0.00700000000006185,0.00100000000000477,0.00900000000001455,2
"test-security-boundaries.R","security-boundaries","trusted peer pins bind logical names to exact identities",21,0,FALSE,FALSE,0,1.55600000000004,0.320999999999998,2.43600000000015,21
"test-security-boundaries.R","security-boundaries","trusted peer configuration is canonical and fail closed",7,0,FALSE,FALSE,0,0.0470000000000255,0.00200000000000955,0.0749999999998181,7
"test-security-boundaries.R","security-boundaries","an empty default peer name is unset, not a relabel bypass",8,0,FALSE,FALSE,0,0.13799999999992,0.0279999999999916,0.308999999999742,8
"test-security-boundaries.R","security-boundaries","a cloned local identity cannot masquerade as a distinct peer",1,0,FALSE,FALSE,0,0.0350000000003092,0.00800000000000978,0.0650000000000546,1
"test-security-boundaries.R","security-boundaries","ephemeral transport creation cannot bypass identity bootstrap",4,0,FALSE,FALSE,0,0.0289999999999964,0.00100000000000477,0.0320000000001528,4
"test-security-boundaries.R","security-boundaries","the shared MPC bridge gates every transport key generation",2,0,FALSE,FALSE,0,0.012000000000171,0,0.01299999999992,2
"test-security-boundaries.R","security-boundaries","identity derivation rejects an inconsistent Ed25519 keypair",1,0,FALSE,FALSE,0,0.00900000000001455,0,0.0100000000002183,1
"test-security-boundaries.R","security-boundaries","identity handshake rejects malformed self and peer maps",5,0,FALSE,FALSE,0,0.197000000000116,0.0579999999999927,0.501999999999953,5
"test-security-boundaries.R","security-boundaries","IKNP KOS validation cannot be downgraded by an R option",4,0,FALSE,FALSE,0,0.0180000000000291,0.00100000000000477,0.0249999999996362,4
"test-security-profile.R","security-profile","the installed package exposes one immutable disclosure-safe profile",28,0,FALSE,FALSE,0,0.167999999999665,0.0130000000000052,0.242999999999938,28
"test-security-profile.R","security-profile","surface readiness fails closed for missing or stale attestation",24,0,FALSE,FALSE,0,0.141999999999825,0.0339999999999918,0.238000000000284,24
"test-security-profile.R","security-profile","Rock can provision only a server-owned environment attestation",6,0,FALSE,FALSE,0,0.0380000000000109,0.00100000000000477,0.0740000000000691,6
"test-security-profile.R","security-profile","server and provisioner attestation canonicalization has a golden vector",3,0,FALSE,FALSE,0,0.0189999999997781,0,0.0210000000001855,3
"test-security-profile.R","security-profile","the single profile blocks historical shares and generic transport",8,0,FALSE,FALSE,0,0.0470000000000255,0.00600000000000023,0.055000000000291,8
"test-security-profile.R","security-profile","an admitted outer call cannot authorize a nested blocked method",8,0,FALSE,FALSE,0,0.0390000000002146,0.00100000000000477,0.0480000000002292,8
"test-security-profile.R","security-profile","only the purpose-bound padded PSI surface is admitted",5,0,FALSE,FALSE,0,0.0190000000002328,0.00399999999999068,0.0250000000000909,5
"test-security-profile.R","security-profile","no environment variable or option enables a retained exact method",2,0,FALSE,FALSE,0,0.00700000000006185,0.00200000000000955,0.00900000000001455,2
"test-security-profile.R","security-profile","every registered data/session method crosses the central gate",94,0,FALSE,FALSE,0,635.506,1.387,638.257,94
"test-security-profile.R","security-profile","the load-time gate preserves the entrypoint call frame",7,0,FALSE,FALSE,0,0.0300000000002001,0,0.0329999999999018,7
"test-service-bootstrap-boundary.R","service-bootstrap-boundary","the first production remote boundary initializes service state once",4,0,FALSE,FALSE,0,0.00800000000026557,0.00100000000000477,0.0109999999999673,4
"test-service-bootstrap-boundary.R","service-bootstrap-boundary","a failed service bootstrap is retried and never marked ready",6,0,FALSE,FALSE,0,0.0150000000003274,0.00200000000000955,0.0199999999999818,6
"test-service-bootstrap-boundary.R","service-bootstrap-boundary","package tests do not materialize deployment service state",3,0,FALSE,FALSE,0,0.00500000000010914,0.00199999999998113,0.00799999999981083,3
"test-service-bootstrap-boundary.R","service-bootstrap-boundary","configure never materializes deployment service state",3,0,FALSE,FALSE,0,0.00800000000026557,0.00200000000000955,0.0219999999999345,3
"test-service-bootstrap-boundary.R","service-bootstrap-boundary","production bootstrap rejects an image-configured identity seed",5,0,FALSE,FALSE,0,0.0119999999997162,0,0.01299999999992,5
"test-service-bootstrap-boundary.R","service-bootstrap-boundary","every production release gate crosses the service bootstrap",2,0,FALSE,FALSE,0,0.00500000000010914,0,0.00600000000031287,2
"test-service-bootstrap-boundary.R","service-bootstrap-boundary","the first production release gate persists identity state only",9,0,FALSE,FALSE,0,0.0320000000001528,0.00399999999999068,0.0819999999998799,9
"test-session-inactivity-lease.R","session-inactivity-lease","session lifetime is based on durable progress, not total age",7,0,FALSE,FALSE,0,0.0169999999998254,0.00200000000000955,0.0219999999999345,7
"test-session-inactivity-lease.R","session-inactivity-lease","session progress timestamps cannot roll the lease backwards",4,0,FALSE,FALSE,0,0.0169999999998254,0,0.0180000000000291,4
"test-session-inactivity-lease.R","session-inactivity-lease","resource registry releases many expired session owners",5,0,FALSE,FALSE,0,0.614999999999782,0.085000000000008,0.702000000000226,5
"test-session-inactivity-lease.R","session-inactivity-lease","global accounting includes relay, typed, and exact-gc bytes",2,0,FALSE,FALSE,0,0.0150000000003274,0.000999999999976353,0.0169999999998254,2
"test-session-inactivity-lease.R","session-inactivity-lease","Frequency persistent estimates are fixed, bounded, and role exact",9,0,FALSE,FALSE,0,0.0409999999997126,0,0.0470000000000255,9
"test-session-inactivity-lease.R","session-inactivity-lease","Frequency reservations bind once and generic cleanup releases",9,0,FALSE,FALSE,0,0.523999999999887,0.0420000000000016,0.572999999999865,9
"test-transport-probe.R","transport-probe","transport probe validates public bytes without protocol state",6,0,FALSE,FALSE,0,0.00900000000001455,0.00100000000000477,0.01299999999992,6
"test-transport-probe.R","transport-probe","response probe is data-free, bounded and leaves v1 byte-identical",7,0,FALSE,FALSE,0,0.00800000000026557,0.00100000000000477,0.0140000000001237,7
"test-transport-probe.R","transport-probe","response probe enforces its independent fixed server cap",2,0,FALSE,FALSE,0,0.0109999999999673,0,0.01299999999992,2
"test-transport-probe.R","transport-probe","transport probe rejects malformed, non-ASCII and oversized input",5,0,FALSE,FALSE,0,0.0230000000001382,0.00100000000000477,0.0300000000002001,5
"test-transport-probe.R","transport-probe","transport probe server cap cannot exceed eight MiB",3,0,FALSE,FALSE,0,0.00799999999981083,0,0.00900000000001455,3
"test-typed-blob-inventory.R","typed-blob-inventory","typed blob migration inventory is machine-readable and complete",12,0,FALSE,FALSE,0,0.0259999999998399,0.00100000000000477,0.0430000000001201,12
"test-typed-blob-transport.R","typed-blob-transport","remote typed endpoints reject safely without exposing error text",5,0,FALSE,FALSE,0,0.012000000000171,0,0.0199999999999818,5
"test-typed-blob-transport.R","typed-blob-transport","optional formal routing does not block Synopsis tickets",5,0,FALSE,FALSE,0,0.0100000000002183,0.00100000000000477,0.0139999999996689,5
"test-typed-blob-transport.R","typed-blob-transport","typed source spool reads fixed idempotent frames and releases on receipt",13,0,FALSE,FALSE,0,0.36200000000008,0.0339999999999918,0.4050000000002,13
"test-typed-blob-transport.R","typed-blob-transport","inline typed sources stream by ticket without entering producer results",9,0,FALSE,FALSE,0,0.249000000000251,0.0200000000000102,0.282999999999902,9
"test-typed-blob-transport.R","typed-blob-transport","inline typed sources fail closed on tamper and expire cleanly",5,0,FALSE,FALSE,0,0.0339999999996508,0,0.0360000000000582,5
"test-typed-blob-transport.R","typed-blob-transport","inline typed sources reject empty payloads and enforce backpressure",6,0,FALSE,FALSE,0,0.0160000000000764,0,0.0180000000000291,6
"test-typed-blob-transport.R","typed-blob-transport","legacy multi-transfer results stay reserved until every receipt",3,0,FALSE,FALSE,0,0.0470000000000255,0.00399999999999068,0.0519999999996799,3
"test-typed-blob-transport.R","typed-blob-transport","typed source lease follows progress, not absolute elapsed time",9,0,FALSE,FALSE,0,0.136999999999716,0.00500000000002387,0.153000000000247,9
"test-typed-blob-transport.R","typed-blob-transport","source probe runtime path is server-minted and producer replay is sticky",9,0,FALSE,FALSE,0,0.0640000000003056,0.00399999999999068,0.0720000000001164,9
"test-typed-blob-transport.R","typed-blob-transport","source probe applies byte backpressure before runtime or spool creation",11,0,FALSE,FALSE,0,0.0219999999999345,0.00100000000000477,0.0270000000000437,11
"test-typed-blob-transport.R","typed-blob-transport","typed blob tickets derive a fixed destination and stream exactly",12,0,FALSE,FALSE,0,0.0869999999999891,0.00600000000000023,0.104000000000269,12
"test-typed-blob-transport.R","typed-blob-transport","consumed many-frame receipts retain only terminal replay metadata",8,0,FALSE,FALSE,0,0.0509999999999309,0.00499999999999545,0.0590000000001965,8
"test-typed-blob-transport.R","typed-blob-transport","active model families mint and receive on canonical UUID sessions",12,0,FALSE,FALSE,0,0.108000000000175,0.007000000000005,0.119999999999891,12
"test-typed-blob-transport.R","typed-blob-transport","an admitted ticket is signature-verified once across all frames",3,0,FALSE,FALSE,0,0.0299999999997453,0.00199999999998113,0.0340000000001055,3
"test-typed-blob-transport.R","typed-blob-transport","lost producer responses replay one byte-identical pending result",12,0,FALSE,FALSE,0,0.0700000000001637,0.0040000000000191,0.0859999999997854,12
"test-typed-blob-transport.R","typed-blob-transport","an admitted transfer survives ticket expiry but a new one does not",2,0,FALSE,FALSE,0,0.0330000000003565,0.0029999999999859,0.0430000000001201,2
"test-typed-blob-transport.R","typed-blob-transport","typed recipient lease follows byte progress beyond one TTL",4,0,FALSE,FALSE,0,0.0260000000002947,0.00499999999999545,0.0340000000001055,4
"test-typed-blob-transport.R","typed-blob-transport","typed spool reserves final bytes and applies aggregate backpressure",10,0,FALSE,FALSE,0,0.0770000000002256,0.00100000000000477,0.0860000000002401,10
"test-typed-blob-transport.R","typed-blob-transport","duplicate typed frames cannot prolong the inactivity lease",9,0,FALSE,FALSE,0,0.0529999999998836,0.0219999999999914,0.0830000000000837,9
"test-typed-blob-transport.R","typed-blob-transport","typed blob tickets reject arbitrary purpose, routing and replay",6,0,FALSE,FALSE,0,0.05600000000004,0.00200000000000955,0.0610000000001492,6
"test-typed-blob-transport.R","typed-blob-transport","typed consumers reject partial, legacy and wrong-context payloads",4,0,FALSE,FALSE,0,0.0540000000000873,0.00999999999999091,0.0670000000000073,4
"test-typed-blob-transport.R","typed-blob-transport","signed ticket type, phase, shape, session and hash are immutable",7,0,FALSE,FALSE,0,0.0729999999998654,0.00800000000000978,0.0859999999997854,7
"test-typed-blob-transport.R","typed-blob-transport","extra feature destinations are derived from the signed producer",2,0,FALSE,FALSE,0,0.00799999999981083,0,0.00900000000001455,2
"test-typed-blob-transport.R","typed-blob-transport","typed peer binding is deterministic and name-bound",3,0,FALSE,FALSE,0,0.0149999999998727,0,0.0170000000002801,3
"test-typed-blob-transport.R","typed-blob-transport","typed source verification performs one validation and one hash pass",2,0,FALSE,FALSE,0,0.0279999999997926,0.00200000000000955,0.031999999999698,2
"test-typed-blob-transport.R","typed-blob-transport","authenticated source descriptors reject TOCTOU and rename replacement",7,0,FALSE,FALSE,0,0.0509999999999309,0.00499999999999545,0.0579999999999927,7
"test-typed-blob-transport.R","typed-blob-transport","failed atomic source commit removes the renamed spool",5,0,FALSE,FALSE,0,0.0239999999998872,0.00100000000000477,0.0280000000002474,5
"test-typed-blob-transport.R","typed-blob-transport","retained-byte accounting uses an authenticated O(1) fast head",6,0,FALSE,FALSE,0,0.0150000000003274,0.0029999999999859,0.0279999999997926,6
"test-typed-blob-transport.R","typed-blob-transport","interleaved admissions do not rescan existing spool files",8,0,FALSE,FALSE,0,0.055000000000291,0.00900000000001455,0.0679999999997563,8
"test-typed-blob-transport.R","typed-blob-transport","bounded fair sweep releases expired partial and crashed spools",8,0,FALSE,FALSE,0,0.0329999999999018,0.00399999999999068,0.0659999999998035,8
"test-typed-blob-transport.R","typed-blob-transport","capacity sweep reclaims an unstarted expired source transfer",6,0,FALSE,FALSE,0,0.0540000000000873,0.0149999999999864,0.0700000000001637,6
"test-typed-blob-transport.R","typed-blob-transport","failed first-frame admission rolls back file and accounting",4,0,FALSE,FALSE,0,0.0289999999999964,0.00100000000000477,0.0340000000001055,4
"test-typed-blob-transport.R","typed-blob-transport","analysis Count capabilities reject context and route tampering",14,0,FALSE,FALSE,0,0.0779999999999745,0.00100000000000477,0.0909999999998945,14
"test-typed-blob-transport.R","typed-blob-transport","analysis Count transfers are typed, replay-safe and ephemeral",17,0,FALSE,FALSE,0,0.0979999999999563,0.0149999999999864,0.119999999999891,17
"test-typed-blob-transport.R","typed-blob-transport","Frequency typed context and fixed header are closed and public",34,0,FALSE,FALSE,0,0.0610000000001492,0.0169999999999959,0.0980000000004111,34
"test-typed-blob-transport.R","typed-blob-transport","Frequency inline transfer is fixed, replay-safe and released",14,0,FALSE,FALSE,0,0.208000000000084,0.0190000000000055,0.243999999999687,14
"test-typed-blob-transport.R","typed-blob-transport","Frequency tickets reject TTL, recipient, binding and purpose tamper",5,0,FALSE,FALSE,0,0.128000000000156,0.00499999999999545,0.139000000000124,5
"test-typed-blob-transport.R","typed-blob-transport","expiry sweep releases an unstarted inline Frequency operation",4,0,FALSE,FALSE,0,0.0419999999999163,0.0040000000000191,0.0479999999997744,4
"test-weight-shares-privacy.R","weight-shares-privacy","plaintext DCF weight helpers are absent",1,0,FALSE,FALSE,0,0.00599999999985812,0,0.00700000000006185,1
"test-y-share-original.R","y-share-original","canonical deviance preserves the original y share",3,0,FALSE,FALSE,0,0.0520000000001346,0.0150000000000148,0.134000000000015,3
