"file","context","test","nb","failed","skipped","error","warning","user","system","real","passed"
"test-active-first-typed-migration.R","active-first-typed-migration","active first-wave callers no longer select generic blob slots",8,0,FALSE,FALSE,0,0.702,0.0419999999999999,1.058,8
"test-active-first-typed-migration.R","active-first-typed-migration","IKNP and correlation callers use typed/direct contracts",6,0,FALSE,FALSE,0,0.0280000000000005,0.001,0.0389999999999997,6
"test-active-first-typed-migration.R","active-first-typed-migration","typed relay wrappers retain access to their producer connection",6,0,FALSE,FALSE,0,0.216,0.021,0.536000000000001,6
"test-canonical-typed-session-ids.R","canonical-typed-session-ids","active typed model families use unprefixed canonical UUID sessions",6,0,FALSE,FALSE,0,0.26,0.003,0.276,6
"test-canonical-typed-session-ids.R","canonical-typed-session-ids","all package-generated MPC sessions satisfy the relay grammar",4,0,FALSE,FALSE,0,0.144,0.026,0.412000000000001,4
"test-capsule-method-inventory.R","capsule-method-inventory","capsule migration inventory covers the complete public surface",9,0,FALSE,FALSE,0,0.278,0.018,0.301,9
"test-capsule-method-inventory.R","capsule-method-inventory","inventory separates current, migration, artifact and inference state",16,0,FALSE,FALSE,0,0.243,0.005,0.257,16
"test-capsule-method-inventory.R","capsule-method-inventory","sticky Synopsis artifacts never deny a canonical replay",20,0,FALSE,FALSE,0,0.111000000000001,0.00600000000000001,0.128,20
"test-capsule-method-inventory.R","capsule-method-inventory","aliases and wrappers retain honest routing semantics",38,0,FALSE,FALSE,0,0.136,0.005,0.158999999999999,38
"test-capsule-method-inventory.R","capsule-method-inventory","remote-call evidence is classified and scoped",702,0,FALSE,FALSE,0,1.332,0.119,1.81,702
"test-capsule-method-inventory.R","capsule-method-inventory","retired legacy DP endpoints are absent from public route evidence",2,0,FALSE,FALSE,0,0.0939999999999994,0,0.0950000000000006,2
"test-capsule-method-inventory.R","capsule-method-inventory","verified legacy disclosure evidence cannot regress to omission",19,0,FALSE,FALSE,0,0.112,0.002,0.124000000000001,19
"test-capsule-method-inventory.R","capsule-method-inventory","planned artifacts describe the actual biomedical contracts",15,0,FALSE,FALSE,0,0.117000000000001,0.004,0.129,15
"test-capsule-method-inventory.R","capsule-method-inventory","estimands and inference requirements match implemented semantics",22,0,FALSE,FALSE,0,0.132,0.003,0.149000000000001,22
"test-capsule-method-inventory.R","capsule-method-inventory","implemented Synopsis producers and postprocessors are explicit",43,0,FALSE,FALSE,0,0.191000000000001,0.0159999999999999,0.232000000000001,43
"test-capsule-method-inventory.R","capsule-method-inventory","MI is a scoped Synopsis postprocessor, not the retired mutating route",4,0,FALSE,FALSE,0,0.081999999999999,0.002,0.0879999999999992,4
"test-capsule-method-inventory.R","capsule-method-inventory","mixed variants and Frequency compatibility names have explicit scopes",18,0,FALSE,FALSE,0,0.256,0.00800000000000001,0.274000000000001,18
"test-capsule-method-inventory.R","capsule-method-inventory","NB2 slope and categorical MI compatibility routes retain explicit scopes",4,0,FALSE,FALSE,0,0.162000000000001,0.001,0.165000000000001,4
"test-chisq-cross-contract.R","chisq-cross-contract","cross chi-square surface uses only the Synopsis contingency route",4,0,FALSE,FALSE,0,0.00999999999999979,0,0.0119999999999987,4
"test-chisq-cross-contract.R","chisq-cross-contract","cross chi-square and Fisher reuse the identical DP release",5,0,FALSE,FALSE,0,0.00999999999999979,0,0.0120000000000005,5
"test-chisq-cross-contract.R","chisq-cross-contract","new cross-owner categorical requests use one Synopsis release",8,0,FALSE,FALSE,0,0.0489999999999995,0.004,0.0570000000000004,8
"test-chunk-transport.R","chunk-transport","blob transport requires typed TRUE from the exact target",6,0,FALSE,FALSE,0,0.234999999999999,0.002,0.24,6
"test-chunk-transport.R","chunk-transport","NULL acknowledgement is never treated as a successful chunk",6,0,FALSE,FALSE,0,0.0129999999999999,0.001,0.0190000000000001,6
"test-chunk-transport.R","chunk-transport","lost response replays identical bytes and immutable geometry",6,0,FALSE,FALSE,0,0.0109999999999992,0,0.0370000000000008,6
"test-chunk-transport.R","chunk-transport","automatic replay is disabled for callbacks not declared idempotent",2,0,FALSE,FALSE,0,0.00600000000000023,0.001,0.00900000000000034,2
"test-chunk-transport.R","chunk-transport","legacy store callbacks are terminal even on its idempotent path",2,0,FALSE,FALSE,0,0.0100000000000016,0.002,0.0129999999999999,2
"test-chunk-transport.R","chunk-transport","legacy store propagates callback peer rejection without retry",4,0,FALSE,FALSE,0,0.00699999999999967,0.005,0.0140000000000011,4
"test-chunk-transport.R","chunk-transport","legacy store propagates top-level peer rejection without retry",4,0,FALSE,FALSE,0,0.0229999999999997,0,0.0259999999999998,4
"test-chunk-transport.R","chunk-transport","legacy store propagates terminal oversize without retry",8,0,FALSE,FALSE,0,0.0140000000000011,0,0.0190000000000001,8
"test-chunk-transport.R","chunk-transport","chunk transport rejects non-ASCII payloads and unrepresentable geometry",3,0,FALSE,FALSE,0,0.0139999999999993,0.001,0.0150000000000006,3
"test-chunk-transport.R","chunk-transport","legacy Base64 frame bound is conservative without full deparse",3,0,FALSE,FALSE,0,0.0950000000000006,0,0.0960000000000001,3
"test-documentation-release-claims.R","documentation-release-claims","no active frontdoor remains classified as quarantined",1,0,FALSE,FALSE,0,0.00100000000000122,0,0.00300000000000011,1
"test-documentation-release-claims.R","documentation-release-claims","no generated help topic remains classified as quarantined",1,0,FALSE,FALSE,0,0.00200000000000067,0.001,0.00300000000000011,1
"test-documentation-release-claims.R","documentation-release-claims","internal K2 GLM engine has no public help topic",2,0,FALSE,FALSE,0,0.00699999999999967,0.002,0.0129999999999999,2
"test-documentation-release-claims.R","documentation-release-claims","package description distinguishes readmitted scopes from retired variants",7,0,FALSE,FALSE,0,0.00900000000000034,0,0.0169999999999995,7
"test-documentation-release-claims.R","documentation-release-claims","no Roxygen or Rd topic remains in the zero-DSI quarantine",1,0,FALSE,FALSE,0,0.00100000000000122,0.001,0.00400000000000134,1
"test-documentation-release-claims.R","documentation-release-claims","MI help states its strict categorical MCAR scope",8,0,FALSE,FALSE,0,0.00799999999999912,0.003,0.0220000000000002,8
"test-documentation-release-claims.R","documentation-release-claims","GLM help documents the Synopsis route matrix instead of legacy MPC",20,0,FALSE,FALSE,0,0.0750000000000011,0.001,0.093,20
"test-documentation-release-claims.R","documentation-release-claims","GLMM help names the signed binary/Poisson moment and finite-grid scopes",17,0,FALSE,FALSE,0,0.043000000000001,0.003,0.0619999999999994,17
"test-documentation-release-claims.R","documentation-release-claims","multinomial help scopes Frequency and finite-grid routes",16,0,FALSE,FALSE,0,0.020999999999999,0,0.036999999999999,16
"test-documentation-release-claims.R","documentation-release-claims","historical joint names document the finite-grid compatibility boundary",26,0,FALSE,FALSE,0,0.0309999999999988,0.004,0.0630000000000006,26
"test-documentation-release-claims.R","documentation-release-claims","NB2 help limits Frequency post-processing to bounded y ~ 1 counts",14,0,FALSE,FALSE,0,0.0170000000000012,0,0.0250000000000004,14
"test-documentation-release-claims.R","documentation-release-claims","ordinal help requires an explicit order and limits output to thresholds",14,0,FALSE,FALSE,0,0.0139999999999993,0.003,0.0240000000000009,14
"test-documentation-release-claims.R","documentation-release-claims","discrete-hazard help limits the completed formal release",10,0,FALSE,FALSE,0,0.0120000000000005,0.001,0.0199999999999996,10
"test-documentation-release-claims.R","documentation-release-claims","Describe help matches the cold Synopsis execution and replay route",6,0,FALSE,FALSE,0,0.00900000000000034,0.003,0.0199999999999996,6
"test-documentation-release-claims.R","documentation-release-claims","security-status docs cannot promote sealed routes via top-level readiness",8,0,FALSE,FALSE,0,0.0120000000000005,0,0.0180000000000007,8
"test-documentation-release-claims.R","documentation-release-claims","alias help cannot imply that a name makes a route available",8,0,FALSE,FALSE,0,0.0109999999999992,0.004,0.0220000000000002,8
"test-documentation-release-claims.R","documentation-release-claims","rendered reference pages preserve the audited route contracts",12,0,FALSE,FALSE,0,0.0140000000000011,0.002,0.0269999999999992,12
"test-documentation-release-claims.R","documentation-release-claims","retired validation vignettes cannot become website evidence",42,0,FALSE,FALSE,0,0.0750000000000011,0.012,0.183,42
"test-documentation-release-claims.R","documentation-release-claims","Gaussian ownership claims match the implemented capsule registry",3,0,FALSE,FALSE,0,0.0169999999999995,0.003,0.0300000000000011,3
"test-documentation-release-claims.R","documentation-release-claims","categorical finite-grid documentation matches the admitted routes",8,0,FALSE,FALSE,0,0.0449999999999999,0.002,0.0590000000000011,8
"test-documentation-release-claims.R","documentation-release-claims","README maturity and numeric claims match the runtime registry",22,0,FALSE,FALSE,0,0.201000000000001,0.002,0.222999999999999,22
"test-documentation-release-claims.R","documentation-release-claims","formal GEE help states its narrow certified-reader contract",11,0,FALSE,FALSE,0,0.0150000000000006,0.002,0.0300000000000011,11
"test-documentation-release-claims.R","documentation-release-claims","the installed single-mode plan cannot describe a live dual profile",4,0,FALSE,FALSE,0,0.0109999999999992,0.001,0.0160000000000018,4
"test-documentation-release-claims.R","documentation-release-claims","installed Cox and LMM notes retain their exact release boundaries",9,0,FALSE,FALSE,0,0.016,0,0.0240000000000009,9
"test-documentation-release-claims.R","documentation-release-claims","installed legacy Cox and LMM experiments are marked archival",9,0,FALSE,FALSE,0,0.0140000000000011,0.005,0.0410000000000004,9
"test-documentation-release-claims.R","documentation-release-claims","installed and prominent historical scripts have no unsafe defaults",7,0,FALSE,FALSE,0,0.0329999999999995,0.002,0.0539999999999985,7
"test-documentation-release-claims.R","documentation-release-claims","repository validation vignettes are explicitly archival",1,0,TRUE,FALSE,0,0.00300000000000011,0,0.00400000000000134,0
"test-dp-alignment-mask-transport.R","dp-alignment-mask-transport","client alignment projects only the signed private suffix",5,0,FALSE,FALSE,0,0.048,0.001,0.0509999999999984,5
"test-dp-alignment-mask-transport.R","dp-alignment-mask-transport","private alignment gate uses one fixed K-aware transcript",51,0,FALSE,FALSE,0,0.479000000000001,0.0539999999999999,0.562999999999999,51
"test-dp-alignment-mask-transport.R","dp-alignment-mask-transport","all mismatch locations collapse to one terminal outcome",9,0,FALSE,FALSE,0,0.0149999999999988,0,0.0199999999999996,9
"test-dp-alignment-mask-transport.R","dp-alignment-mask-transport","alignment operation identifiers bind chunk geometry",3,0,FALSE,FALSE,0,0.00799999999999912,0,0.0109999999999992,3
"test-dp-analysis-contract.R","dp-analysis-contract","client validates fixed categorical Frequency contracts for K=2,3,5",17,0,FALSE,FALSE,0,2.229,0.002,2.244,17
"test-dp-analysis-contract.R","dp-analysis-contract","Frequency level metadata is capped before semantic sorting",3,0,FALSE,FALSE,0,0.104000000000001,0.002,0.108000000000001,3
"test-dp-analysis-contract.R","dp-analysis-contract","client Frequency identity is canonical and fully semantic",14,0,FALSE,FALSE,0,1.126,0.039,1.174,14
"test-dp-analysis-contract.R","dp-analysis-contract","client Frequency contracts fail closed on every bound dimension",52,0,FALSE,FALSE,0,1.374,0.0089999999999999,1.419,52
"test-dp-analysis-contract.R","dp-analysis-contract","client accepts only fail-closed canonical Count TV contracts",28,0,FALSE,FALSE,0,1.368,0.052,1.438,28
"test-dp-analysis-contract.R","dp-analysis-contract","client validates the server semantic artifact key for K=2,3,5",38,0,FALSE,FALSE,0,1.618,0.00600000000000001,1.654,38
"test-dp-capsule-manifest-client.R","dp-capsule-manifest-client","K=2 through K=5 relay the signed owner union without analyst metadata",72,0,FALSE,FALSE,0,2.906,0.128,3.078,72
"test-dp-capsule-manifest-client.R","dp-capsule-manifest-client","client accepts only the signed Gaussian fragment grammar",12,0,FALSE,FALSE,0,0.183999999999997,0.216,0.407,12
"test-dp-capsule-manifest-client.R","dp-capsule-manifest-client","draft tampering, owner conflicts and divergent builds are rejected",3,0,FALSE,FALSE,0,0.292999999999999,0.0330000000000001,0.327000000000002,3
"test-dp-capsule-manifest-client.R","dp-capsule-manifest-client","manifest bootstrap producers retry exact expressions without quota",9,0,FALSE,FALSE,0,0.362000000000002,0.00499999999999989,0.372,9
"test-dp-capsule-plan.R","dp-capsule-plan","capsule plan fans out every metadata phase for K=2,3,5",47,0,FALSE,FALSE,0,1.387,0.0109999999999999,1.426,47
"test-dp-capsule-plan.R","dp-capsule-plan","capsule plan fails closed on signatures, consensus, scope and layout",6,0,FALSE,FALSE,0,0.940000000000001,0.002,0.946999999999999,6
"test-dp-capsule-plan.R","dp-capsule-plan","capsule plan has a stable compact print contract",9,0,FALSE,FALSE,0,0.125,0.002,0.133000000000003,9
"test-dp-capsule-plan.R","dp-capsule-plan","public capsule plan is plug-and-play and hides transport injection",8,0,FALSE,FALSE,0,0.111000000000001,0.00100000000000011,0.119,8
"test-dp-capsule-plan.R","dp-capsule-plan","the public plan projects only an authenticated Synopsis bundle",7,0,FALSE,FALSE,0,0.0100000000000016,0.00099999999999989,0.0150000000000006,7
"test-dp-capsule-source-client-transport.R","dp-capsule-source-client-transport","source policy identity covers the lifetime-bound server common",5,0,FALSE,FALSE,0,0.137999999999998,0.00100000000000011,0.141000000000005,5
"test-dp-capsule-source-client-transport.R","dp-capsule-source-client-transport","source policy identity matches the server canonical golden",2,0,FALSE,FALSE,0,0.00499999999999901,0,0.00500000000000256,2
"test-dp-capsule-source-client-transport.R","dp-capsule-source-client-transport","source orchestration fails closed without both allocation openings",2,0,FALSE,FALSE,0,0.884,0.00099999999999989,0.885999999999996,2
"test-dp-capsule-source-client-transport.R","dp-capsule-source-client-transport","K=2 through K=5 source orchestration is sticky, ordered and redacted",36,0,FALSE,FALSE,0,4.949,0.251,5.222,36
"test-dp-capsule-source-client-transport.R","dp-capsule-source-client-transport","one bundle fetch and one parallel accept serve each owner chunk",25,0,FALSE,FALSE,0,0.507999999999996,0.00900000000000012,0.527999999999999,25
"test-dp-capsule-source-client-transport.R","dp-capsule-source-client-transport","byte windows of signed artifacts reduce calls without changing envelopes",27,0,FALSE,FALSE,0,26.323,0.097,26.445,27
"test-dp-capsule-source-client-transport.R","dp-capsule-source-client-transport","heterogeneous public node ceilings select a per-source window",16,0,FALSE,FALSE,0,27.91,0.0219999999999998,27.95,16
"test-dp-capsule-source-client-transport.R","dp-capsule-source-client-transport","effective W=1 negotiation preserves legacy artifacts exactly",9,0,FALSE,FALSE,0,8.42700000000001,0.0680000000000001,8.50399999999999,9
"test-dp-capsule-source-client-transport.R","dp-capsule-source-client-transport","an Armadillo-style old server declines sync without poisoning",9,0,FALSE,FALSE,0,1.212,0.00100000000000011,1.22,9
"test-dp-capsule-source-client-transport.R","dp-capsule-source-client-transport","a signed legacy 768 KiB capability falls back to scalar",3,0,FALSE,FALSE,0,0.635999999999996,0.00100000000000011,0.638999999999996,3
"test-dp-capsule-source-client-transport.R","dp-capsule-source-client-transport","mixed v1 and v2 recipients or sources stay scalar",4,0,FALSE,FALSE,0,1.33799999999999,0.00499999999999989,1.34599999999999,4
"test-dp-capsule-source-client-transport.R","dp-capsule-source-client-transport","optional negotiation expression oversize falls back to scalar",3,0,FALSE,FALSE,0,0.603999999999999,0.004,0.611000000000004,3
"test-dp-capsule-source-client-transport.R","dp-capsule-source-client-transport","optional negotiation preserves typed peer rejection evidence",2,0,FALSE,FALSE,0,0.144000000000005,0.00099999999999989,0.147000000000006,2
"test-dp-capsule-source-client-transport.R","dp-capsule-source-client-transport","optional negotiation never reuses a poisoned DSI session",2,0,FALSE,FALSE,0,0.00300000000000011,0.00100000000000011,0.00600000000000023,2
"test-dp-capsule-source-client-transport.R","dp-capsule-source-client-transport","an ambiguous sync transport failure poisons before Prepare",8,0,FALSE,FALSE,0,0.295000000000002,0.002,0.304000000000002,8
"test-dp-capsule-source-client-transport.R","dp-capsule-source-client-transport","a mixed old source is detected before protected Prepare",12,0,FALSE,FALSE,0,3.18599999999999,0,3.194,12
"test-dp-capsule-source-client-transport.R","dp-capsule-source-client-transport","a forged source capability fails before protected Prepare",2,0,FALSE,FALSE,0,0.188000000000002,0,0.189999999999998,2
"test-dp-capsule-source-client-transport.R","dp-capsule-source-client-transport","window downgrade, replay and malformed windows fail safely",7,0,FALSE,FALSE,0,3.081,0.0579999999999998,3.145,7
"test-dp-capsule-source-client-transport.R","dp-capsule-source-client-transport","tickets and summaries reject pin, recipient and source substitution",3,0,FALSE,FALSE,0,0.323999999999998,0.00300000000000011,0.329000000000008,3
"test-dp-capsule-source-client-transport.R","dp-capsule-source-client-transport","envelope signature, body, hash, recipient and order fail closed",5,0,FALSE,FALSE,0,0.977000000000004,0,0.980999999999995,5
"test-dp-capsule-source-client-transport.R","dp-capsule-source-client-transport","ACK binding, completion, partial responses and conflicts fail closed",4,0,FALSE,FALSE,0,0.792000000000002,0.00099999999999989,0.797999999999988,4
"test-dp-capsule-source-client-transport.R","dp-capsule-source-client-transport","near-bound bundles stay one response and final output stays redacted",5,0,FALSE,FALSE,0,0.516999999999996,0,0.519999999999996,5
"test-dp-capsule-source-client-transport.R","dp-capsule-source-client-transport","manifest v6 lifecycle and consortium binding are exact",19,0,FALSE,FALSE,0,0.552999999999997,0.0289999999999999,0.594999999999999,19
"test-dp-capsule-source-client-transport.R","dp-capsule-source-client-transport","client validates the signed server-authoritative primitive scope",13,0,FALSE,FALSE,0,0.131999999999991,0.00800000000000001,0.149000000000001,13
"test-dp-capsule-source-client-transport.R","dp-capsule-source-client-transport","source bridge has no legacy status, quota or request-history path",6,0,FALSE,FALSE,0,0.0150000000000006,0,0.0220000000000056,6
"test-dp-capsule-vector-layout.R","dp-capsule-vector-layout","client reconstructs the canonical server coordinate order",8,0,FALSE,FALSE,0,0.012999999999991,0,0.0159999999999911,8
"test-dp-capsule-vector-layout.R","dp-capsule-vector-layout","client rejects ambiguous or mismatched coordinate manifests",5,0,FALSE,FALSE,0,0.0320000000000107,0,0.0349999999999966,5
"test-dp-capsule-vector-layout.R","dp-capsule-vector-layout","client never expands an undeclared categorical pair",3,0,FALSE,FALSE,0,0.0100000000000051,0.00099999999999989,0.01400000000001,3
"test-dp-capsule-vector-layout.R","dp-capsule-vector-layout","only final DP coordinates can be extracted from a layout block",2,0,FALSE,FALSE,0,0.0190000000000055,0.00099999999999989,0.0210000000000008,2
"test-dp-capsule-vector-layout.R","dp-capsule-vector-layout","two-peer vector accuracy uses the exact convolution tail",5,0,FALSE,FALSE,0,0.177000000000007,0.004,0.183999999999997,5
"test-dp-capsule-vector-layout.R","dp-capsule-vector-layout","L2 lattice validation tolerates only binary scale round-off",3,0,FALSE,FALSE,0,0.00800000000000978,0.00099999999999989,0.0120000000000005,3
"test-dp-capsule-vector-layout.R","dp-capsule-vector-layout","one-draw accuracy follows the signed dyadic law and separate TV",6,0,FALSE,FALSE,0,0.230999999999995,0.00100000000000033,0.234999999999999,6
"test-dp-capsule-vector-layout.R","dp-capsule-vector-layout","signed dyadic conversion encloses the exact rational",4012,0,FALSE,FALSE,0,10.823,0.685,13.691,4012
"test-dp-capsule-vector-layout.R","dp-capsule-vector-layout","exact-GC variance is an outward bound on the signed rational law",2,0,FALSE,FALSE,0,0.01400000000001,0,0.0149999999999864,2
"test-dp-capsule-vector-layout.R","dp-capsule-vector-layout","implementation-delta conversion is bounded and outward",16,0,FALSE,FALSE,0,0.11999999999999,0.00200000000000022,0.129999999999995,16
"test-dp-categorical-cross-transport.R","dp-categorical-cross-transport","categorical K=2 through K=4 separates source and compute peers",15,0,FALSE,FALSE,0,0.343999999999994,0.00700000000000012,0.358000000000004,15
"test-dp-categorical-cross-transport.R","dp-categorical-cross-transport","categorical binding fails closed without allocation openings",2,0,FALSE,FALSE,0,0.0720000000000027,0.00099999999999989,0.0730000000000075,2
"test-dp-categorical-cross-transport.R","dp-categorical-cross-transport","categorical uses one fixed exact multiplication per artifact",45,0,FALSE,FALSE,0,0.804000000000002,0.00700000000000012,0.836000000000013,45
"test-dp-categorical-cross-transport.R","dp-categorical-cross-transport","categorical consumes a shared exact session without reopening it",12,0,FALSE,FALSE,0,0.494,0.00499999999999989,0.506,12
"test-dp-categorical-cross-transport.R","dp-categorical-cross-transport","completed categorical result replays and tampering fails closed",5,0,FALSE,FALSE,0,0.161000000000001,0.00199999999999978,0.164999999999992,5
"test-dp-categorical-inference.R","dp-categorical-inference","two-draw sampler agrees with a small brute-force oracle",1,0,FALSE,FALSE,0,0.0550000000000068,0.00600000000000023,0.0620000000000118,1
"test-dp-categorical-inference.R","dp-categorical-inference","one-draw exact-GC sampler agrees with its signed ideal law",2,0,FALSE,FALSE,0,0.0300000000000011,0.00300000000000011,0.0340000000000202,2
"test-dp-categorical-inference.R","dp-categorical-inference","exact-GC categorical inference uses one signed draw",40,0,FALSE,FALSE,0,0.799000000000007,0.0289999999999999,0.84899999999999,40
"test-dp-categorical-inference.R","dp-categorical-inference","table-vector accuracy method text is canonical for every profile",25,0,FALSE,FALSE,0,0.331999999999994,0.00800000000000001,0.406999999999982,25
"test-dp-categorical-inference.R","dp-categorical-inference","the public per-cell clamp is reproduced exactly",1,0,FALSE,FALSE,0,0.00199999999999534,0.00099999999999989,0.00300000000001432,1
"test-dp-categorical-inference.R","dp-categorical-inference","DP-aware inference is deterministic and preserves caller RNG",9,0,FALSE,FALSE,0,0.090999999999994,0,0.09699999999998,9
"test-dp-categorical-inference.R","dp-categorical-inference","the character front door obtains one capsule artifact only",4,0,FALSE,FALSE,0,0.0349999999999966,0,0.0380000000000109,4
"test-dp-categorical-inference.R","dp-categorical-inference","the DP-aware result reports MC and finite-sampler uncertainty",12,0,FALSE,FALSE,0,0.0799999999999983,0,0.0869999999999891,12
"test-dp-categorical-inference.R","dp-categorical-inference","association evidence grows with effective sample size",2,0,FALSE,FALSE,0,0.236999999999995,0.00099999999999989,0.240000000000009,2
"test-dp-categorical-inference.R","dp-categorical-inference","weakly estimable tables return no misleading p-value",5,0,FALSE,FALSE,0,0.00999999999999091,0.00300000000000011,0.0169999999999959,5
"test-dp-categorical-inference.R","dp-categorical-inference","tampered DP artifacts and analyst seed-like inputs are rejected",3,0,FALSE,FALSE,0,0.0160000000000053,0.00100000000000033,0.0190000000000055,3
"test-dp-categorical-inference.R","dp-categorical-inference","same-owner cross routing cannot append ordinary Fisher inference",1,0,FALSE,FALSE,0,0.00499999999999545,0,0.00600000000000023,1
"test-dp-categorical-inference.R","dp-categorical-inference","lowercase and epidemiology front doors reuse one validated release",6,0,FALSE,FALSE,0,0.140999999999991,0,0.14500000000001,6
"test-dp-categorical-inference.R","dp-categorical-inference","DP-aware Fisher reuses one sticky release and preserves RNG",17,0,FALSE,FALSE,0,0.242000000000004,0.00399999999999956,0.257000000000005,17
"test-dp-categorical-inference.R","dp-categorical-inference","Fisher character and lowercase front doors obtain one capsule",4,0,FALSE,FALSE,0,0.0279999999999916,0,0.0300000000000011,4
"test-dp-categorical-inference.R","dp-categorical-inference","conditional latent sampler has the declared exact margins",7,0,FALSE,FALSE,0,0.0240000000000009,0.00499999999999989,0.0330000000000155,7
"test-dp-categorical-inference.R","dp-categorical-inference","DP-aware conditional test separates a strong association",5,0,FALSE,FALSE,0,0.344000000000008,0.00300000000000011,0.349000000000018,5
"test-dp-categorical-inference.R","dp-categorical-inference","conditional calibration has reasonable null behavior",2,0,FALSE,FALSE,0,0.838999999999999,0.00600000000000023,0.84699999999998,2
"test-dp-categorical-inference.R","dp-categorical-inference","Fisher fails honestly for unsupported or degenerate contracts",8,0,FALSE,FALSE,0,0.0300000000000011,0.00199999999999978,0.0370000000000061,8
"test-dp-categorical-inference.R","dp-categorical-inference","Fisher rejects tampering and has no legacy exact release route",5,0,FALSE,FALSE,0,0.0229999999999961,0.00100000000000033,0.0260000000000105,5
"test-dp-client-contract.R","dp-client-contract","exported DP methods cannot reach retired DP endpoints",2,0,FALSE,FALSE,0,36.915,0.093,37.015,2
"test-dp-client-contract.R","dp-client-contract","retired local schema-6 validators are absent",1,0,FALSE,FALSE,0,0.00300000000001432,0,0.0029999999999859,1
"test-dp-client-contract.R","dp-client-contract","DP calibration uses fixed per-capsule privacy parameters",58,0,FALSE,FALSE,0,0.520999999999987,0.0259999999999998,0.570999999999998,58
"test-dp-client-contract.R","dp-client-contract","calibration has no operation-history input or accuracy schedule",9,0,FALSE,FALSE,0,0.307000000000016,0.00099999999999989,0.311999999999983,9
"test-dp-client-contract.R","dp-client-contract","random calibrations never present a preview as deployed selection",1,0,FALSE,FALSE,0,0.0769999999999982,0,0.0770000000000266,1
"test-dp-client-contract.R","dp-client-contract","postprocessed count boxes cover all bounded integer noise draws",1,0,FALSE,FALSE,0,0.0859999999999843,0,0.0860000000000127,1
"test-dp-cor-pca.R","dp-cor-pca","pairwise DP correlation uses one no-lifetime Synopsis for K=2,3,5",108,0,FALSE,FALSE,0,0.668999999999983,0.0180000000000002,0.722000000000008,108
"test-dp-cor-pca.R","dp-cor-pca","same Synopsis permits flexible signed subsets without a new release",4,0,FALSE,FALSE,0,0.0300000000000011,0.00099999999999989,0.0320000000000107,4
"test-dp-cor-pca.R","dp-cor-pca","pairwise DP correlation replay is byte-identical",3,0,FALSE,FALSE,0,0.0320000000000107,0,0.0330000000000155,3
"test-dp-cor-pca.R","dp-cor-pca","pairwise DP correlation rejects detached hashes before postprocess",14,0,FALSE,FALSE,0,0.0699999999999932,0,0.078000000000003,14
"test-dp-cor-pca.R","dp-cor-pca","explicit pairwise correlation preserves the signed L2 plan",10,0,FALSE,FALSE,0,0.0409999999999968,0.00200000000000022,0.046999999999997,10
"test-dp-cor-pca.R","dp-cor-pca","complete-case correlation matches the central joint oracle",15,0,FALSE,FALSE,0,0.0390000000000157,0,0.0440000000000111,15
"test-dp-cor-pca.R","dp-cor-pca","correlation interval arithmetic rounds outward",2,0,FALSE,FALSE,0,0.00499999999999545,0,0.007000000000005,2
"test-dp-cor-pca.R","dp-cor-pca","complete-case correlation requires signed intercept sums",3,0,FALSE,FALSE,0,0.210999999999984,0,0.212999999999994,3
"test-dp-cor-pca.R","dp-cor-pca","cross-owner complete-case Cor is quarantined for K2 and K3",2,0,FALSE,FALSE,0,0.0529999999999973,0.00099999999999989,0.0550000000000068,2
"test-dp-cor-pca.R","dp-cor-pca","cross-owner requests fail before any capsule or legacy call",3,0,FALSE,FALSE,0,0.0269999999999868,0,0.0289999999999964,3
"test-dp-cor-pca.R","dp-cor-pca","ds.vertCor front door uses Gaussian and never pairwise fallback",3,0,FALSE,FALSE,0,0.01400000000001,0.00099999999999989,0.0159999999999911,3
"test-dp-cor-pca.R","dp-cor-pca","PCA is zero-cost post-processing with honest eigengap diagnostics",30,0,FALSE,FALSE,0,0.149000000000001,0.00499999999999989,0.164999999999992,30
"test-dp-cor-pca.R","dp-cor-pca","direct PCA front door performs exactly one Synopsis read",7,0,FALSE,FALSE,0,0.233000000000004,0,0.23599999999999,7
"test-dp-cor-pca.R","dp-cor-pca","pairwise denominator validation never invents a correlation",1,0,FALSE,FALSE,0,0.0159999999999911,0,0.0159999999999911,1
"test-dp-cor-pca.R","dp-cor-pca","correlation rejects altered signed pair semantics",1,0,FALSE,FALSE,0,0.0190000000000055,0,0.0200000000000102,1
"test-dp-cor-pca.R","dp-cor-pca","pairwise DP correlation rejects missing and ambiguous blocks",2,0,FALSE,FALSE,0,0.0220000000000198,0.00100000000000033,0.0240000000000009,2
"test-dp-cor-pca.R","dp-cor-pca","correlation and PCA front doors cannot reach legacy endpoints",14,0,FALSE,FALSE,0,7.898,0.0819999999999999,8.22999999999999,14
"test-dp-core-vector-methods.R","dp-core-vector-methods","legacy Count validator is explicit-test-only",20,0,FALSE,FALSE,0,0.109000000000009,0,0.115000000000009,20
"test-dp-core-vector-methods.R","dp-core-vector-methods","DP Count reads a signed durable Synopsis at K=2, K=3, and K=5",84,0,FALSE,FALSE,0,0.293000000000006,0.012,0.337000000000018,84
"test-dp-core-vector-methods.R","dp-core-vector-methods","DP contingency respects signed column-major orientation",26,0,FALSE,FALSE,0,0.113999999999976,0.004,0.129999999999995,26
"test-dp-core-vector-methods.R","dp-core-vector-methods","DP contingency consumes one projected Synopsis for K=2,3,5",69,0,FALSE,FALSE,0,0.477000000000004,0.0150000000000001,0.521999999999991,69
"test-dp-core-vector-methods.R","dp-core-vector-methods","cross-owner contingency uses one canonical Synopsis draw for K=2,3,5 and only transposes in the client",102,0,FALSE,FALSE,0,0.256,0.0110000000000001,0.308999999999997,102
"test-dp-core-vector-methods.R","dp-core-vector-methods","qualified duplicate physical columns map one cross Synopsis for K=2,3,5 and bare duplicates fail before the runner",30,0,FALSE,FALSE,0,0.115000000000009,0.00199999999999978,0.129000000000019,30
"test-dp-core-vector-methods.R","dp-core-vector-methods","federation categorical references resolve locally before DSI for K=2,3,5",72,0,FALSE,FALSE,0,0.572000000000003,0.00600000000000023,0.609000000000009,72
"test-dp-core-vector-methods.R","dp-core-vector-methods","cross chi-square preserves a federation for its single front door",7,0,FALSE,FALSE,0,0.0169999999999959,0,0.0180000000000007,7
"test-dp-core-vector-methods.R","dp-core-vector-methods","cross-owner contingency rejects all seven detached roots pre-map",14,0,FALSE,FALSE,0,0.0859999999999843,0,0.0900000000000034,14
"test-dp-core-vector-methods.R","dp-core-vector-methods","cross-owner contingency fails closed on missing or ambiguous blocks",3,0,FALSE,FALSE,0,0.0220000000000198,0,0.0220000000000198,3
"test-dp-core-vector-methods.R","dp-core-vector-methods","DP contingency rejects detached Synopsis roots before table mapping",14,0,FALSE,FALSE,0,0.0589999999999975,0.00099999999999989,0.0649999999999977,14
"test-dp-core-vector-methods.R","dp-core-vector-methods","vector statistics support fixed-cohort replacement adjacency",5,0,FALSE,FALSE,0,0.0159999999999911,0,0.0180000000000007,5
"test-dp-core-vector-methods.R","dp-core-vector-methods","DP mean/variance consumes one no-lifetime Synopsis for K=2,3,5",96,0,FALSE,FALSE,0,0.25,0.00499999999999989,0.287000000000006,96
"test-dp-core-vector-methods.R","dp-core-vector-methods","DP mean/variance replay is byte-identical",7,0,FALSE,FALSE,0,0.0209999999999866,0,0.0240000000000009,7
"test-dp-core-vector-methods.R","dp-core-vector-methods","DP mean/variance rejects detached Synopsis hashes before postprocess",16,0,FALSE,FALSE,0,0.0689999999999884,0.00099999999999989,0.0759999999999934,16
"test-dp-core-vector-methods.R","dp-core-vector-methods","remaining core vector methods preserve one signed Gaussian L2 release",17,0,FALSE,FALSE,0,0.0670000000000073,0,0.0720000000000027,17
"test-dp-core-vector-methods.R","dp-core-vector-methods","core vector methods reject missing and ambiguous signed blocks",4,0,FALSE,FALSE,0,0.0339999999999918,0.00100000000000033,0.0360000000000014,4
"test-dp-core-vector-methods.R","dp-core-vector-methods","fixed-cohort Count exposes only the signed K-consensus value",13,0,FALSE,FALSE,0,0.0340000000000202,0.00299999999999967,0.0409999999999968,13
"test-dp-core-vector-methods.R","dp-core-vector-methods","public vector metadata follows the signed backend selection",12,0,FALSE,FALSE,0,0.0300000000000011,0,0.0339999999999918,12
"test-dp-count-analysis.R","dp-count-analysis","Count compile-authorize-bind is K-generic and role stable",76,0,FALSE,FALSE,0,6.161,0.00700000000000012,6.196,76
"test-dp-count-analysis.R","dp-count-analysis","Count compile mode is a closed full-K sum type",14,0,FALSE,FALSE,0,3.68799999999999,0.00099999999999989,3.697,14
"test-dp-count-analysis.R","dp-count-analysis","fixed Count Compile verifies exact K signatures and short-circuits",24,0,FALSE,FALSE,0,0.299000000000007,0.004,0.316000000000003,24
"test-dp-count-analysis.R","dp-count-analysis","fixed Count Compile rejects every consensus and pin tamper",8,0,FALSE,FALSE,0,0.198000000000008,0.00200000000000022,0.203000000000003,8
"test-dp-count-analysis.R","dp-count-analysis","Count client compiler has exact K, signature and server hash parity",17,0,FALSE,FALSE,0,2.685,0.00199999999999978,2.69500000000002,17
"test-dp-count-analysis.R","dp-count-analysis","Count compile consensus rejects closed-schema and receipt tampering",11,0,FALSE,FALSE,0,0.619,0,0.625,11
"test-dp-count-analysis.R","dp-count-analysis","Count authorization fails before transport on every public tamper",12,0,FALSE,FALSE,0,2.67200000000003,0.00099999999999989,2.678,12
"test-dp-count-analysis.R","dp-count-analysis","Count control-plane result contains no protected statistic",9,0,FALSE,FALSE,0,1.82399999999998,0.00200000000000022,1.83000000000001,9
"test-dp-count-execution.R","dp-count-execution","Count execution keeps analyst inputs out of the cryptographic contract",3,0,FALSE,FALSE,0,0.007000000000005,0.00099999999999989,0.0169999999999959,3
"test-dp-count-execution.R","dp-count-execution","Count execution is K-generic but computes on exactly two roles",84,0,FALSE,FALSE,0,3.27000000000001,0.0470000000000002,3.34800000000001,84
"test-dp-count-execution.R","dp-count-execution","Count execution rejects cardinality, order and closed-state tamper",28,0,FALSE,FALSE,0,1.864,0.00700000000000012,1.88200000000001,28
"test-dp-count-execution.R","dp-count-execution","Count execution aborts failures and always consumes cleanup authority",15,0,FALSE,FALSE,0,0.792000000000002,0.00199999999999978,0.800000000000011,15
"test-dp-count-execution.R","dp-count-execution","Count release is deterministic, bounded and contains no execution state",6,0,FALSE,FALSE,0,1.08399999999997,0.00200000000000022,1.089,6
"test-dp-count-execution.R","dp-count-execution","Count 95% accuracy radius is an exact conservative dyadic bound",2,0,FALSE,FALSE,0,0.00600000000000023,0,0.00699999999997658,2
"test-dp-count-execution.R","dp-count-execution","fixed Count execution returns public consensus without session work",3,0,FALSE,FALSE,0,0.0380000000000109,0,0.0400000000000205,3
"test-dp-count-synopsis-rock-e2e.R","dp-count-synopsis-rock-e2e","real Synopsis Count is plausible and Rock-replayable at K=2/3/5",78,0,FALSE,FALSE,0,348.854,9.619,389.897,78
"test-dp-cox-grid-cross-e2e.R","dp-cox-grid-cross-e2e","two DSLite custodians exercise tagged Cox oracle and DP grid selection",23,0,FALSE,FALSE,0,2.90200000000004,0.210000000000001,4.65899999999999,23
"test-dp-cox-grid-cross.R","dp-cox-grid-cross","Cox client accepts only a literal additive Surv formula",8,0,FALSE,FALSE,0,0.0320000000000391,0,0.0360000000000582,8
"test-dp-cox-grid-cross.R","dp-cox-grid-cross","Cox cross-owner contracts require both real custodian signatures",12,0,FALSE,FALSE,0,1.21500000000003,0.00199999999999889,1.22400000000005,12
"test-dp-cox-grid-cross.R","dp-cox-grid-cross","Cox client canonical argmin rescales slopes and omits inference",13,0,FALSE,FALSE,0,0.337999999999965,0.00200000000000067,0.348999999999933,13
"test-dp-cox-grid-cross.R","dp-cox-grid-cross","production Cox client is closed and exposes no test evaluator",5,0,FALSE,FALSE,0,0.0120000000000573,0.00200000000000067,0.0170000000000528,5
"test-dp-cox-grid-cross.R","dp-cox-grid-cross","Cox server and client canonical contracts agree",1,0,FALSE,FALSE,0,0.932999999999993,0.0329999999999995,1.12800000000004,1
"test-dp-cox-grid-cross.R","dp-cox-grid-cross","Cox measured admission is enforced even with both valid signatures",11,0,FALSE,FALSE,0,2.851,0.0549999999999997,2.91300000000001,11
"test-dp-cox-grid-cross.R","dp-cox-grid-cross","Cox signed layout pins the terminal share conversion for fusion",4,0,FALSE,FALSE,0,0.178999999999974,0,0.182000000000016,4
"test-dp-cox-partial-grid.R","dp-cox-partial-grid","Cox partial-likelihood grid validates only its signed candidates",4,0,FALSE,FALSE,0,0.136000000000081,0.00100000000000122,0.138999999999896,4
"test-dp-cox-partial-grid.R","dp-cox-partial-grid","Cox partial-likelihood Synopsis uses one certified signed block",3,0,FALSE,FALSE,0,0.0320000000000391,0.000999999999999446,0.0339999999999918,3
"test-dp-cox-partial-grid.R","dp-cox-partial-grid","Cox partial-grid frontdoor rejects legacy controls",6,0,FALSE,FALSE,0,0.0539999999999736,0,0.0579999999999927,6
"test-dp-cross-shared-exact-transport.R","dp-cross-shared-exact-transport","shared exact context is replay-exact and capsule-bound for K=2/3/4/5",64,0,FALSE,FALSE,0,0.230000000000018,0.0080000000000009,0.267000000000053,64
"test-dp-cross-shared-exact-transport.R","dp-cross-shared-exact-transport","one shared session and gate serve both families for K=2/3/4/5",48,0,FALSE,FALSE,0,0.09800000000007,0.00300000000000011,0.126999999999953,48
"test-dp-cross-shared-exact-transport.R","dp-cross-shared-exact-transport","tampered shared gate aborts before either family starts",3,0,FALSE,FALSE,0,0.00900000000001455,0.000999999999999446,0.0109999999999673,3
"test-dp-cross-shared-exact-transport.R","dp-cross-shared-exact-transport","family exact domains remain distinct inside a shared session",4,0,FALSE,FALSE,0,0.00900000000001455,0,0.0109999999999673,4
"test-dp-describe.R","dp-describe","describe maps only signed final vector blocks",15,0,FALSE,FALSE,0,0.173000000000002,0.00200000000000067,0.182000000000016,15
"test-dp-describe.R","dp-describe","describe admits synopsis provenance without legacy claims",17,0,FALSE,FALSE,0,0.149000000000001,0.000999999999999446,0.158999999999992,17
"test-dp-describe.R","dp-describe","describe vector contract rejects shape and lattice tampering",5,0,FALSE,FALSE,0,0.0330000000000155,0,0.0349999999999682,5
"test-dp-describe.R","dp-describe","describe preserves a fractional noisy count on the common lattice",5,0,FALSE,FALSE,0,0.0219999999999345,0.00200000000000067,0.0270000000000437,5
"test-dp-describe.R","dp-describe","describe propagates the signed Gaussian L2 plan",5,0,FALSE,FALSE,0,0.0320000000000391,0,0.0349999999999682,5
"test-dp-describe.R","dp-describe","no-noise descriptives and quantiles match the binned oracle",8,0,FALSE,FALSE,0,0.0249999999999773,0.000999999999999446,0.0299999999999727,8
"test-dp-describe.R","dp-describe","moment projection remains bounded and internally consistent",5,0,FALSE,FALSE,0,0.0199999999999818,0.00200000000000067,0.0250000000000909,5
"test-dp-describe.R","dp-describe","moment release regions cover quantisation and the simultaneous box",6,0,FALSE,FALSE,0,0.851999999999975,0.00199999999999889,0.857999999999947,6
"test-dp-describe.R","dp-describe","moment regions cover bounded datasets after postprocessed noise",1,0,FALSE,FALSE,0,0.0230000000000246,0.00200000000000067,0.0259999999999536,1
"test-dp-describe.R","dp-describe","moment regions cover randomized scales, domains, and noise boxes",1,0,FALSE,FALSE,0,0.0910000000000082,0.00200000000000067,0.0939999999999372,1
"test-dp-describe.R","dp-describe","describe exposes typed non-sampling moment regions",6,0,FALSE,FALSE,0,0.0199999999999818,0.00199999999999889,0.0260000000000673,6
"test-dp-describe.R","dp-describe","uncertified positive noisy counts retain an explicit warning",3,0,FALSE,FALSE,0,0.0160000000000764,0.00200000000000067,0.0199999999999818,3
"test-dp-describe.R","dp-describe","quantile points and DP-grid bands are monotone",11,0,FALSE,FALSE,0,0.0299999999999727,0.00600000000000023,0.0439999999999827,11
"test-dp-describe.R","dp-describe","quantile bands contain every table in the simultaneous box",2,0,FALSE,FALSE,0,0.00699999999994816,0.000999999999999446,0.00900000000001455,2
"test-dp-describe.R","dp-describe","quantile bands exhaustively cover small simultaneous boxes",2,0,FALSE,FALSE,0,0.272000000000048,0.000999999999999446,0.273000000000025,2
"test-dp-describe.R","dp-describe","empty noisy histograms return typed full-domain quantile bands",4,0,FALSE,FALSE,0,0.0190000000000055,0.00200000000000067,0.0230000000000246,4
"test-dp-describe.R","dp-describe","probs never alter the canonical sticky server request",8,0,FALSE,FALSE,0,0.0769999999999982,0.000999999999999446,0.0830000000000837,8
"test-dp-describe.R","dp-describe","Describe exposes a portable bound resume token and cleanup state",13,0,FALSE,FALSE,0,0.158000000000015,0.00300000000000011,0.168999999999983,13
"test-dp-describe.R","dp-describe","describe release rejects DSI failures without raw text or retry",9,0,FALSE,FALSE,0,0.0199999999999818,0.000999999999999446,0.02699999999993,9
"test-dp-epidemiology.R","dp-epidemiology","epidemiology accepts the signed global-vector contingency",12,0,FALSE,FALSE,0,0.0670000000000073,0.00200000000000067,0.0720000000000027,12
"test-dp-epidemiology.R","dp-epidemiology","epidemiology consumes the signed Gaussian plan without rerouting",17,0,FALSE,FALSE,0,0.331000000000017,0.000999999999999446,0.343999999999937,17
"test-dp-epidemiology.R","dp-epidemiology","DP 2x2 regions contain effects at the released table",8,0,FALSE,FALSE,0,0.0130000000000337,0,0.0170000000000528,8
"test-dp-epidemiology.R","dp-epidemiology","DP diagnostic ROC is zero-cost post-processing of one ordered table",14,0,FALSE,FALSE,0,0.112999999999943,0,0.120999999999981,14
"test-dp-epidemiology.R","dp-epidemiology","DP ROC mechanism box encloses every admissible table",500,0,FALSE,FALSE,0,0.54099999999994,0.0380000000000003,0.777000000000044,500
"test-dp-epidemiology.R","dp-epidemiology","DP ROC validates order and handles non-estimable classes explicitly",7,0,FALSE,FALSE,0,0.0310000000000628,0,0.0339999999999918,7
"test-dp-epidemiology.R","dp-epidemiology","DP 2x2 includes attributable fractions and typed number needed",15,0,FALSE,FALSE,0,0.0249999999999773,0.000999999999999446,0.0349999999999682,15
"test-dp-epidemiology.R","dp-epidemiology","random 2x2 orientations agree with direct epidemiology and diagnostic oracles",1,0,FALSE,FALSE,0,2.529,0,2.53099999999995,1
"test-dp-epidemiology.R","dp-epidemiology","DP 2x2 fails closed on unproven or malformed tables",3,0,FALSE,FALSE,0,0.0170000000000528,0,0.0180000000000291,3
"test-dp-epidemiology.R","dp-epidemiology","DP direct standardisation is bounded post-processing",8,0,FALSE,FALSE,0,0.01400000000001,0.00100000000000122,0.0170000000000528,8
"test-dp-epidemiology.R","dp-epidemiology","DP direct standardisation normalises extreme public weights",3,0,FALSE,FALSE,0,0.00700000000006185,0,0.00799999999992451,3
"test-dp-epidemiology.R","dp-epidemiology","DP indirect standardisation is zero-cost O/E post-processing",9,0,FALSE,FALSE,0,0.01400000000001,0.000999999999999446,0.0159999999999627,9
"test-dp-epidemiology.R","dp-epidemiology","DP indirect-standardisation region covers every small table",3,0,FALSE,FALSE,0,0.0259999999999536,0.000999999999999446,0.0270000000000437,3
"test-dp-epidemiology.R","dp-epidemiology","DP indirect standardisation types denominator boundaries",4,0,FALSE,FALSE,0,0.0199999999999818,0,0.0219999999999345,4
"test-dp-epidemiology.R","dp-epidemiology","random indirect-standardisation boxes conservatively enclose ratios",1,0,FALSE,FALSE,0,0.546999999999912,0.00500000000000078,0.552999999999997,1
"test-dp-epidemiology.R","dp-epidemiology","DP direct standardisation ignores empty zero-weight strata only",4,0,FALSE,FALSE,0,0.0100000000001046,0.000999999999999446,0.01400000000001,4
"test-dp-epidemiology.R","dp-epidemiology","DP 2x2 reports ratio boundaries instead of an ok non-finite point",5,0,FALSE,FALSE,0,0.01299999999992,0.00200000000000067,0.0179999999999154,5
"test-dp-epidemiology.R","dp-epidemiology","DP 2x2 retains each estimable point when one group is empty",9,0,FALSE,FALSE,0,0.0170000000000528,0.00199999999999889,0.0249999999999773,9
"test-dp-epidemiology.R","dp-epidemiology","DP 2x2 gives conservative regions for undefined zero ratios",5,0,FALSE,FALSE,0,0.00900000000001455,0.00399999999999956,0.0150000000001,5
"test-dp-epidemiology.R","dp-epidemiology","DP 2x2 mechanism regions enclose every integer table in the box",6,0,FALSE,FALSE,0,0.0309999999999491,0.00200000000000067,0.0370000000000346,6
"test-dp-epidemiology.R","dp-epidemiology","DP standardisation region encloses every integer table in the box",5,0,FALSE,FALSE,0,0.0259999999999536,0.000999999999999446,0.0309999999999491,5
"test-dp-epidemiology.R","dp-epidemiology","random direct-standardisation boxes cover every stratum risk",1,0,FALSE,FALSE,0,0.704000000000065,0.00300000000000011,0.70799999999997,1
"test-dp-epidemiology.R","dp-epidemiology","epidemiology regions and states cover every small oriented table",3,0,FALSE,FALSE,0,4.22399999999993,0.00100000000000122,4.22800000000007,3
"test-dp-epidemiology.R","dp-epidemiology","DP diagnostic 2x2 uses explicit disease-by-test orientation",22,0,FALSE,FALSE,0,0.0320000000000391,0.000999999999999446,0.0449999999999591,22
"test-dp-epidemiology.R","dp-epidemiology","DP diagnostic 2x2 types zero, infinity, and non-estimability",11,0,FALSE,FALSE,0,0.02800000000002,0,0.0339999999999918,11
"test-dp-epidemiology.R","dp-epidemiology","DP diagnostic 2x2 rejects implicit or malformed orientation",5,0,FALSE,FALSE,0,0.0259999999999536,0,0.0289999999999964,5
"test-dp-epidemiology.R","dp-epidemiology","diagnostic regions exhaustively cover every small integer box",2,0,FALSE,FALSE,0,2.58300000000008,0.00200000000000067,2.58600000000001,2
"test-dp-epidemiology.R","dp-epidemiology","combined DP epidemiology uses exact binomial limits",81,0,FALSE,FALSE,0,0.119000000000028,0.00699999999999967,0.158999999999992,81
"test-dp-epidemiology.R","dp-epidemiology","exact-binomial union encloses every integer table in a count box",801,0,FALSE,FALSE,0,0.897999999999911,0.0600000000000005,1.19200000000001,801
"test-dp-epidemiology.R","dp-epidemiology","exact-binomial base intervals meet their finite-sample coverage",1026,0,FALSE,FALSE,0,1.09000000000003,0.0589999999999993,1.45699999999999,1026
"test-dp-epidemiology.R","dp-epidemiology","combined DP epidemiology reports its full coverage contract",20,0,FALSE,FALSE,0,0.0810000000000173,0.000999999999999446,0.0910000000000082,20
"test-dp-epidemiology.R","dp-epidemiology","combined epidemiology transforms simultaneous base-risk regions",2646,0,FALSE,FALSE,0,2.85400000000004,0.212,3.85799999999995,2646
"test-dp-epidemiology.R","dp-epidemiology","combined inference derives arbitrary Gaussian confidence safely",9,0,FALSE,FALSE,0,0.105999999999995,0.00600000000000023,0.119000000000028,9
"test-dp-epidemiology.R","dp-epidemiology","combined inference rejects malformed releases and allocations",4,0,FALSE,FALSE,0,0.0199999999999818,0.00100000000000122,0.0230000000000246,4
"test-dp-epidemiology.R","dp-epidemiology","combined diagnostic inference covers all reported point metrics",46,0,FALSE,FALSE,0,0.134000000000015,0.00300000000000011,0.156999999999925,46
"test-dp-epidemiology.R","dp-epidemiology","combined diagnostic transformations enclose their base regions",1690,0,FALSE,FALSE,0,3.90000000000009,0.472,5.20099999999991,1690
"test-dp-epidemiology.R","dp-epidemiology","combined diagnostic inference types zero denominators",6,0,FALSE,FALSE,0,0.0399999999999636,0.00199999999999889,0.0469999999999118,6
"test-dp-epidemiology.R","dp-epidemiology","combined diagnostic inference types every likelihood-ratio 0/0",4,0,FALSE,FALSE,0,0.0180000000000291,0.00100000000000122,0.0210000000000719,4
"test-dp-epidemiology.R","dp-epidemiology","diagnostic ratio non-estimability flags match an exact oracle",81,0,FALSE,FALSE,0,0.109000000000037,0.00399999999999956,0.139999999999986,81
"test-dp-epidemiology.R","dp-epidemiology","combined diagnostic inference derives Gaussian confidence",5,0,FALSE,FALSE,0,0.0929999999999609,0,0.0960000000000036,5
"test-dp-epidemiology.R","dp-epidemiology","combined diagnostic inference validates release and orientation",3,0,FALSE,FALSE,0,0.0359999999999445,0,0.0380000000000109,3
"test-dp-epidemiology.R","dp-epidemiology","combined direct standardization propagates exact stratum intervals",16,0,FALSE,FALSE,0,0.0529999999999973,0,0.0600000000000591,16
"test-dp-epidemiology.R","dp-epidemiology","zero-weight standardization strata consume no sampling alpha",7,0,FALSE,FALSE,0,0.0149999999999864,0.000999999999999446,0.0189999999998918,7
"test-dp-epidemiology.R","dp-epidemiology","combined direct standardization derives Gaussian confidence",4,0,FALSE,FALSE,0,0.0760000000000218,0.00100000000000122,0.0800000000000409,4
"test-dp-epidemiology.R","dp-epidemiology","combined direct standardization validates release and inputs",3,0,FALSE,FALSE,0,0.0170000000000528,0.000999999999999446,0.0199999999999818,3
"test-dp-epidemiology.R","dp-epidemiology","combined indirect standardization matches the Garwood envelope",24,0,FALSE,FALSE,0,0.0769999999999982,0.00300000000000011,0.0880000000000791,24
"test-dp-epidemiology.R","dp-epidemiology","combined indirect Garwood envelope covers every small integer table",1251,0,FALSE,FALSE,0,2.95699999999999,0.391,3.88099999999997,1251
"test-dp-epidemiology.R","dp-epidemiology","combined indirect inference types zero and vacuous boundaries",11,0,FALSE,FALSE,0,0.0620000000000118,0.00199999999999889,0.06899999999996,11
"test-dp-epidemiology.R","dp-epidemiology","combined indirect inference validates inputs and has no remote route",5,0,FALSE,FALSE,0,0.0250000000000909,0,0.0309999999999491,5
"test-dp-epidemiology.R","dp-epidemiology","stratified causal standardization matches the saturated g-formula",15,0,FALSE,FALSE,0,0.0539999999999736,0,0.0639999999999645,15
"test-dp-epidemiology.R","dp-epidemiology","causal mechanism regions cover every compatible integer table",2,0,FALSE,FALSE,0,0.0539999999999736,0.00100000000000122,0.05600000000004,2
"test-dp-epidemiology.R","dp-epidemiology","causal combined inference reports the full honest contract",10,0,FALSE,FALSE,0,0.0940000000000509,0.000999999999999446,0.09699999999998,10
"test-dp-epidemiology.R","dp-epidemiology","causal inference is vacuous on an integer-empty relevant DP box",4,0,FALSE,FALSE,0,0.0380000000000109,0,0.0389999999999873,4
"test-dp-epidemiology.R","dp-epidemiology","causal standardization rejects ambiguous public designs",5,0,FALSE,FALSE,0,0.02699999999993,0.000999999999999446,0.0299999999999727,5
"test-dp-epidemiology.R","dp-epidemiology","causal standardization types zero and infinite odds boundaries",5,0,FALSE,FALSE,0,0.01400000000001,0,0.0170000000000528,5
"test-dp-frequency-analysis.R","dp-frequency-analysis","Frequency preparation rejects an implicit source before DSI",2,0,FALSE,FALSE,0,0.00700000000006185,0,0.00799999999992451,2
"test-dp-frequency-analysis.R","dp-frequency-analysis","Frequency preparation phases are classified as idempotent",1,0,FALSE,FALSE,0,0.00399999999990541,0,0.0040000000000191,1
"test-dp-frequency-analysis.R","dp-frequency-analysis","Frequency accepts the real convolution planner rational bounds",3,0,FALSE,FALSE,0,0.02699999999993,0.00200000000000067,1.49300000000005,3
"test-dp-frequency-analysis.R","dp-frequency-analysis","Frequency independently compiles K2/K3/K5 and both real plans",12,0,FALSE,FALSE,0,3.53899999999999,0.00699999999999967,3.61800000000005,12
"test-dp-frequency-analysis.R","dp-frequency-analysis","Frequency worker is invariant across canonical DSV1",10,0,FALSE,FALSE,0,2.11699999999996,0.00300000000000011,2.16999999999996,10
"test-dp-frequency-analysis.R","dp-frequency-analysis","Frequency metadata cap includes the factor variable prefix",2,0,FALSE,FALSE,0,0.0990000000000464,0.0199999999999996,0.120000000000005,2
"test-dp-frequency-analysis.R","dp-frequency-analysis","Frequency preparation uses one source, full K, then two roles",42,0,FALSE,FALSE,0,6.49799999999993,0.0120000000000005,6.601,42
"test-dp-frequency-analysis.R","dp-frequency-analysis","Frequency transport orders peer names by radix bytes",3,0,FALSE,FALSE,0,1.928,0.000999999999999446,1.95400000000006,3
"test-dp-frequency-analysis.R","dp-frequency-analysis","Frequency preparation stops at every signed boundary",23,0,FALSE,FALSE,0,6.26400000000001,0.0570000000000004,6.3599999999999,23
"test-dp-frequency-execution.R","dp-frequency-execution","Frequency execution endpoints are retry-safe typed producers",2,0,FALSE,FALSE,0,0.00700000000006185,0,0.00900000000001455,2
"test-dp-frequency-execution.R","dp-frequency-execution","Frequency release and replay validators match the signed wire",6,0,FALSE,FALSE,0,0.122999999999934,0.00199999999999889,0.130999999999972,6
"test-dp-frequency-execution.R","dp-frequency-execution","Frequency execution uses only its two roles and cleans in order",10,0,FALSE,FALSE,0,0.216999999999985,0.00100000000000122,0.222999999999956,10
"test-dp-frequency-execution.R","dp-frequency-execution","Frequency execution rejects tampering and oversized shapes early",8,0,FALSE,FALSE,0,0.0699999999999363,0.000999999999999446,0.0769999999999982,8
"test-dp-frequency.R","dp-frequency","Frequency requires an explicit source before any DSI call",2,0,FALSE,FALSE,0,0.0080000000000382,0.000999999999999446,0.00999999999999091,2
"test-dp-frequency.R","dp-frequency","Frequency reads a signed Synopsis marginal at K=2, K=3, and K=5",84,0,FALSE,FALSE,0,0.65199999999993,0.0200000000000014,0.718000000000075,84
"test-dp-frequency.R","dp-frequency","Frequency routes K2/K3/K5 and both physical backends",78,0,FALSE,FALSE,0,17.7670000000001,0.0830000000000002,18.019,78
"test-dp-frequency.R","dp-frequency","Frequency recompiles and authenticates every public proof layer",6,0,FALSE,FALSE,0,4.125,0.00199999999999889,4.15099999999995,6
"test-dp-frequency.R","dp-frequency","Frequency caps proof peers before compiling envelopes",1,0,FALSE,FALSE,0,0.00599999999997181,0.00200000000000067,0.00999999999999091,1
"test-dp-frequency.R","dp-frequency","frequency regions are O(d), sharp, and safe for infeasible boxes",147,0,FALSE,FALSE,0,1.00400000000002,0.212,1.28300000000002,147
"test-dp-frequency.R","dp-frequency","Frequency inference is zero-call, vectorized, and confidence-aware",18,0,FALSE,FALSE,0,12.918,0.0660000000000007,13.037,18
"test-dp-frequency.R","dp-frequency","Frequency accuracy accepts an exhausted signed release-TV bound",6,0,FALSE,FALSE,0,0.0110000000000809,0.000999999999999446,0.01400000000001,6
"test-dp-frequency.R","dp-frequency","Frequency inference rejects tampered returned values",9,0,FALSE,FALSE,0,6.726,0.00399999999999956,6.75800000000004,9
"test-dp-gaussian-cross-transport.R","dp-gaussian-cross-transport","cross Gaussian references bind an optional public owner",7,0,FALSE,FALSE,0,0.0349999999999682,0.00200000000000067,0.04099999999994,7
"test-dp-gaussian-cross-transport.R","dp-gaussian-cross-transport","cross Gaussian public evidence is K2-only, signed and redacted",9,0,FALSE,FALSE,0,0.579000000000065,0.00499999999999901,0.591000000000008,9
"test-dp-gaussian-cross-transport.R","dp-gaussian-cross-transport","cross Gaussian K=3 through K=5 separates owners and compute peers",27,0,FALSE,FALSE,0,0.205000000000041,0.00699999999999967,0.230999999999995,27
"test-dp-gaussian-cross-transport.R","dp-gaussian-cross-transport","cross Gaussian descriptor and released moments match a central oracle",4,0,FALSE,FALSE,0,0.382999999999925,0.00100000000000122,0.385000000000105,4
"test-dp-gaussian-cross-transport.R","dp-gaussian-cross-transport","cross Gaussian K=3 through K=5 uses one fixed typed transcript",27,0,FALSE,FALSE,0,0.836999999999989,0.00799999999999912,0.865999999999985,27
"test-dp-gaussian-cross-transport.R","dp-gaussian-cross-transport","cross Gaussian Synopsis uses only the sealed remote ABI",9,0,FALSE,FALSE,0,0.491000000000099,0.00300000000000011,0.5,9
"test-dp-gaussian-cross-transport.R","dp-gaussian-cross-transport","Gaussian consumes a shared exact session without reopening it",9,0,FALSE,FALSE,0,0.481999999999971,0.00300000000000011,0.490999999999985,9
"test-dp-gaussian-cross-transport.R","dp-gaussian-cross-transport","completed cross Gaussian results replay without recomputation",3,0,FALSE,FALSE,0,0.113000000000056,0.000999999999999446,0.117000000000075,3
"test-dp-gaussian-cross-transport.R","dp-gaussian-cross-transport","cross Gaussian result disagreement and source misbinding fail closed",2,0,FALSE,FALSE,0,0.158999999999992,0.00200000000000067,0.161999999999921,2
"test-dp-gaussian-synopsis-release.R","dp-gaussian-synopsis-release","Gaussian Synopsis release validates one bounded signed block",6,0,FALSE,FALSE,0,0.0370000000000346,0.00200000000000067,0.0410000000000537,6
"test-dp-gaussian.R","dp-gaussian","DP Gaussian matches normalized and original-scale oracle",20,0,FALSE,FALSE,0,0.847999999999956,0.00500000000000078,0.865000000000009,20
"test-dp-gaussian.R","dp-gaussian","Gaussian post-processing is deterministic for one sticky release",3,0,FALSE,FALSE,0,0.863000000000056,0.00199999999999889,0.866999999999962,3
"test-dp-gaussian.R","dp-gaussian","Gaussian mechanism regions are certificate-bound post-processing",46,0,FALSE,FALSE,0,0.438999999999965,0.0100000000000016,0.476999999999975,46
"test-dp-gaussian.R","dp-gaussian","Gaussian provenance is offline-verifiable with calibrated trust",17,0,FALSE,FALSE,0,0.658999999999992,0.00499999999999901,0.676000000000045,17
"test-dp-gaussian.R","dp-gaussian","one authentic Gaussian release supports LASSO and honest pseudo-IC",22,0,FALSE,FALSE,0,1.05900000000008,0.00699999999999967,1.07999999999993,22
"test-dp-gaussian.R","dp-gaussian","Gaussian provenance rejects tampering and forged signed evidence",5,0,FALSE,FALSE,0,0.656999999999925,0.00200000000000067,0.661999999999921,5
"test-dp-gaussian.R","dp-gaussian","Gaussian count and intercept Gram coordinates are never averaged",6,0,FALSE,FALSE,0,0.387000000000057,0,0.392000000000053,6
"test-dp-gaussian.R","dp-gaussian","singular Gaussian design needs explicit regularization",8,0,FALSE,FALSE,0,0.476999999999975,0,0.480000000000018,8
"test-dp-gaussian.R","dp-gaussian","Gaussian non-estimability failures are typed",4,0,FALSE,FALSE,0,0.0640000000000782,0,0.0660000000000309,4
"test-dp-gaussian.R","dp-gaussian","Gaussian rejects descriptor tampering and wrong owner",7,0,FALSE,FALSE,0,0.125,0.000999999999999446,0.128999999999905,7
"test-dp-gaussian.R","dp-gaussian","ds.vertGLM Gaussian capsule adapter is explicit and legacy-free",6,0,FALSE,FALSE,0,0.951999999999998,0,0.956999999999994,6
"test-dp-gaussian.R","dp-gaussian","Gaussian front door cannot reach legacy model endpoints",9,0,FALSE,FALSE,0,7.07600000000002,0.0520000000000014,7.13599999999997,9
"test-dp-gaussian.R","dp-gaussian","cross-owner Gaussian K=3 and K=5 are served by both public front doors",124,0,FALSE,FALSE,0,3.55200000000002,0.052999999999999,3.67700000000002,124
"test-dp-gaussian.R","dp-gaussian","cross-owner Gaussian K=2 uses both owner-computation peers",48,0,FALSE,FALSE,0,0.965000000000032,0.00699999999999967,1.00099999999998,48
"test-dp-gaussian.R","dp-gaussian","cross-owner Gaussian front doors reject owner and signature tampering",4,0,FALSE,FALSE,0,0.519000000000005,0.00300000000000011,0.525000000000091,4
"test-dp-gee-ar1-grid.R","dp-gee-ar1-grid","Gaussian AR1 working-GLS artifact validates and selects only a signed point",7,0,FALSE,FALSE,0,0.317000000000007,0.000999999999999446,0.322000000000003,7
"test-dp-gee-ar1-grid.R","dp-gee-ar1-grid","Gaussian AR1 robust sandwich grid validates and reconstructs covariance",6,0,FALSE,FALSE,0,0.0309999999999491,0,0.0360000000000582,6
"test-dp-gee-ar1-grid.R","dp-gee-ar1-grid","Gaussian AR1 working-GLS Synopsis uses one validated signed block",3,0,FALSE,FALSE,0,0.0120000000000573,0,0.01400000000001,3
"test-dp-gee-ar1-grid.R","dp-gee-ar1-grid","GEE AR1 frontdoor admits only the signed finite-grid contract",8,0,FALSE,FALSE,0,0.0539999999999736,0.00200000000000067,0.0620000000000118,8
"test-dp-glm-grid-cross-contract.R","dp-glm-grid-cross-contract","new cross grid contracts accept only complete authenticated public plans",20,0,FALSE,FALSE,0,1.50900000000001,0.00399999999999956,1.58600000000001,20
"test-dp-glm-grid-cross-contract.R","dp-glm-grid-cross-contract","unsigned and changed bounds and incomplete owner signatures fail closed",14,0,FALSE,FALSE,0,0.542999999999893,0.00600000000000023,0.607999999999947,14
"test-dp-glm-grid-cross-contract.R","dp-glm-grid-cross-contract","beta column association and public source roles are immutable",22,0,FALSE,FALSE,0,1.25800000000004,0.0129999999999999,1.38700000000006,22
"test-dp-glm-grid-cross-contract.R","dp-glm-grid-cross-contract","profile and artifact versions are closed and transcript safe",24,0,FALSE,FALSE,0,1.38099999999997,0.00900000000000034,1.50900000000001,24
"test-dp-glm-grid-cross-contract.R","dp-glm-grid-cross-contract","individual new validators reject malformed objects with one public error",8,0,FALSE,FALSE,0,0.186999999999898,0.00200000000000067,0.215000000000032,8
"test-dp-glm-grid-cross-contract.R","dp-glm-grid-cross-contract","signed schema structure cannot add ownership or snapshot ambiguity",32,0,FALSE,FALSE,0,0.322000000000003,0.00399999999999956,0.356999999999971,32
"test-dp-glm-grid-cross-contract.R","dp-glm-grid-cross-contract","every numeric proof field is mandatory and public profile contents are pinned",58,0,FALSE,FALSE,0,2.05799999999999,0.0350000000000001,2.71600000000001,58
"test-dp-glm-grid-cross-contract.R","dp-glm-grid-cross-contract","cross grid dimensions coefficients and exact integer caps fail closed",48,0,FALSE,FALSE,0,1.76300000000003,0.0139999999999993,1.88900000000001,48
"test-dp-glm-grid-cross-contract.R","dp-glm-grid-cross-contract","cross-grid profile coefficients, proof and numeric template are immutable",3,0,FALSE,FALSE,0,0.08299999999997,0.00100000000000122,0.11200000000008,3
"test-dp-glm-grid-cross-contract.R","dp-glm-grid-cross-contract","signed categorical schema labels share the server canonical representations",6,0,FALSE,FALSE,0,0.377000000000066,0.00300000000000011,0.392999999999915,6
"test-dp-glm-grid-cross-contract.R","dp-glm-grid-cross-contract","real signatures cannot authorize unsupported categorical label encodings",8,0,FALSE,FALSE,0,0.380999999999972,0.00199999999999889,0.396999999999935,8
"test-dp-glm-grid-cross-contract.R","dp-glm-grid-cross-contract","cross-grid signed zero encoding survives canonical round trips",4,0,FALSE,FALSE,0,0.781000000000063,0.011000000000001,0.86099999999999,4
"test-dp-glm-grid-cross-contract.R","dp-glm-grid-cross-contract","cross-grid beta L1 comparison is exact at the public boundary",9,0,FALSE,FALSE,0,0.212999999999965,0.00799999999999912,0.256999999999948,9
"test-dp-glm-grid-cross-contract.R","dp-glm-grid-cross-contract","cross-grid scalar identifiers reject JSON array representations",4,0,FALSE,FALSE,0,0.201000000000022,0,0.213000000000079,4
"test-dp-glm-grid-cross-contract.R","dp-glm-grid-cross-contract","piecewise admission pins new arithmetic, caps and all signatures",22,0,FALSE,FALSE,0,2.09199999999998,0.0299999999999994,2.46399999999994,22
"test-dp-glm-grid-cross-contract.R","dp-glm-grid-cross-contract","materialized cross grids select only from authenticated signed candidates",23,0,FALSE,FALSE,0,2.12700000000007,0.032,2.47400000000005,23
"test-dp-glm-grid-cross-contract.R","dp-glm-grid-cross-contract","grid Claim coverage includes owners without public moment blocks",2,0,FALSE,FALSE,0,0.00699999999994816,0.00100000000000122,0.00900000000001455,2
"test-dp-glm-grid-cross-contract.R","dp-glm-grid-cross-contract","both certified profiles admit the full signed ten-predictor envelope",12,0,FALSE,FALSE,0,2.822,0.00499999999999901,2.947,12
"test-dp-glm-grid-cross-contract.R","dp-glm-grid-cross-contract","batch reuse needs two authentic matching durable receipts",11,0,FALSE,FALSE,0,0.239000000000033,0.00300000000000011,0.249000000000024,11
"test-dp-glm-grid-cross-contract.R","dp-glm-grid-cross-contract","structured snapshot identity reaches a fixed point without enabling release",30,0,FALSE,FALSE,0,0.0720000000000027,0.00699999999999967,0.09699999999998,30
"test-dp-glm-grid-cross-integer.R","dp-glm-grid-cross-integer","pure R multiword arithmetic handles signed ties and wide products",18,0,FALSE,FALSE,0,0.106999999999971,0,0.119000000000028,18
"test-dp-glm-grid-cross-integer.R","dp-glm-grid-cross-integer","pure R circuit agrees bit for bit with the shared integer fixtures",4,0,FALSE,FALSE,0,8.87200000000007,0.00999999999999979,8.899,4
"test-dp-glm-grid-cross-integer.R","dp-glm-grid-cross-integer","fixed point endpoints and nonlinear zero lie within the certificate",10,0,FALSE,FALSE,0,1.06700000000001,0.00100000000000122,1.09900000000005,10
"test-dp-glm-grid-cross-integer.R","dp-glm-grid-cross-integer","every output precision clamps then rounds ties to even",143,0,FALSE,FALSE,0,0.205000000000041,0.00999999999999979,0.259000000000015,143
"test-dp-glm-grid-cross-integer.R","dp-glm-grid-cross-integer","dot products retain wide products and do not depend on owner grouping",2,0,FALSE,FALSE,0,0.0389999999999873,0,0.0399999999999636,2
"test-dp-glm-grid-cross-integer.R","dp-glm-grid-cross-integer","encoded coefficients preserve the certified L1 rounding slack",1,0,FALSE,FALSE,0,1.68499999999995,0.000999999999999446,1.69900000000007,1
"test-dp-glm-grid-cross-sensitivity.R","dp-glm-grid-cross-sensitivity","cross-grid bounds agree with the existing client finite grids",84,0,FALSE,FALSE,0,0.115999999999985,0.0080000000000009,0.150999999999954,84
"test-dp-glm-grid.R","dp-glm-grid","finite binomial and Poisson grids validate their signed contracts",10,0,FALSE,FALSE,0,0.0389999999999873,0,0.0439999999999827,10
"test-dp-glm-grid.R","dp-glm-grid","ds.vertGLM admits only a signed finite binomial or Poisson grid",5,0,FALSE,FALSE,0,0.0330000000000155,0.000999999999999446,0.0380000000000109,5
"test-dp-grouped-grid-cross-registry.R","dp-grouped-grid-cross-registry","grouped prototypes are inventoried without advertising promotion",8,0,FALSE,FALSE,0,0.142999999999915,0.00399999999999956,0.15199999999993,8
"test-dp-grouped-grid-cross.R","dp-grouped-grid-cross","all five grouped contracts require both actual authorities",45,0,FALSE,FALSE,0,3.36800000000005,0.0210000000000008,3.596,45
"test-dp-grouped-grid-cross.R","dp-grouped-grid-cross","resigned grouped tampering cannot weaken public bounds or semantics",30,0,FALSE,FALSE,0,2.00999999999999,0.0109999999999992,2.17999999999995,30
"test-dp-grouped-grid-cross.R","dp-grouped-grid-cross","grouped postprocessing selects likelihood and omits inference",50,0,FALSE,FALSE,0,1.58900000000006,0.0129999999999999,1.68299999999999,50
"test-dp-grouped-grid-cross.R","dp-grouped-grid-cross","public grouped functions reject unreleased fixed covariance and unopened families",11,0,FALSE,FALSE,0,2.39499999999998,0.0129999999999999,2.55600000000004,11
"test-dp-grouped-grid-cross.R","dp-grouped-grid-cross","patient replacement and movement use two complete cluster ranges",15,0,FALSE,FALSE,0,0.65300000000002,0.00200000000000067,0.711000000000013,15
"test-dp-grouped-grid-cross.R","dp-grouped-grid-cross","Poisson GLMM selection values cannot masquerade as full likelihoods",5,0,FALSE,FALSE,0,0.546000000000049,0.00699999999999967,0.609000000000037,5
"test-dp-grouped-grid-cross.R","dp-grouped-grid-cross","grouped clients authenticate fractional source encoding and private routing",8,0,FALSE,FALSE,0,0.543999999999983,0.00500000000000078,0.605000000000018,8
"test-dp-grouped-grid-cross.R","dp-grouped-grid-cross","grouped client schemas bind K source owners to two authorities",12,0,FALSE,FALSE,0,1.12700000000007,0.00799999999999912,1.23599999999999,12
"test-dp-grouped-lmm-ml-contract.R","dp-grouped-lmm-ml-contract","LMM ML contracts sign covariance-major candidates and patient caps",20,0,FALSE,FALSE,0,1.53300000000002,0.00900000000000034,1.68600000000004,20
"test-dp-grouped-lmm-ml-contract.R","dp-grouped-lmm-ml-contract","LMM ML rejects ambiguous covariance order and uncertified objectives",5,0,FALSE,FALSE,0,0.333000000000084,0.00600000000000023,0.40199999999993,5
"test-dp-lasso-grid-cross.R","dp-lasso-grid-cross","LASSO signed extensions authenticate two-owner base grids",16,0,FALSE,FALSE,0,1.64999999999998,0.00900000000000034,1.71599999999989,16
"test-dp-lasso-grid-cross.R","dp-lasso-grid-cross","LASSO signatures bind all penalties and preserve base sensitivity",9,0,FALSE,FALSE,0,1.57999999999993,0.0080000000000009,1.69099999999992,9
"test-dp-lasso-grid-cross.R","dp-lasso-grid-cross","public L1 rational ceiling is exact at integer and subnormal boundaries",22,0,FALSE,FALSE,0,0.0309999999999491,0.000999999999999446,0.0419999999999163,22
"test-dp-lasso-grid-cross.R","dp-lasso-grid-cross","malformed signed LASSO candidate plans fail closed",10,0,FALSE,FALSE,0,0.197999999999979,0.00199999999999889,0.216999999999985,10
"test-dp-lasso-grid-cross.R","dp-lasso-grid-cross","public L1 postprocessing selects signed paths without changing loss releases",11,0,FALSE,FALSE,0,0.32000000000005,0.00300000000000011,0.338999999999942,11
"test-dp-lasso-grid-cross.R","dp-lasso-grid-cross","Gaussian LASSO uses half RSS from the existing sufficient-statistic route",7,0,FALSE,FALSE,0,0.171000000000049,0.00100000000000122,0.186000000000035,7
"test-dp-lasso-grid-cross.R","dp-lasso-grid-cross","LASSO registration leaves all production release gates closed",6,0,FALSE,FALSE,0,0.0109999999999673,0.000999999999999446,0.0180000000000291,6
"test-dp-lasso-grid-cross.R","dp-lasso-grid-cross","client staging LASSO cannot release without fused result evidence",2,0,FALSE,FALSE,0,0.327999999999975,0.000999999999999446,0.347999999999956,2
"test-dp-lasso-grid-cross.R","dp-lasso-grid-cross","LASSO public offsets preserve adjacent loss differences and reused caps",12,0,FALSE,FALSE,0,0.298999999999978,0.00300000000000011,0.331000000000017,12
"test-dp-lasso-grid-cross.R","dp-lasso-grid-cross","LASSO descriptors bind policy lattice and Gaussian moment conventions",8,0,FALSE,FALSE,0,0.311000000000035,0.00100000000000122,0.390999999999963,8
"test-dp-lasso-grid-cross.R","dp-lasso-grid-cross","Gaussian LASSO evaluates cross moments with canonical first-candidate ties",3,0,FALSE,FALSE,0,0.33299999999997,0,0.356999999999971,3
"test-dp-lasso-grid-cross.R","dp-lasso-grid-cross","LASSO authenticates K2/K3/K5 owners with exactly two noise authorities",12,0,FALSE,FALSE,0,1.75,0.0129999999999999,1.95699999999999,12
"test-dp-lasso-grid-cross.R","dp-lasso-grid-cross","LASSO rejects a policy detached from the authenticated base authorities",2,0,FALSE,FALSE,0,0.213999999999942,0.00300000000000011,0.228000000000065,2
"test-dp-lmm-artifact.R","dp-lmm-artifact","random-intercept LMM artifacts validate their full signed contract",4,0,FALSE,FALSE,0,0.08299999999997,0.00200000000000067,0.0869999999999891,4
"test-dp-lmm-artifact.R","dp-lmm-artifact","binary random-intercept GLMM grid validates and selects one signed candidate",7,0,FALSE,FALSE,0,0.171000000000049,0.000999999999999446,0.177000000000021,7
"test-dp-lmm-artifact.R","dp-lmm-artifact","Poisson random-intercept GLMM grid validates and fails closed",5,0,FALSE,FALSE,0,0.163000000000011,0,0.16599999999994,5
"test-dp-lmm-artifact.R","dp-lmm-artifact","Poisson random-slope GLMM grid validates, transforms and fails closed",6,0,FALSE,FALSE,0,0.184999999999945,0.00300000000000011,0.192000000000007,6
"test-dp-lmm-artifact.R","dp-lmm-artifact","Poisson three-random-slope GLMM grid validates and fails closed",6,0,FALSE,FALSE,0,0.0790000000000646,0.00300000000000011,0.0860000000000127,6
"test-dp-lmm-artifact.R","dp-lmm-artifact","finite binomial and Poisson L1 paths validate and remain signed",10,0,FALSE,FALSE,0,0.257999999999925,0.00199999999999889,0.265999999999963,10
"test-dp-lmm-artifact.R","dp-lmm-artifact","robust binomial and Poisson independence GEE grids validate and fail closed",12,0,FALSE,FALSE,0,0.337999999999965,0.00300000000000011,0.347999999999956,12
"test-dp-lmm-artifact.R","dp-lmm-artifact","binary random-slope GLMM grid validates, transforms and fails closed",5,0,FALSE,FALSE,0,0.192999999999984,0.00100000000000122,0.197000000000003,5
"test-dp-lmm-artifact.R","dp-lmm-artifact","Gaussian random-slope LMM grid validates, transforms and fails closed",8,0,FALSE,FALSE,0,0.176000000000045,0.000999999999999446,0.182000000000016,8
"test-dp-lmm-artifact.R","dp-lmm-artifact","random-intercept LMM post-processing only consumes DP coordinates",3,0,FALSE,FALSE,0,0.0229999999999109,0.000999999999999446,0.0259999999999536,3
"test-dp-lmm-artifact.R","dp-lmm-artifact","fixed-effect random-intercept LMM validates and solves GLS coordinates",13,0,FALSE,FALSE,0,0.839000000000055,0.000999999999999446,0.847000000000094,13
"test-dp-lmm-artifact.R","dp-lmm-artifact","signed fixed-effect REML artifacts bind the profile",5,0,FALSE,FALSE,0,0.02800000000002,0,0.0299999999999727,5
"test-dp-lmm-artifact.R","dp-lmm-artifact","fixed-effect LMM preserves a signed two-predictor GLS design",7,0,FALSE,FALSE,0,0.0179999999999154,0,0.0230000000000246,7
"test-dp-lmm-artifact.R","dp-lmm-artifact","fixed-effect LMM records its DP-only PSD fallback",5,0,FALSE,FALSE,0,0.0109999999999673,0.00200000000000067,0.0169999999999391,5
"test-dp-lmm-artifact.R","dp-lmm-artifact","fixed-effect LMM publishes coefficients on the source scale",2,0,FALSE,FALSE,0,0.00900000000001455,0,0.00999999999999091,2
"test-dp-lmm-artifact.R","dp-lmm-artifact","LMM frontdoor admits signed fixed-effect artifacts only",5,0,FALSE,FALSE,0,0.0539999999999736,0.00300000000000011,0.0590000000000828,5
"test-dp-lmm-artifact.R","dp-lmm-artifact","random-intercept LMM Synopsis release validates its signed block",3,0,FALSE,FALSE,0,0.08400000000006,0,0.0860000000000127,3
"test-dp-lmm-artifact.R","dp-lmm-artifact","historical LMM names only admit the signed moment estimand",12,0,FALSE,FALSE,0,0.0289999999999964,0,0.0380000000000109,12
"test-dp-lmm-artifact.R","dp-lmm-artifact","historical GLMM names admit only signed binary moment postprocessing",19,0,FALSE,FALSE,0,0.111999999999966,0.00500000000000078,0.128999999999905,19
"test-dp-lmm-cross-public-release.R","dp-lmm-cross-public-release","LMM ML discovery and private source projection preserve signed padded owners",121,0,FALSE,FALSE,0,1.95600000000002,0.0220000000000002,2.178,121
"test-dp-lmm-cross-public-release.R","dp-lmm-cross-public-release","every LMM candidate enters the release lattice without a second shift",12,0,FALSE,FALSE,0,1.12099999999998,0.0120000000000005,1.24199999999996,12
"test-dp-lmm-cross-public-release.R","dp-lmm-cross-public-release","LMM public artifacts rebuild ML bounds certificate and variance-major ordering",11,0,FALSE,FALSE,0,1.19000000000005,0.0119999999999987,1.31600000000003,11
"test-dp-lmm-cross-public-release.R","dp-lmm-cross-public-release","cold LMM public evidence requires both real signatures and source semantic binding",32,0,FALSE,FALSE,0,0.965000000000032,0.00500000000000078,1.01099999999997,32
"test-dp-lmm-signed-admission.R","dp-lmm-signed-admission","client production admission reconstructs authenticated LMM ML",29,0,FALSE,FALSE,0,3.07400000000007,0.0269999999999992,3.47199999999998,29
"test-dp-lmm-signed-admission.R","dp-lmm-signed-admission","client n2000 signed bounds are exact and preserve small contracts",21,0,FALSE,FALSE,0,2.45399999999995,0.0289999999999999,2.80499999999995,21
"test-dp-lmm-staged-receipts.R","dp-lmm-staged-receipts","staged LMM receipts bind both peers to plan terminal and candidate shape",20,0,FALSE,FALSE,0,0.0660000000000309,0.00500000000000078,0.0789999999999509,20
"test-dp-multinom-grid.R","dp-multinom-grid","multinomial finite grid validates its signed contract and selects a candidate",8,0,FALSE,FALSE,0,0.151000000000067,0.00199999999999889,0.157000000000039,8
"test-dp-multinomial-grid-cross-authorities.R","dp-multinomial-grid-cross-authorities","categorical compute authorities must belong to the signed source owners",8,0,FALSE,FALSE,0,0.483000000000061,0,0.488999999999919,8
"test-dp-multinomial-grid-cross-authorities.R","dp-multinomial-grid-cross-authorities","both family validators bind the final numeric certificate",4,0,FALSE,FALSE,0,0.325000000000045,0,0.327999999999975,4
"test-dp-multinomial-grid-cross-authorities.R","dp-multinomial-grid-cross-authorities","unpromoted categorical frontdoors stay outside the public inventory",6,0,FALSE,FALSE,0,0.0159999999999627,0.00300000000000011,0.0219999999999345,6
"test-dp-multinomial-grid-cross-authorities.R","dp-multinomial-grid-cross-authorities","categorical admission authenticates K2/K3/K5 with two compute authorities",30,0,FALSE,FALSE,0,2.61500000000001,0.0550000000000015,2.69200000000001,30
"test-dp-multinomial-grid-cross.R","dp-multinomial-grid-cross","both categorical cross-owner validators require both authentic signatures",36,0,FALSE,FALSE,0,1.70899999999995,0.00899999999999856,1.74000000000001,36
"test-dp-multinomial-grid-cross.R","dp-multinomial-grid-cross","categorical contracts reject signed tampering in every binding",88,0,FALSE,FALSE,0,3.61000000000001,0.0080000000000009,3.67399999999998,88
"test-dp-multinomial-grid-cross.R","dp-multinomial-grid-cross","multinomial DP postprocessing converts units and breaks ties canonically",21,0,FALSE,FALSE,0,0.291000000000054,0.00300000000000011,0.307000000000016,21
"test-dp-multinomial-grid-cross.R","dp-multinomial-grid-cross","categorical frontdoors reject invalid contracts before resolving datasources",58,0,FALSE,FALSE,0,2.11199999999997,0.0120000000000005,2.16300000000001,58
"test-dp-multinomial-grid-cross.R","dp-multinomial-grid-cross","existing same-owner family frontdoors retain their grid dispatch",4,0,FALSE,FALSE,0,0.00399999999990541,0.00299999999999834,0.00900000000001455,4
"test-dp-multinomial-grid-cross.R","dp-multinomial-grid-cross","a nonfirst multinomial reference retains signed class associations",3,0,FALSE,FALSE,0,0.27699999999993,0,0.279999999999973,3
"test-dp-multinomial-grid-cross.R","dp-multinomial-grid-cross","categorical sensitivity caps retain both adjacency multipliers",108,0,FALSE,FALSE,0,0.672000000000025,0.00600000000000023,0.735000000000014,108
"test-dp-nb-grid-cross.R","dp-nb-grid-cross","NB2 cross loss is the complete negative dnbinom log PMF",12,0,FALSE,FALSE,0,0.0160000000000764,0.00100000000000122,0.0220000000000482,12
"test-dp-nb-grid-cross.R","dp-nb-grid-cross","NB2 caps cover outcomes, endpoint extrema and both adjacency modes",208,0,FALSE,FALSE,0,1.76099999999997,0.0809999999999995,1.95899999999995,208
"test-dp-nb-grid-cross.R","dp-nb-grid-cross","NB2 public numeric domains fail closed",9,0,FALSE,FALSE,0,0.45799999999997,0.000999999999999446,0.483000000000061,9
"test-dp-nb-grid-cross.R","dp-nb-grid-cross","NB2 signed contracts retain the frozen source ABI and both authorities",7,0,FALSE,FALSE,0,1.51400000000001,0.00600000000000023,1.58100000000002,7
"test-dp-nb-grid-cross.R","dp-nb-grid-cross","NB2 signed malformed contracts and missing signatures have one public error",31,0,FALSE,FALSE,0,6.27600000000007,0.0670000000000002,6.63,31
"test-dp-nb-grid-cross.R","dp-nb-grid-cross","NB2 candidate identities bind theta and reject encoded collisions",3,0,FALSE,FALSE,0,0.835000000000036,0.00900000000000034,0.893000000000029,3
"test-dp-nb-grid-cross.R","dp-nb-grid-cross","NB2 entry rejects missing authenticated datasources and signatures",3,0,FALSE,FALSE,0,1.92199999999991,0.0120000000000005,2.01099999999997,3
"test-dp-nb-grid-cross.R","dp-nb-grid-cross","NB2 postprocessing selects only signed public beta/theta candidates",9,0,FALSE,FALSE,0,0.50100000000009,0.00399999999999956,0.529999999999973,9
"test-dp-nb-grid-cross.R","dp-nb-grid-cross","NB2 pure-R limb oracle exactly matches certified Go fixtures",25,0,FALSE,FALSE,0,0.173999999999978,0.000999999999999446,0.196999999999889,25
"test-dp-nb-grid-cross.R","dp-nb-grid-cross","NB2 limb batch sums owner partial predictors before quantization",1,0,FALSE,FALSE,0,0.05600000000004,0.00200000000000067,0.0699999999999363,1
"test-dp-nb-grid-cross.R","dp-nb-grid-cross","NB2 installed profile, proof and numeric template are independently hash pinned",4,0,FALSE,FALSE,0,0.745999999999981,0.00500000000000078,0.783000000000015,4
"test-dp-nb-grid-cross.R","dp-nb-grid-cross","NB2 certified profile and public cap evaluator agree at every piece boundary",530,0,FALSE,FALSE,0,1.12800000000004,0.0309999999999988,1.37700000000007,530
"test-dp-nb-grid-cross.R","dp-nb-grid-cross","NB2 profile caps enclose the approximate loss plus its certified error",2838,0,FALSE,FALSE,0,7.46900000000005,1.056,10.063,2838
"test-dp-nb-grid-cross.R","dp-nb-grid-cross","NB2 default envelope approximation is below one percent of DP noise scale",3,0,FALSE,FALSE,0,0.194999999999936,0.00300000000000011,0.211999999999989,3
"test-dp-nb-grid-cross.R","dp-nb-grid-cross","NB signed profiles enter Step-2 admission at K2/K3/K5",18,0,FALSE,FALSE,0,4.84300000000007,0.0489999999999995,5.072,18
"test-dp-nb-grid.R","dp-nb-grid","NB2 signed loss caps match the complete negative-binomial likelihood",5,0,FALSE,FALSE,0,0.0499999999999545,0.00199999999999889,0.05499999999995,5
"test-dp-nb-grid.R","dp-nb-grid","NB2 finite grid validates its signed contract and selects a candidate",7,0,FALSE,FALSE,0,0.155999999999949,0.00100000000000122,0.162000000000035,7
"test-dp-nb-grid.R","dp-nb-grid","NB2 v2 caps bind the corrected lattice sensitivities",7,0,FALSE,FALSE,0,0.0219999999999345,0.00199999999999889,0.02800000000002,7
"test-dp-nb-grid.R","dp-nb-grid","NB2 sealed v1 specifications and mixed descriptors fail closed",9,0,FALSE,FALSE,0,0.0570000000000164,0.00100000000000122,0.0620000000000118,9
"test-dp-ordinal-grid-cross.R","dp-ordinal-grid-cross","ordinal DP postprocessing preserves signed order and original units",7,0,FALSE,FALSE,0,0.126999999999953,0.00300000000000011,0.135999999999967,7
"test-dp-ordinal-grid-cross.R","dp-ordinal-grid-cross","ordinal signed candidates enforce the certified finite-log domain",16,0,FALSE,FALSE,0,0.177000000000021,0.00100000000000122,0.187999999999988,16
"test-dp-ordinal-grid.R","dp-ordinal-grid","ordinal finite grid validates its signed contract and selects a candidate",8,0,FALSE,FALSE,0,0.168999999999983,0.00199999999999889,0.174999999999955,8
"test-dp-prevalence-ratio.R","dp-prevalence-ratio","prevalence view is a numeric identity of DP 2x2 epidemiology",17,0,FALSE,FALSE,0,0.0240000000000009,0,0.0339999999999918,17
"test-dp-prevalence-ratio.R","dp-prevalence-ratio","prevalence inference view preserves every coverage object",27,0,FALSE,FALSE,0,0.0480000000000018,0.00199999999999889,0.0660000000000309,27
"test-dp-prevalence-ratio.R","dp-prevalence-ratio","cross-sectional design and both orientations are explicit",9,0,FALSE,FALSE,0,0.0259999999999536,0.00100000000000122,0.0319999999999254,9
"test-dp-prevalence-ratio.R","dp-prevalence-ratio","prevalence wrappers make no DSI or capsule retrieval call",2,0,FALSE,FALSE,0,0.0080000000000382,0.00300000000000011,0.0120000000000573,2
"test-dp-prevalence-ratio.R","dp-prevalence-ratio","tamper and boundary behavior are inherited without narrowing",7,0,FALSE,FALSE,0,0.0260000000000673,0,0.0299999999999727,7
"test-dp-prevalence-ratio.R","dp-prevalence-ratio","prevalence print methods disclose the semantic non-claim",5,0,FALSE,FALSE,0,0.0179999999999154,0.00499999999999901,0.0270000000000437,5
"test-dp-quantile.R","dp-quantile","binned quantiles match a synthetic projected-histogram oracle",12,0,FALSE,FALSE,0,0.273000000000025,0.0069999999999979,0.288999999999987,12
"test-dp-quantile.R","dp-quantile","quantiles accept a Synopsis count on the signed output lattice",2,0,FALSE,FALSE,0,0.0270000000000437,0.00200000000000244,0.0310000000000628,2
"test-dp-quantile.R","dp-quantile","all released variables share one deterministic probability order",5,0,FALSE,FALSE,0,0.0180000000000291,0,0.0219999999999345,5
"test-dp-quantile.R","dp-quantile","simultaneous quantile regions cover every small count box",382,0,FALSE,FALSE,0,0.422000000000025,0.0269999999999975,0.581999999999994,382
"test-dp-quantile.R","dp-quantile","band-index oracle is exhaustive over endpoint and interior probs",2,0,FALSE,FALSE,0,1.35199999999998,0,1.35299999999995,2
"test-dp-quantile.R","dp-quantile","median is a zero-cost release-only quantile wrapper",15,0,FALSE,FALSE,0,0.0430000000000064,0.00100000000000122,0.0520000000000209,15
"test-dp-quantile.R","dp-quantile","quantile and median accept one intact synopsis provenance",20,0,FALSE,FALSE,0,0.0349999999999682,0.00400000000000134,0.0470000000000255,20
"test-dp-quantile.R","dp-quantile","quantile rejects mixed, incomplete, and detached provenance",12,0,FALSE,FALSE,0,0.0600000000000591,0.000999999999997669,0.0679999999999836,12
"test-dp-quantile.R","dp-quantile","validated Laplace and Gaussian capsule profiles are explicit",2,0,FALSE,FALSE,0,0.01400000000001,0.00100000000000122,0.0160000000000764,2
"test-dp-quantile.R","dp-quantile","empty and one-bin projected histograms are explicit",12,0,FALSE,FALSE,0,0.0380000000000109,0.00400000000000134,0.0469999999999118,12
"test-dp-quantile.R","dp-quantile","common-lattice fractional DP mass is not silently renormalized",7,0,FALSE,FALSE,0,0.0149999999999864,0.00399999999999778,0.0199999999999818,7
"test-dp-quantile.R","dp-quantile","quantile post-processing rejects malformed provenance and fields",21,0,FALSE,FALSE,0,0.13900000000001,0,0.149000000000001,21
"test-dp-quantile.R","dp-quantile","quantile post-processing leaves RNG and DSI untouched",5,0,FALSE,FALSE,0,0.0149999999999864,0,0.0170000000000528,5
"test-dp-quantile.R","dp-quantile","quantile and median are registered as validated post-processors",9,0,FALSE,FALSE,0,0.125,0.00200000000000244,0.131999999999948,9
"test-dp-statistical-validation-harness.R","dp-statistical-validation-harness","DP statistical validation harness is deterministic and gated",17,0,FALSE,FALSE,0,2.04000000000008,0.0229999999999997,2.077,17
"test-dp-statistical-validation-harness.R","dp-statistical-validation-harness","DP statistical validation writer records its scope",5,0,FALSE,FALSE,0,0.26400000000001,0.00100000000000122,0.272000000000048,5
"test-dp-survival.R","dp-survival","survival maps only its signed final-vector block",29,0,FALSE,FALSE,0,0.187000000000012,0.0159999999999982,0.220000000000027,29
"test-dp-survival.R","dp-survival","survival vector contract rejects semantic and clamp tampering",14,0,FALSE,FALSE,0,0.0819999999999936,0,0.0900000000000318,14
"test-dp-survival.R","dp-survival","survival propagates the signed Gaussian L2 plan",12,0,FALSE,FALSE,0,0.0510000000000446,0.00300000000000011,0.0599999999999454,12
"test-dp-survival.R","dp-survival","RMTL accepts the formal vector survival object and binds provenance",7,0,FALSE,FALSE,0,0.0389999999999873,0.00199999999999889,0.0439999999999827,7
"test-dp-survival.R","dp-survival","survival uses one no-lifetime Synopsis for K=2,3,5",144,0,FALSE,FALSE,0,0.557000000000016,0.00799999999999912,0.635999999999967,144
"test-dp-survival.R","dp-survival","survival Synopsis replay is byte-identical",3,0,FALSE,FALSE,0,0.0190000000000055,0.00300000000000011,0.0240000000000009,3
"test-dp-survival.R","dp-survival","survival rejects detached Synopsis bindings before block access",21,0,FALSE,FALSE,0,0.0529999999999973,0.00100000000000122,0.0629999999999882,21
"test-dp-survival.R","dp-survival","survival Synopsis rejects missing ambiguous and detached blocks",6,0,FALSE,FALSE,0,0.0230000000000246,0.000999999999997669,0.0260000000000673,6
"test-dp-survival.R","dp-survival","KM, Nelson-Aalen and CIF match the no-noise central oracle",15,0,FALSE,FALSE,0,0.0270000000000437,0.00500000000000256,0.0389999999999873,15
"test-dp-survival.R","dp-survival","delayed entry uses noisy flow without invalid hazards",8,0,FALSE,FALSE,0,0.0219999999999345,0.00399999999999778,0.0289999999999964,8
"test-dp-survival.R","dp-survival","oversized noisy cause hazards are jointly normalized",7,0,FALSE,FALSE,0,0.0179999999999154,0,0.0209999999999582,7
"test-dp-survival.R","dp-survival","RMST is zero-cost fixed-grid post-processing with valid bands",11,0,FALSE,FALSE,0,0.02800000000002,0.00200000000000244,0.0339999999999918,11
"test-dp-survival.R","dp-survival","RMST validates public restriction times and release provenance",8,0,FALSE,FALSE,0,0.0500000000000682,0.00199999999999889,0.0559999999999263,8
"test-dp-survival.R","dp-survival","RMTL is the exact zero-cost complement of released RMST",29,0,FALSE,FALSE,0,0.0459999999999354,0.00499999999999901,0.0640000000000782,29
"test-dp-survival.R","dp-survival","RMTL uses the released lower bound rather than assuming time zero",3,0,FALSE,FALSE,0,0.0200000000000955,0.00100000000000122,0.0219999999999345,3
"test-dp-survival.R","dp-survival","survival algebra rejects inconsistent post-release tampering",2,0,FALSE,FALSE,0,0.0219999999999345,0.00100000000000122,0.0240000000000009,2
"test-dp-survival.R","dp-survival","RMTL performs no DSI work after the survival release",3,0,FALSE,FALSE,0,0.0190000000000055,0,0.0209999999999582,3
"test-dp-survival.R","dp-survival","survival contrasts preserve only defensible joint coverage",13,0,FALSE,FALSE,0,0.0450000000000728,0.00600000000000023,0.0579999999999927,13
"test-dp-survival.R","dp-survival","fixed-grid log-rank score has a conservative mechanism region",17,0,FALSE,FALSE,0,0.0570000000000164,0.00499999999999901,0.0720000000000027,17
"test-dp-survival.R","dp-survival","log-rank box bounds every rectangle corner",3,0,FALSE,FALSE,0,0.00599999999997181,0.00199999999999889,0.00900000000001455,3
"test-dp-survival.R","dp-survival","log-rank validates causes, release bindings and zero-call scope",4,0,FALSE,FALSE,0,0.0430000000000064,0.00300000000000011,0.0470000000000255,4
"test-dp-survival.R","dp-survival","survival contrasts type zero-denominator ratios",4,0,FALSE,FALSE,0,0.0220000000000482,0.00499999999999901,0.0289999999999964,4
"test-dp-survival.R","dp-survival","RMST contrasts are exact zero-call post-processing",10,0,FALSE,FALSE,0,0.0310000000000628,0.00600000000000023,0.0430000000000064,10
"test-dp-survival.R","dp-survival","survival contrast rejects incompatible releases and bad labels",4,0,FALSE,FALSE,0,0.0399999999999636,0.00200000000000244,0.0430000000000064,4
"test-dp-survival.R","dp-survival","survival contrasts reject incompatible signed estimands",6,0,FALSE,FALSE,0,0.0639999999999645,0.000999999999997669,0.0679999999999836,6
"test-dp-survival.R","dp-survival","copied identity metadata cannot bypass survival Bonferroni",6,0,FALSE,FALSE,0,0.0339999999999918,0.00200000000000244,0.0380000000000109,6
"test-dp-survival.R","dp-survival","survival contrast and log-rank implementations contain no DSI route",2,0,FALSE,FALSE,0,0.00700000000006185,0.00300000000000011,0.0160000000000764,2
"test-dp-survival.R","dp-survival","fixed-grid survival quantiles and median match the central curve",15,0,FALSE,FALSE,0,0.0330000000000155,0.00600000000000023,0.0439999999999827,15
"test-dp-survival.R","dp-survival","survival quantiles type horizons that do not reach the target",7,0,FALSE,FALSE,0,0.0330000000000155,0.00299999999999656,0.0380000000000109,7
"test-dp-survival.R","dp-survival","survival quantile band inversion covers every monotone curve",7,0,FALSE,FALSE,0,0.0219999999999345,0.00500000000000256,0.0299999999999727,7
"test-dp-survival.R","dp-survival","survival quantiles reject invalid inputs, tampering, and DSI",11,0,FALSE,FALSE,0,0.100999999999999,0.00199999999999889,0.106999999999971,11
"test-dp-survival.R","dp-survival","random survival histograms always yield coherent finite curves",1,0,FALSE,FALSE,0,0.802000000000021,0.00300000000000011,0.805999999999926,1
"test-dp-survival.R","dp-survival","survival mechanism bands exhaust every small histogram box",3,0,FALSE,FALSE,0,5.702,0.00499999999999901,5.70799999999997,3
"test-dp-survival.R","dp-survival","empty survival releases remain finite and explicitly typed",12,0,FALSE,FALSE,0,0.0599999999999454,0.0120000000000005,0.0779999999999745,12
"test-dp-survival.R","dp-survival","named methods are post-processing of the same release",18,0,FALSE,FALSE,0,0.0389999999999873,0.00100000000000122,0.0480000000000018,18
"test-dp-survival.R","dp-survival","repeated survival requests replay the one Synopsis vector",4,0,FALSE,FALSE,0,0.0150000000001,0.00199999999999889,0.0179999999999154,4
"test-dp-survival.R","dp-survival","survival release rejects partial/raw DSI errors without retry",9,0,FALSE,FALSE,0,0.01400000000001,0.00499999999999901,0.0220000000000482,9
"test-dp-synopsis-describe-rock-e2e.R","dp-synopsis-describe-rock-e2e","the Synopsis real-E2E topology selector preserves the full gate",3,0,FALSE,FALSE,0,0.0080000000000382,0.00100000000000122,0.0110000000000809,3
"test-dp-synopsis-describe-rock-e2e.R","dp-synopsis-describe-rock-e2e","real Synopsis Describe is plausible and Rock-replayable at K=2/3/5",204,0,FALSE,FALSE,0,584.79,17.285,659.178,204
"test-dp-synopsis-describe-rock-e2e.R","dp-synopsis-describe-rock-e2e","real same-owner Synopsis contingency is plausible and Rock-replayable at K=2/3/5",313,0,FALSE,FALSE,0,349.454,10.07,391.413,313
"test-dp-synopsis-describe-rock-e2e.R","dp-synopsis-describe-rock-e2e","real stratified Synopsis supports sticky standardisation at K=2/3/5",147,0,FALSE,FALSE,0,304.85,8.213,337.231,147
"test-dp-synopsis-describe-rock-e2e.R","dp-synopsis-describe-rock-e2e","real Synopsis Mantel-Haenszel is plausible and Rock-replayable at K=2/3/5",66,0,FALSE,FALSE,0,315.424,8.283,350.872,66
"test-dp-synopsis-describe-rock-e2e.R","dp-synopsis-describe-rock-e2e","real Synopsis ROC is plausible and Rock-replayable at K=2/3/5",63,0,FALSE,FALSE,0,311.598,13.168,353.646,63
"test-dp-synopsis-describe-rock-e2e.R","dp-synopsis-describe-rock-e2e","real Synopsis causal standardisation is plausible and Rock-replayable at K=2/3/5",180,0,FALSE,FALSE,0,314.501,11.984,350.522,180
"test-dp-synopsis-describe-rock-e2e.R","dp-synopsis-describe-rock-e2e","real cross-owner Synopsis contingency is plausible and Rock-replayable at K=2/3/5",105,0,FALSE,FALSE,0,617.408,22.949,696.29,105
"test-dp-synopsis-describe-rock-e2e.R","dp-synopsis-describe-rock-e2e","real Synopsis Frequency is plausible and Rock-replayable at K=2/3/5",78,0,FALSE,FALSE,0,368.249,11.726,409.768,78
"test-dp-synopsis-describe-rock-e2e.R","dp-synopsis-describe-rock-e2e","Frequency safely readmits NB2, multinomial and ordinal y ~ 1 at K=2/3/5",129,0,FALSE,FALSE,0,516.975,16.227,571.579,129
"test-dp-synopsis-describe-rock-e2e.R","dp-synopsis-describe-rock-e2e","real Synopsis categorical MI is plausible and Rock-replayable at K=2/3/5",192,0,FALSE,FALSE,0,1214.678,39.05,1339.342,192
"test-dp-synopsis-describe-rock-e2e.R","dp-synopsis-describe-rock-e2e","real Synopsis survival is plausible and Rock-replayable at K=2/3/5",177,0,FALSE,FALSE,0,412.937,18.054,461.486000000001,177
"test-dp-synopsis-describe-rock-e2e.R","dp-synopsis-describe-rock-e2e","real Breslow Cox finite grid is certified and Rock-replayable at K=2/3/5",69,0,FALSE,FALSE,0,412.054999999999,12.906,457.308,69
"test-dp-synopsis-describe-rock-e2e.R","dp-synopsis-describe-rock-e2e","real same-owner Synopsis correlation is plausible and Rock-replayable at K=2/3/5",51,0,FALSE,FALSE,0,458.65,14.557,510.828,51
"test-dp-synopsis-describe-rock-e2e.R","dp-synopsis-describe-rock-e2e","real same-owner Gaussian Synopsis and correlation are plausible and Rock-replayable at K=2/3/5",315,0,FALSE,FALSE,0,1300.076,38.824,1424.677,315
"test-dp-synopsis-describe-rock-e2e.R","dp-synopsis-describe-rock-e2e","real random-intercept LMM Synopsis is plausible and Rock-replayable at K=2/3/5",118,0,FALSE,FALSE,0,792.344000000001,30.244,886.467000000001,118
"test-dp-synopsis-describe-rock-e2e.R","dp-synopsis-describe-rock-e2e","real additive fixed-effect random-intercept REML is source-scale plausible and Rock-replayable at K=2/3/5",71,0,FALSE,FALSE,0,2053.464,37.883,2134.2,71
"test-dp-synopsis-describe-rock-e2e.R","dp-synopsis-describe-rock-e2e","real Gaussian AR1 working-GLS GEE grid is plausible and Rock-replayable at K=2/3/5",72,0,FALSE,FALSE,0,597.721,19.897,655.686000000002,72
"test-dp-synopsis-describe-rock-e2e.R","dp-synopsis-describe-rock-e2e","real Gaussian AR1 clipped-score sandwich GEE is bound and Rock-replayable at K=2/3/5",66,0,FALSE,FALSE,0,474.635999999999,14.427,524.364000000001,66
"test-dp-synopsis-describe-rock-e2e.R","dp-synopsis-describe-rock-e2e","real Gaussian random-slope LMM grid is plausible and Rock-replayable at K=2/3/5",47,0,FALSE,FALSE,0,495.973,16.236,550.573999999999,47
"test-dp-synopsis-describe-rock-e2e.R","dp-synopsis-describe-rock-e2e","real Gaussian two-random-slope LMM grid is plausible and Rock-replayable at K=2/3/5",44,0,FALSE,FALSE,0,558.325000000001,26.675,624.986000000001,44
"test-dp-synopsis-describe-rock-e2e.R","dp-synopsis-describe-rock-e2e","real Gaussian three-random-slope LMM grid is plausible and Rock-replayable at K=2/3/5",44,0,FALSE,FALSE,0,573.992,17.842,629.541999999999,44
"test-dp-synopsis-describe-rock-e2e.R","dp-synopsis-describe-rock-e2e","real binary random-intercept GLMM moment route is plausible and Rock-replayable at K=2/3/5",45,0,FALSE,FALSE,0,429.674999999999,18.983,479.414999999999,45
"test-dp-synopsis-describe-rock-e2e.R","dp-synopsis-describe-rock-e2e","real additive binary GLMM finite grid is plausible and Rock-replayable at K=2/3/5",48,0,FALSE,FALSE,0,480.576000000001,17.575,536.671,48
"test-dp-synopsis-describe-rock-e2e.R","dp-synopsis-describe-rock-e2e","real binary random-slope GLMM grid is plausible and Rock-replayable at K=2/3/5",45,0,FALSE,FALSE,0,486.299000000001,16.493,541.094000000001,45
"test-dp-synopsis-describe-rock-e2e.R","dp-synopsis-describe-rock-e2e","real binary three-random-slope GLMM grid is plausible and Rock-replayable at K=2/3/5",48,0,FALSE,FALSE,0,556.467000000001,18.182,617.352999999999,48
"test-dp-synopsis-describe-rock-e2e.R","dp-synopsis-describe-rock-e2e","real Poisson random-intercept GLMM grid is plausible and Rock-replayable at K=2/3/5",51,0,FALSE,FALSE,0,567.721000000001,37.5959999999999,650.958999999999,51
"test-dp-synopsis-describe-rock-e2e.R","dp-synopsis-describe-rock-e2e","real Poisson one-random-slope GLMM grid is plausible and Rock-replayable at K=2/3/5",48,0,FALSE,FALSE,0,537.025999999998,25.9680000000001,608.235000000001,48
"test-dp-synopsis-describe-rock-e2e.R","dp-synopsis-describe-rock-e2e","real Poisson three-random-slope GLMM grid is plausible and Rock-replayable at K=2/3/5",48,0,FALSE,FALSE,0,517.294000000002,18.962,575.953000000001,48
"test-dp-synopsis-describe-rock-e2e.R","dp-synopsis-describe-rock-e2e","real additive NB2 finite grid is plausible and Rock-replayable at K=2/3/5",51,0,FALSE,FALSE,0,487.418000000001,17.6080000000001,544.485000000001,51
"test-dp-synopsis-describe-rock-e2e.R","dp-synopsis-describe-rock-e2e","real additive multinomial finite grid is plausible and Rock-replayable at K=2/3/5",63,0,FALSE,FALSE,0,571.286999999997,22.331,644.781999999999,63
"test-dp-synopsis-describe-rock-e2e.R","dp-synopsis-describe-rock-e2e","real additive ordinal finite grid is plausible and Rock-replayable at K=2/3/5",57,0,FALSE,FALSE,0,440.849000000002,18.0599999999999,501.594000000001,57
"test-dp-synopsis-describe-rock-e2e.R","dp-synopsis-describe-rock-e2e","real additive binomial and Poisson grids are plausible and Rock-replayable at K=2/3/5",144,0,FALSE,FALSE,0,1128.478,48.0500000000001,1279.689,144
"test-dp-synopsis-describe-rock-e2e.R","dp-synopsis-describe-rock-e2e","real finite binomial and Poisson L1 paths are plausible and Rock-replayable at K=2/3/5",102,0,FALSE,FALSE,0,1043.388,43.0699999999999,1176.788,102
"test-dp-synopsis-describe-rock-e2e.R","dp-synopsis-describe-rock-e2e","real robust binomial and Poisson independence GEE grids are plausible and Rock-replayable at K=2/3/5",122,0,FALSE,FALSE,0,933.321,37.346,1053.853,122
"test-dp-synopsis-describe-rock-e2e.R","dp-synopsis-describe-rock-e2e","focused Gaussian LASSO pseudo-IC is plausible and replayable at K=2/3/5",1,0,TRUE,FALSE,0,0.00100000000020373,0.00100000000009004,0.00400000000081491,0
"test-dp-synopsis-describe-rock-e2e.R","dp-synopsis-describe-rock-e2e","cross-owner Synopsis rejects a tampered witness before mutation",6,0,FALSE,FALSE,0,8.50600000000122,0.445999999999913,10.3090000000011,6
"test-dp-synopsis-local-pair-contract.R","dp-synopsis-local-pair-contract","local categorical manifest comparison canonicalizes JSON scalars",2,0,FALSE,FALSE,0,0.00699999999778811,0.00100000000009004,0.00899999999819556,2
"test-dp-synopsis-local-pair-contract.R","dp-synopsis-local-pair-contract","local categorical projection commits strict-missing scope",2,0,FALSE,FALSE,0,0.0100000000020373,0,0.011000000002241,2
"test-dp-synopsis-public-vector-adapter.R","dp-synopsis-public-vector-adapter","one-coordinate Synopsis accepts signed exact-GC START state",9,0,FALSE,FALSE,0,0.640999999999622,0.00399999999990541,0.651000000001659,9
"test-dp-synopsis-public-vector-adapter.R","dp-synopsis-public-vector-adapter","synopsis public vector has a closed trusted-input ABI",3,0,FALSE,FALSE,0,0.00799999999799184,0.00100000000009004,0.00999999999839929,3
"test-dp-synopsis-public-vector-adapter.R","dp-synopsis-public-vector-adapter","synopsis evidence uses an application bound above portable DSI",7,0,FALSE,FALSE,0,1.56000000000131,0.45799999999997,2.02200000000084,7
"test-dp-synopsis-public-vector-adapter.R","dp-synopsis-public-vector-adapter","synopsis RELEASE and bilateral REPLAY become one exact public vector",8,0,FALSE,FALSE,0,0.488000000001193,0.00499999999999545,0.496999999999389,8
"test-dp-synopsis-public-vector-adapter.R","dp-synopsis-public-vector-adapter","unrelated signed parent metadata preserves manifest artifact and release for K=2/3/5",15,0,FALSE,FALSE,0,2.28499999999985,0.0789999999999509,2.37299999999959,15
"test-dp-synopsis-public-vector-adapter.R","dp-synopsis-public-vector-adapter","synopsis public vector keeps K witnesses out of the release pair",9,0,FALSE,FALSE,0,1.03800000000047,0.00100000000009004,1.04500000000189,9
"test-dp-synopsis-public-vector-adapter.R","dp-synopsis-public-vector-adapter","synopsis public vector fails closed on consensus and wire tampering",11,0,FALSE,FALSE,0,1.65199999999822,0.0259999999999536,1.68600000000151,11
"test-dp-synopsis-public-vector-adapter.R","dp-synopsis-public-vector-adapter","synopsis integer bounds and exact client domain are enforced",4,0,FALSE,FALSE,0,1.52100000000064,0.00199999999995271,1.52700000000186,4
"test-dp-synopsis-public-vector-adapter.R","dp-synopsis-public-vector-adapter","synopsis lattice recycles scalar categorical bounds",2,0,FALSE,FALSE,0,0.187999999998283,0.00900000000001455,0.19999999999709,2
"test-dp-synopsis-public-vector-adapter.R","dp-synopsis-public-vector-adapter","synopsis profile reconstruction keeps manifest calibration",1,0,FALSE,FALSE,0,0.34400000000096,0.000999999999976353,0.345000000001164,1
"test-dp-synopsis-public-vector-adapter.R","dp-synopsis-public-vector-adapter","synopsis accepts canonical server release field ordering",1,0,FALSE,FALSE,0,0.337999999999738,0,0.338999999999942,1
"test-dp-synopsis-public-vector-adapter.R","dp-synopsis-public-vector-adapter","client rejects zero delta certificates from finite Laplace v3",5,0,FALSE,FALSE,0,0.333999999998923,0.00100000000009004,0.337999999999738,5
"test-dsi-armadillo-connector-smoke.R","dsi-armadillo-connector-smoke","real Armadillo S4 methods cover async, sync, and poisoned sessions",23,0,FALSE,FALSE,0,1.02899999999863,0.596000000000004,3.47799999999916,23
"test-dsi-benchmark-artifact.R","dsi-benchmark-artifact","committed DSI scaling benchmark is complete and self-consistent",19,0,FALSE,FALSE,0,0.0380000000004657,0.0220000000000482,0.0819999999985157,19
"test-dsi-benchmark-artifact.R","dsi-benchmark-artifact","committed DSLite frame sweep records the parser ceiling",11,0,FALSE,FALSE,0,0.0230000000010477,0.00599999999997181,0.04399999999805,11
"test-dsi-benchmark-artifact.R","dsi-benchmark-artifact","adaptive capsule-source benchmark records 1e6-coordinate calls",12,0,FALSE,FALSE,0,0.0180000000000291,0.00900000000001455,0.0410000000010768,12
"test-dsi-benchmark-artifact.R","dsi-benchmark-artifact","balanced direct-dispatch A/B keeps bytes equal and records local timing",11,0,FALSE,FALSE,0,0.0239999999976135,0.00900000000001455,0.0459999999984575,11
"test-dsi-benchmark-artifact.R","dsi-benchmark-artifact","typed pump memory benchmark proves its non-streaming source model",13,0,FALSE,FALSE,0,0.0360000000000582,0.0230000000000246,0.0760000000009313,13
"test-dsi-benchmark-artifact.R","dsi-benchmark-artifact","typed source-stream benchmark has no relay payload spool",10,0,FALSE,FALSE,0,0.0289999999986321,0.0219999999999345,0.0659999999988941,10
"test-dsi-fanout.R","dsi-fanout","named per-site fan-out uses one aggregate call and preserves mapping",6,0,FALSE,FALSE,0,0.0149999999994179,0.00999999999999091,0.0289999999986321,6
"test-dsi-fanout.R","dsi-fanout","immutable transport fan-out maps real DSLite results by site",8,0,FALSE,FALSE,0,1.40399999999863,0.524000000000001,3.09600000000137,8
"test-dsi-fanout.R","dsi-fanout","direct async fan-out stops polling at a monotonic deadline",3,0,FALSE,FALSE,0,0.00600000000122236,0.000999999999976353,0.00899999999819556,3
"test-dsi-fanout.R","dsi-fanout","remote jobs have no automatic wall-clock cutoff by default",6,0,FALSE,FALSE,0,0.0200000000004366,0.00499999999999545,0.0280000000020664,6
"test-dsi-fanout.R","dsi-fanout","an unresolved async job poisons only that authenticated session",8,0,FALSE,FALSE,0,0.0200000000004366,0.00200000000006639,0.0259999999980209,8
"test-dsi-fanout.R","dsi-fanout","direct async fan-out launches, polls, fetches, and keeps peers alive",5,0,FALSE,FALSE,0,0.00800000000162981,0.000999999999976353,0.011000000002241,5
"test-dsi-fanout.R","dsi-fanout","a consumed terminal async error does not poison Armadillo",5,0,FALSE,FALSE,0,0.0279999999984284,0.00900000000001455,0.0389999999970314,5
"test-dsi-fanout.R","dsi-fanout","a fetched phase-not-ready terminal is settled and does not poison",6,0,FALSE,FALSE,0,0.0169999999998254,0.00900000000001455,0.0280000000020664,6
"test-dsi-fanout.R","dsi-fanout","a fetched lifetime exhaustion terminal is settled and does not poison",6,0,FALSE,FALSE,0,0.022000000000844,0.00199999999995271,0.0269999999982247,6
"test-dsi-fanout.R","dsi-fanout","ambiguous async fetch reset and 500 poison Armadillo",8,0,FALSE,FALSE,0,0.0169999999998254,0.00199999999995271,0.022000000000844,8
"test-dsi-fanout.R","dsi-fanout","an async fetch interrupt poisons the launched session",2,0,FALSE,FALSE,0,0.00700000000142609,0,0.00800000000162981,2
"test-dsi-fanout.R","dsi-fanout","named fan-out rejects DSI versions without the required mapping API",3,0,FALSE,FALSE,0,0.00899999999819556,0.0040000000000191,0.0150000000030559,3
"test-dsi-fanout.R","dsi-fanout","strict aggregate rejects partial and total NULL results",4,0,FALSE,FALSE,0,0.00999999999839929,0.00300000000004275,0.0149999999994179,4
"test-dsi-fanout.R","dsi-fanout","strict aggregate routes real DSI through the direct dispatcher",2,0,FALSE,FALSE,0,0.00600000000122236,0.00199999999995271,0.010999999998603,2
"test-dsi-fanout.R","dsi-fanout","best-effort cleanup never launches on a poisoned session",2,0,FALSE,FALSE,0,0.00800000000162981,0,0.0100000000020373,2
"test-dsi-fanout.R","dsi-fanout","strict wrappers immediately propagate a poisoned DSI session",4,0,FALSE,FALSE,0,0.00799999999799184,0,0.00899999999819556,4
"test-dsi-fanout.R","dsi-fanout","strict aggregate never exposes top-level connector details",2,0,FALSE,FALSE,0,0.00200000000040745,0.00499999999999545,0.00800000000162981,2
"test-dsi-fanout.R","dsi-fanout","unknown bracketed dsvert tokens are terminal and sanitized",12,0,FALSE,FALSE,0,0.0210000000006403,0.00999999999999091,0.0349999999998545,12
"test-dsi-fanout.R","dsi-fanout","phase-not-ready parsing is exact, typed, and sanitized",7,0,FALSE,FALSE,0,0.0139999999992142,0.0040000000000191,0.0199999999967986,7
"test-dsi-fanout.R","dsi-fanout","lifetime exhaustion parsing is exact, typed, and sanitized",7,0,FALSE,FALSE,0,0.0139999999992142,0.00300000000004275,0.0190000000002328,7
"test-dsi-fanout.R","dsi-fanout","strict aggregate rethrows only unmixed lifetime exhaustion once",46,0,FALSE,FALSE,0,0.0900000000001455,0.0259999999999536,0.131000000001222,46
"test-dsi-fanout.R","dsi-fanout","strict aggregate rethrows only an unmixed phase-not-ready tag",30,0,FALSE,FALSE,0,0.0529999999998836,0.0120000000000573,0.0760000000009313,30
"test-dsi-fanout.R","dsi-fanout","strict aggregate cannot positionally misroute a per-site map",6,0,FALSE,FALSE,0,0.0149999999994179,0.00199999999995271,0.0180000000000291,6
"test-dsi-fanout.R","dsi-fanout","strict aggregate canonicalizes reorder and rejects mutated fan-in",4,0,FALSE,FALSE,0,0.0160000000032596,0.00200000000006639,0.0190000000002328,4
"test-dsi-fanout.R","dsi-fanout","NULL is accepted only under an explicit per-site contract",1,0,FALSE,FALSE,0,0.0029999999969732,0,0.00399999999717693,1
"test-dsi-fanout.R","dsi-fanout","logical TRUE contract rejects non-typed acknowledgements",1,0,FALSE,FALSE,0,0.00500000000101863,0.000999999999976353,0.00700000000142609,1
"test-dsi-fanout.R","dsi-fanout","fan-out rejects missing, duplicate, or non-call expressions",4,0,FALSE,FALSE,0,0.0210000000006403,0,0.022000000000844,4
"test-dsi-fanout.R","dsi-fanout","idempotent fan-out cycles classify only absent results as unavailable",7,0,FALSE,FALSE,0,0.010999999998603,0.00299999999992906,0.0180000000000291,7
"test-dsi-fanout.R","dsi-fanout","idempotent fan-out cycles reject present outer protocol corruption",3,0,FALSE,FALSE,0,0.00600000000122236,0.00100000000009004,0.00799999999799184,3
"test-dsi-fanout.R","dsi-fanout","oversize is terminal in one-cycle and assignment transports",6,0,FALSE,FALSE,0,0.010999999998603,0.00299999999992906,0.0159999999996217,6
"test-dsi-fanout.R","dsi-fanout","only tagged backpressure retries an explicit idempotent endpoint",16,0,FALSE,FALSE,0,0.0290000000022701,0.00700000000006185,0.0420000000012806,16
"test-dsi-fanout.R","dsi-fanout","oversized DSI expressions fail locally before connector side effects",6,0,FALSE,FALSE,0,0.0170000000034634,0.000999999999976353,0.0210000000006403,6
"test-dsi-fanout.R","dsi-fanout","portable 480 KiB raw Base64 frames remain below DSLite boundary",2,0,FALSE,FALSE,0,0.10399999999936,0.00499999999999545,0.110000000000582,2
"test-dsi-fanout.R","dsi-fanout","portable 480 KiB raw frame crosses a real DSLite parser",1,0,FALSE,FALSE,0,0.588999999999942,0.0919999999999845,1.05899999999747,1
"test-dsi-fanout.R","dsi-fanout","a 768 KiB source-window response crosses real DSLite separately",2,0,FALSE,FALSE,0,0.440999999998894,0.0900000000000318,0.959999999999127,2
"test-dsi-fanout.R","dsi-fanout","a real old DSLite server declines sync negotiation without poison",3,0,FALSE,FALSE,0,0.455999999998312,0.09699999999998,0.903000000002066,3
"test-dsi-fanout.R","dsi-fanout","ambiguous sync execute failures poison the affected DSI handle",6,0,FALSE,FALSE,0,0.0150000000030559,0,0.0169999999998254,6
"test-dsi-fanout.R","dsi-fanout","terminal Armadillo application rejection permits scalar fallback",3,0,FALSE,FALSE,0,0.010999999998603,0,0.0119999999988067,3
"test-dsi-fanout.R","dsi-fanout","strict assignments use one named asynchronous fan-out",6,0,FALSE,FALSE,0,0.0159999999996217,0,0.0200000000004366,6
"test-dsi-fanout.R","dsi-fanout","strict assignments mask partial connector errors",3,0,FALSE,FALSE,0,0.00700000000142609,0.000999999999976353,0.00999999999839929,3
"test-dsi-fanout.R","dsi-fanout","strict assignments require one success callback per site",3,0,FALSE,FALSE,0,0.0249999999978172,0,0.0260000000016589,3
"test-dsi-fanout.R","dsi-fanout","strict assignments route distinct expressions through real DSLite",2,0,FALSE,FALSE,0,0.466000000000349,0.0690000000000737,0.89600000000064,2
"test-dsi-fanout.R","dsi-fanout","strict assignments preserve the Opal S4 success path",3,0,FALSE,FALSE,0,0.134999999998399,0.0329999999999018,0.381999999997788,3
"test-dsi-fanout.R","dsi-fanout","best-effort cleanup is async and never leaks or throws",4,0,FALSE,FALSE,0,0.011000000002241,0.00100000000009004,0.0130000000026484,4
"test-dsi-fanout.R","dsi-fanout","release-instance retry parser accepts only current safe actions",5,0,FALSE,FALSE,0,0.00699999999778811,0.000999999999976353,0.00899999999819556,5
"test-dsi-security.R","dsi-security","outer DSI validation accepts in-process and verified Opal links",5,0,FALSE,FALSE,0,0.0129999999990105,0.000999999999976353,0.0149999999994179,5
"test-dsi-security.R","dsi-security","recognized Armadillo HTTPS is plug-and-play and generic stays denied",2,0,FALSE,FALSE,0,0.00700000000142609,0,0.00699999999778811,2
"test-dsi-security.R","dsi-security","the installed DataSHIELD surface has no unguarded base aliases",3,0,FALSE,FALSE,0,0.48700000000099,0.171000000000049,1.50800000000163,3
"test-dsi-security.R","dsi-security","Armadillo rejects global TLS downgrade and malformed httr config",9,0,FALSE,FALSE,0,0.0299999999988358,0.000999999999976353,0.0390000000006694,9
"test-dsi-security.R","dsi-security","remote HTTP is rejected without exposing endpoint credentials",3,0,FALSE,FALSE,0,0.00899999999819556,0.000999999999976353,0.00999999999839929,3
"test-dsi-security.R","dsi-security","endpoint identity retains port and base path without credentials",7,0,FALSE,FALSE,0,0.0120000000024447,0.000999999999976353,0.0139999999992142,7
"test-dsi-security.R","dsi-security","DSMolgenisArmadillo S4 endpoint metadata is plug-and-play",15,0,FALSE,FALSE,0,0.0289999999986321,0.00300000000004275,0.0430000000014843,15
"test-dsi-security.R","dsi-security","plaintext loopback cannot be enabled by client configuration",1,0,FALSE,FALSE,0,0.00600000000122236,0,0.00699999999778811,1
"test-dsi-security.R","dsi-security","invalid transport policy and malformed connection sets fail closed",2,0,FALSE,FALSE,0,0.00999999999839929,0,0.0100000000020373,2
"test-dsi-security.R","dsi-security","strict aggregate validates real DSI calls but not injected tests",2,0,FALSE,FALSE,0,0.00600000000122236,0.000999999999976353,0.00999999999839929,2
"test-dsi-security.R","dsi-security","best-effort cleanup never crosses an insecure outer transport",1,0,FALSE,FALSE,0,0.00400000000081491,0.000999999999976353,0.00800000000162981,1
"test-dsi-sliding-window.R","dsi-sliding-window","portable DSI/DSLite cannot expose an aggregate sliding window",7,0,FALSE,FALSE,0,0.436000000001513,0.0790000000000646,0.93500000000131,7
"test-dsi-text-frame-memory.R","dsi-text-frame-memory","client DSI text framing uses the bounded twin implementation",4,0,FALSE,FALSE,0,0.0930000000007567,0.0339999999999918,0.128999999997177,4
"test-dsi-text-frame-memory.R","dsi-text-frame-memory","client and server codec twins stay byte-identical",1544,0,FALSE,FALSE,0,2.41499999999724,0.17999999999995,3.06300000000192,1544
"test-dsi-text-frame.R","dsi-text-frame","client DSI framing matches the server golden wire contract",2,0,FALSE,FALSE,0,0.00500000000101863,0,0.00600000000122236,2
"test-dsi-text-frame.R","dsi-text-frame","DSV1 package generations fail closed in both directions and mixed",5,0,FALSE,FALSE,0,0.00899999999819556,0.00100000000009004,0.0129999999990105,5
"test-dsi-text-frame.R","dsi-text-frame","promoted DSI JSON map is exactly 50 methods and 99 formals",104,0,FALSE,FALSE,0,0.159999999999854,0.0259999999999536,0.226999999998952,104
"test-dsi-text-frame.R","dsi-text-frame","rewriter frames only the explicit promoted arguments once",250,0,FALSE,FALSE,0,0.565999999998894,0.0330000000000155,0.682000000000698,250
"test-dsi-text-frame.R","dsi-text-frame","aggregate and cleanup boundaries frame before validation and send",7,0,FALSE,FALSE,0,0.0169999999998254,0,0.0190000000002328,7
"test-dsi-text-frame.R","dsi-text-frame","source W=8 measures framed expressions and shrinks adversarial B",7,0,FALSE,FALSE,0,3.69700000000012,0.106999999999971,3.80900000000111,7
"test-dsi-text-frame.R","dsi-text-frame","real DSLite carries framed JSON for all seven promoted families",17,0,FALSE,FALSE,0,0.536000000000058,0.0710000000000264,1.03700000000026,17
"test-dsi-transport-probe.R","dsi-transport-probe","probe descends on absent transport responses and selects common min",5,0,FALSE,FALSE,0,0.0760000000009313,0.000999999999976353,0.0869999999995343,5
"test-dsi-transport-probe.R","dsi-transport-probe","completed remote probe rejection descends without poisoning login",5,0,FALSE,FALSE,0,0.0769999999974971,0.000999999999976353,0.0869999999995343,5
"test-dsi-transport-probe.R","dsi-transport-probe","probe never downgrades a poisoned session to a smaller candidate",2,0,FALSE,FALSE,0,0.00600000000122236,0,0.010999999998603,2
"test-dsi-transport-probe.R","dsi-transport-probe","probe cache is bound to the exact connection session set",5,0,FALSE,FALSE,0,0.0119999999988067,0,0.0200000000004366,5
"test-dsi-transport-probe.R","dsi-transport-probe","response ceilings are negotiated per site with 413 fallback",9,0,FALSE,FALSE,0,0.15400000000227,0.00300000000004275,0.173000000002503,9
"test-dsi-transport-probe.R","dsi-transport-probe","request ceilings retain heterogeneous per-site evidence",3,0,FALSE,FALSE,0,0.0579999999972642,0.00199999999995271,0.069999999999709,3
"test-dsi-transport-probe.R","dsi-transport-probe","request hints do not truncate the independent response ladder",4,0,FALSE,FALSE,0,0.119000000002416,0.00300000000004275,0.126000000000204,4
"test-dsi-transport-probe.R","dsi-transport-probe","response acknowledgements reject a trailing newline",1,0,FALSE,FALSE,0,0.00499999999738066,0,0.00499999999738066,1
"test-dsi-transport-probe.R","dsi-transport-probe","old response probes fall back to scalar without poisoning",4,0,FALSE,FALSE,0,0.0200000000004366,0.000999999999976353,0.0300000000024738,4
"test-dsi-transport-probe.R","dsi-transport-probe","ambiguous response-probe failure poisons the exact handle",2,0,FALSE,FALSE,0,0.00600000000122236,0,0.00699999999778811,2
"test-dsi-transport-probe.R","dsi-transport-probe","request and response probes cross a real DSLite connector",3,0,FALSE,FALSE,0,0.438999999998487,0.0539999999999736,0.920000000001892,3
"test-dsi-transport-probe.R","dsi-transport-probe","a connector profile hint is re-probed after reconnect",6,0,FALSE,FALSE,0,0.0139999999992142,0.00100000000009004,0.0169999999998254,6
"test-dsi-transport-probe.R","dsi-transport-probe","probe caches distinguish port and base path on one host",2,0,FALSE,FALSE,0,0.00800000000162981,0.00199999999995271,0.0129999999990105,2
"test-dsi-transport-probe.R","dsi-transport-probe","Armadillo authoritative probe cache follows the curl handle",2,0,FALSE,FALSE,0,0.00800000000162981,0.000999999999976353,0.0119999999988067,2
"test-dsi-transport-probe.R","dsi-transport-probe","only the measured DSLite release receives a class-derived hint",3,0,FALSE,FALSE,0,0.00599999999758438,0.00200000000006639,0.00900000000183354,3
"test-dsi-transport-probe.R","dsi-transport-probe","automatic geometry cannot leak across connection session sets",4,0,FALSE,FALSE,0,0.0100000000020373,0.00199999999995271,0.0200000000004366,4
"test-dsi-transport-probe.R","dsi-transport-probe","geometry unlocks only after a payload transfer returns",3,0,FALSE,FALSE,0,0.00799999999799184,0,0.00800000000162981,3
"test-dsi-transport-probe.R","dsi-transport-probe","present malformed probe acknowledgements are fatal",2,0,FALSE,FALSE,0,0.0100000000020373,0,0.0139999999992142,2
"test-dsi-transport-probe.R","dsi-transport-probe","unavailable probe never authorizes an untested geometry",3,0,FALSE,FALSE,0,0.0119999999988067,0.000999999999976353,0.0180000000000291,3
"test-dsi-transport-probe.R","dsi-transport-probe","payload geometry cannot downshift after its first attempt",6,0,FALSE,FALSE,0,0.0149999999994179,0.00300000000004275,0.0250000000014552,6
"test-dsi-transport-probe.R","dsi-transport-probe","production candidate ladder and expression reserve are bounded",6,0,FALSE,FALSE,0,0.0129999999990105,0.000999999999976353,0.0149999999994179,6
"test-epi-standardization.R","epi-standardization","direct standardization matches the Fay-Feuer Poisson-gamma formulas",9,0,FALSE,FALSE,0,0.0260000000016589,0.00300000000004275,0.0339999999996508,9
"test-epi-standardization.R","epi-standardization","direct standardization offers a bounded normal interval",4,0,FALSE,FALSE,0,0.0560000000004948,0.0040000000000191,0.0630000000019209,4
"test-epi-standardization.R","epi-standardization","direct Poisson-gamma interval handles zero events",3,0,FALSE,FALSE,0,0.00499999999738066,0,0.00699999999778811,3
"test-epi-standardization.R","epi-standardization","indirect standardization matches an exact Garwood interval",9,0,FALSE,FALSE,0,0.0140000000028522,0,0.0169999999998254,9
"test-epi-standardization.R","epi-standardization","indirect standardization handles zero events and SIR labeling",4,0,FALSE,FALSE,0,0.021999999997206,0.00299999999992906,0.0280000000020664,4
"test-epi-standardization.R","epi-standardization","standardization methods fail closed on malformed aggregates",14,0,FALSE,FALSE,0,0.0630000000019209,0,0.0689999999995052,14
"test-epi-standardization.R","epi-standardization","standardization print methods return their objects invisibly",4,0,FALSE,FALSE,0,0.00799999999799184,0,0.00899999999819556,4
"test-epi2x2.R","epi2x2","epi 2x2 measures match standard closed-form estimators",14,0,FALSE,FALSE,0,0.0200000000004366,0,0.0269999999982247,14
"test-epi2x2.R","epi2x2","epi 2x2 accepts an existing disclosure-checked table object",3,0,FALSE,FALSE,0,0.00500000000101863,0,0.00700000000142609,3
"test-epi2x2.R","epi2x2","epi 2x2 handles zero cells only with an explicit reported correction",7,0,FALSE,FALSE,0,0.0139999999992142,0,0.0180000000000291,7
"test-epi2x2.R","epi2x2","epi 2x2 validates orientation and aggregate counts",5,0,FALSE,FALSE,0,0.022000000000844,0.000999999999976353,0.0249999999978172,5
"test-exact-gc-peer-cardinality.R","exact-gc-peer-cardinality","exact GC setup selects exactly two compute peers from K >= 3",8,0,FALSE,FALSE,0,0.0300000000024738,0.00399999999990541,0.0390000000006694,8
"test-exact-gc-promoted-cross-guard.R","exact-gc-promoted-cross-guard","K=2/3/4/5 checked cross runner traverses the real production guard",14,0,FALSE,FALSE,0,0.0619999999980791,0.00299999999992906,0.0740000000005239,14
"test-exact-gc-transport.R","exact-gc-transport","exact client pump retries identical fan-out requests without a quota",66,0,FALSE,FALSE,0,0.144000000000233,0.0169999999999391,0.187999999998283,66
"test-exact-gc-transport.R","exact-gc-transport","exact client pump does not poll the sender while one delivery waits for its recipient",1,0,FALSE,FALSE,0,0.0339999999996508,0,0.0349999999998545,1
"test-exact-gc-transport.R","exact-gc-transport","client derives the same execution-free Count binding for K=2,3,5",4,0,FALSE,FALSE,0,0.403999999998632,0.0040000000000191,0.409999999999854,4
"test-exact-gc-transport.R","exact-gc-transport","exact client emits one complete direct scalar delivery shape",3,0,FALSE,FALSE,0,0.00899999999819556,0,0.0100000000020373,3
"test-exact-gc-transport.R","exact-gc-transport","worker heartbeats renew inactivity but never the total deadline",4,0,FALSE,FALSE,0,0.0120000000024447,0.00200000000006639,0.0159999999996217,4
"test-exact-gc-transport.R","exact-gc-transport","present malformed exact response is fatal and raw errors do not leak",4,0,FALSE,FALSE,0,0.00899999999819556,0.000999999999976353,0.0119999999988067,4
"test-exact-gc-transport.R","exact-gc-transport","exact capability contract advertises only proved rings and floor truncation",18,0,FALSE,FALSE,0,0.0349999999998545,0.00299999999992906,0.0470000000022992,18
"test-exact-gc-transport.R","exact-gc-transport","formal GLM schedule is transport-only and remains unadvertised",7,0,FALSE,FALSE,0,0.0280000000020664,0,0.0309999999990396,7
"test-exact-gc-transport.R","exact-gc-transport","client multiprecision shape policy matches the server through Ring4096",3,0,FALSE,FALSE,0,0.00899999999819556,0,0.00999999999839929,3
"test-exact-gc-transport.R","exact-gc-transport","Ring4096 exact truncation reaches the pump only within its proved shape",5,0,FALSE,FALSE,0,0.011000000002241,0.00200000000006639,0.0140000000028522,5
"test-exact-gc-transport.R","exact-gc-transport","exact operation contexts have canonical CSPRNG-derived capabilities",4,0,FALSE,FALSE,0,0.00899999999819556,0.000999999999976353,0.0130000000026484,4
"test-exact-gc-transport.R","exact-gc-transport","joint-DP vector client has no output-share reconstruction surface",5,0,FALSE,FALSE,0,0.010999999998603,0.00300000000004275,0.0159999999996217,5
"test-exact-gc-transport.R","exact-gc-transport","exact vecmul chunk identities cover datasets beyond one circuit",7,0,FALSE,FALSE,0,0.011000000002241,0.000999999999976353,0.0149999999994179,7
"test-exact-gc-transport.R","exact-gc-transport","direct exact vecmul uses checked chunks and no Beaver relay",30,0,FALSE,FALSE,0,0.104999999999563,0.0109999999999673,0.130000000001019,30
"test-exact-gc-transport.R","exact-gc-transport","categorical producer manifests select the scaled-indicator circuit",6,0,FALSE,FALSE,0,0.0250000000014552,0.0040000000000191,0.032999999999447,6
"test-exact-gc-transport.R","exact-gc-transport","exact vecmul rejects a partial validity fan-out before commit",4,0,FALSE,FALSE,0,0.0279999999984284,0.000999999999976353,0.0309999999990396,4
"test-exact-gc-transport.R","exact-gc-transport","producer manifests are claimed per peer without remote slot binding",6,0,FALSE,FALSE,0,0.0230000000010477,0.00500000000010914,0.0309999999990396,6
"test-exact-gc-transport.R","exact-gc-transport","Ring127 GLM initializes pinned peers before producer minting",4,0,FALSE,FALSE,0,0.00899999999819556,0,0.011000000002241,4
"test-exact-gc-transport.R","exact-gc-transport","failed checked vecmul aborts both its chunk and retained batch",2,0,FALSE,FALSE,0,0.0159999999996217,0.00299999999992906,0.0200000000004366,2
"test-exact-gc-transport.R","exact-gc-transport","Ring127 common helper cannot fall back to legacy truncation",8,0,FALSE,FALSE,0,0.0120000000024447,0.00200000000006639,0.0180000000000291,8
"test-exact-gc-transport.R","exact-gc-transport","fresh Ring127 destinations avoid the overwrite-copy round",1,0,FALSE,FALSE,0,0.0119999999988067,0,0.0119999999988067,1
"test-exact-gc-transport.R","exact-gc-transport","Ring127 exact transport readiness is explicit and operation-local",5,0,FALSE,FALSE,0,0.0119999999988067,0,0.0149999999994179,5
"test-exact-gc-transport.R","exact-gc-transport","nested Ring127 primitive propagates one ready transport",2,0,FALSE,FALSE,0,0.00400000000081491,0.000999999999976353,0.00600000000122236,2
"test-exact-gc-transport.R","exact-gc-transport","Ring127 Clenshaw products are one-shot across stages and calls",4,0,FALSE,FALSE,0,0.0380000000004657,0.000999999999976353,0.0419999999976426,4
"test-exact-gc-transport.R","exact-gc-transport","GLM softplus stages claim producer manifests without legacy Bind",8,0,FALSE,FALSE,0,0.0159999999996217,0.00199999999995271,0.0230000000010477,8
"test-exact-gc-transport.R","exact-gc-transport","GLM softplus uses all fixed producer stages and no slot Bind",8,0,FALSE,FALSE,0,0.0639999999984866,0.00200000000006639,0.0689999999995052,8
"test-exact-gc-transport.R","exact-gc-transport","public Ring127 scaling uses additive shares and exact truncation",10,0,FALSE,FALSE,0,0.0159999999996217,0,0.0210000000006403,10
"test-exact-gc-transport.R","exact-gc-transport","exact transport setup uses only exact-specific pinned endpoints",4,0,FALSE,FALSE,0,0.0230000000010477,0.00199999999995271,0.0260000000016589,4
"test-exact-gc-transport.R","exact-gc-transport","analysis-bound setup selects authorities by full K identity pins",5,0,FALSE,FALSE,0,0.289000000000669,0.0040000000000191,0.295000000001892,5
"test-exact-gc-transport.R","exact-gc-transport","client accepts only analysis-bound scalar Count initialization",6,0,FALSE,FALSE,0,0.454999999998108,0.0080000000000382,0.466000000000349,6
"test-exact-gc-transport.R","exact-gc-transport","cross transport mints and consumes peer-specific cleanup capabilities",12,0,FALSE,FALSE,0,0.0600000000013097,0.00299999999992906,0.0679999999993015,12
"test-fama-reference-harness.R","fama-reference-harness","family reference harness remains source-only and explicitly tagged",7,0,FALSE,FALSE,0,0.0129999999990105,0.155000000000086,0.515000000003056,7
"test-fama-reference-harness.R","fama-reference-harness","two-custodian synthetic reference compares signed grid selections",1,0,TRUE,FALSE,0,0.00500000000101863,0,0.00500000000101863,0
"test-formal-cox-discrete-frontdoor.R","formal-cox-discrete-frontdoor","formal discrete-time Cox reads one bound public release at every site",12,0,FALSE,FALSE,0,0.203999999997905,0.0819999999999936,0.293000000001484,12
"test-formal-cox-discrete-frontdoor.R","formal-cox-discrete-frontdoor","formal discrete-time Cox rejects cross-site and legacy-selector mismatches",3,0,FALSE,FALSE,0,0.923999999999069,0.354000000000042,1.28099999999904,3
"test-formal-cox-discrete-frontdoor.R","formal-cox-discrete-frontdoor","formal discrete-time Cox rejects a decimal that disagrees with signed lattice steps",1,0,FALSE,FALSE,0,0.00900000000183354,0.00199999999995271,0.0120000000024447,1
"test-formal-cox-discrete-frontdoor.R","formal-cox-discrete-frontdoor","formal discrete-time Cox requests are deterministic and minimal",3,0,FALSE,FALSE,0,0.0129999999990105,0.000999999999976353,0.0160000000032596,3
"test-formal-cox-discrete-frontdoor.R","formal-cox-discrete-frontdoor","the discrete ds.vert.cox selector preserves its distinct estimand",3,0,FALSE,FALSE,0,0.0180000000000291,0.00200000000006639,0.0229999999974098,3
"test-formal-cox-fresh-ingress.R","formal-cox-fresh-ingress","fresh Cox ingress provisions both compute workers from opaque source blocks",9,0,FALSE,FALSE,0,0.104999999999563,0.0109999999999673,0.120999999999185,9
"test-formal-cox-fresh-ingress.R","formal-cox-fresh-ingress","fresh Cox ingress fails before tickets on incompatible source shapes",2,0,FALSE,FALSE,0,0.0649999999986903,0.0080000000000382,0.0740000000005239,2
"test-formal-cox-fresh-ingress.R","formal-cox-fresh-ingress","fresh Cox ingress binds the source analysis before tickets",2,0,FALSE,FALSE,0,0.0240000000012515,0,0.0249999999978172,2
"test-formal-cox-fresh-ingress.R","formal-cox-fresh-ingress","fresh Cox run stages its finalizer without returning a private result",15,0,FALSE,FALSE,0,0.0259999999980209,0.0040000000000191,0.0390000000006694,15
"test-formal-cox-fresh-ingress.R","formal-cox-fresh-ingress","fresh Cox replay loads the committed public result without re-finalizing",4,0,FALSE,FALSE,0,0.105999999999767,0.0249999999999773,0.13300000000163,4
"test-formal-cox-fresh-ingress.R","formal-cox-fresh-ingress","fresh Cox run fails closed on an unsafe finalizer state",2,0,FALSE,FALSE,0,0.0130000000026484,0,0.0149999999994179,2
"test-formal-cox-fresh-source.R","formal-cox-fresh-source","configured fresh Cox source sends only closed selectors and payloads",6,0,FALSE,FALSE,0,0.0130000000026484,0.000999999999976353,0.0169999999998254,6
"test-formal-cox-fresh-source.R","formal-cox-fresh-source","configured fresh Cox source rejects widened payloads and unsafe replies",2,0,FALSE,FALSE,0,0.0540000000000873,0.00700000000006185,0.0630000000019209,2
"test-formal-cox-fresh-worker.R","formal-cox-fresh-worker","configured fresh Cox worker sends only its provisioned selector",5,0,FALSE,FALSE,0,0.00900000000183354,0.0040000000000191,0.0139999999992142,5
"test-formal-cox-fresh-worker.R","formal-cox-fresh-worker","configured fresh Cox worker permits only an empty completion query",4,0,FALSE,FALSE,0,0.145000000000437,0.00900000000001455,0.15599999999904,4
"test-formal-cox-fresh-worker.R","formal-cox-fresh-worker","configured fresh Cox worker admits the closed finalizer-stage action",3,0,FALSE,FALSE,0,0.00999999999839929,0.00499999999999545,0.0180000000000291,3
"test-formal-cox-fresh-worker.R","formal-cox-fresh-worker","configured fresh Cox worker accepts only one matching K2 completion",7,0,FALSE,FALSE,0,0.100999999998749,0.01299999999992,0.119000000002416,7
"test-formal-cox-fresh-worker.R","formal-cox-fresh-worker","configured fresh Cox worker returns only matching share-free opening headers",8,0,FALSE,FALSE,0,0.223000000001775,0.0480000000000018,0.276999999998225,8
"test-formal-cox-fresh-worker.R","formal-cox-fresh-worker","configured fresh Cox worker relays only a finalizer ticket and ciphertext envelopes",26,0,FALSE,FALSE,0,0.207999999998719,0.0500000000000682,0.268000000000029,26
"test-formal-cox-fresh-worker.R","formal-cox-fresh-worker","configured fresh Cox worker commits a staged finalizer through opaque relays",55,0,FALSE,FALSE,0,0.265999999999622,0.0739999999999554,0.370999999999185,55
"test-formal-cox-fresh-worker.R","formal-cox-fresh-worker","configured fresh Cox worker relays one K2 schedule without outputs",3,0,FALSE,FALSE,0,0.0260000000016589,0.00200000000006639,0.0309999999990396,3
"test-formal-cox-fresh-worker.R","formal-cox-fresh-worker","configured fresh Cox worker relays offsets above 2^53 as strings",2,0,FALSE,FALSE,0,0.105999999999767,0.00999999999999091,0.117000000002008,2
"test-formal-cox-fresh-worker.R","formal-cox-fresh-worker","configured fresh Cox worker rejects cross-server, widened and unsafe frames",9,0,FALSE,FALSE,0,0.0730000000003201,0.00199999999995271,0.0799999999981083,9
"test-formal-cox-frontdoor.R","formal-cox-frontdoor","formal Cox reads one certified public release at K=2/3/5",36,0,FALSE,FALSE,0,0.265000000003056,0.0160000000000764,0.297999999998865,36
"test-formal-cox-frontdoor.R","formal-cox-frontdoor","fresh formal Cox selectors are sealed before DSI",4,0,FALSE,FALSE,0,0.0469999999986612,0,0.0499999999992724,4
"test-formal-cox-frontdoor.R","formal-cox-frontdoor","Cox aliases advertise the signed grid and completed certificate routes",5,0,FALSE,FALSE,0,0.0529999999998836,0.00299999999992906,0.0590000000011059,5
"test-formal-cox-frontdoor.R","formal-cox-frontdoor","formal Cox rejects a cross-site certificate mismatch",1,0,FALSE,FALSE,0,0.0210000000006403,0.0040000000000191,0.0259999999980209,1
"test-formal-cox-frontdoor.R","formal-cox-frontdoor","formal Cox rejects a decimal that disagrees with signed lattice steps",1,0,FALSE,FALSE,0,0.0129999999990105,0.000999999999976353,0.0149999999994179,1
"test-formal-cox-frontdoor.R","formal-cox-frontdoor","formal Cox permits only registered public selectors",4,0,FALSE,FALSE,0,0.0190000000002328,0.00100000000009004,0.0230000000010477,4
"test-formal-cox-frontdoor.R","formal-cox-frontdoor","formal Cox aliases preserve the certified release route",3,0,FALSE,FALSE,0,0.0229999999974098,0.00499999999999545,0.0309999999990396,3
"test-formal-dp-e2e-harness.R","formal-dp-e2e-harness","formal DP E2E harness is source-only and has a safe help path",20,0,FALSE,FALSE,0,0.0540000000000873,0.16700000000003,0.608000000000175,20
"test-formal-dp-e2e-harness.R","formal-dp-e2e-harness","formal DP E2E state cleans on success and failure unless retained",10,0,FALSE,FALSE,0,0.101000000002387,0.677999999999997,7.0480000000025,10
"test-formal-gee-frontdoor.R","formal-gee-frontdoor","formal independent GEE consumes one certified GLM point release",13,0,FALSE,FALSE,0,0.0309999999990396,0.00999999999999091,0.0459999999984575,13
"test-formal-gee-frontdoor.R","formal-gee-frontdoor","fresh formal independent GEE is sealed before DSI",5,0,FALSE,FALSE,0,0.032999999999447,0.00300000000004275,0.0380000000004657,5
"test-formal-gee-frontdoor.R","formal-gee-frontdoor","independent Gaussian GEE consumes one signed Gaussian Synopsis",16,0,FALSE,FALSE,0,0.0420000000012806,0.0130000000000337,0.0619999999980791,16
"test-formal-gee-frontdoor.R","formal-gee-frontdoor","Gaussian exchangeable GEE consumes only a matching signed random-intercept GLS artifact",19,0,FALSE,FALSE,0,0.0629999999982829,0.0219999999999345,0.0910000000003492,19
"test-formal-gee-frontdoor.R","formal-gee-frontdoor","Gaussian exchangeable GEE rejects a substituted or malformed LMM result",5,0,FALSE,FALSE,0,0.0200000000004366,0.00300000000004275,0.0260000000016589,5
"test-formal-gee-frontdoor.R","formal-gee-frontdoor","independent binomial and Poisson GEE consumes one signed finite grid",16,0,FALSE,FALSE,0,0.0339999999996508,0.01400000000001,0.0570000000006985,16
"test-formal-gee-frontdoor.R","formal-gee-frontdoor","formal independent GEE rejects cluster and legacy controls before GLM",6,0,FALSE,FALSE,0,0.0740000000005239,0.0109999999999673,0.0900000000001455,6
"test-formal-gee-frontdoor.R","formal-gee-frontdoor","the compatibility GEE alias preserves the formal point boundary",4,0,FALSE,FALSE,0,0.0129999999990105,0.000999999999976353,0.0150000000030559,4
"test-formal-glm-dp-result.R","formal-glm-dp-result","formal DP GLM result validates K=2, K=3 and K=5 protected releases",42,0,FALSE,FALSE,0,6.57400000000052,0.762000000000057,7.35900000000038,42
"test-formal-glm-dp-result.R","formal-glm-dp-result","formal DP GLM decoding agrees with the central rational oracle",10,0,FALSE,FALSE,0,3.72899999999936,0.0109999999999673,3.74699999999939,10
"test-formal-glm-dp-result.R","formal-glm-dp-result","formal DP GLM release is sticky across retry/restart/rechunk and rotates visibly",6,0,FALSE,FALSE,0,1.84200000000055,0.01400000000001,1.86100000000079,6
"test-formal-glm-dp-result.R","formal-glm-dp-result","formal DP GLM rejects tamper, forged pins, replay and quota fields",8,0,FALSE,FALSE,0,3.72300000000178,0.0130000000000337,3.74299999999857,8
"test-formal-glm-dp-result.R","formal-glm-dp-result","formal DP GLM rejects re-signed unsafe server contracts",10,0,FALSE,FALSE,0,2.08100000000195,0.00199999999995271,2.08899999999994,10
"test-formal-glm-dp-result.R","formal-glm-dp-result","public prediction is bounded, explicit about clipping and offset-safe",7,0,FALSE,FALSE,0,3.81399999999849,0.0389999999999873,3.85800000000017,7
"test-formal-glm-dp-result.R","formal-glm-dp-result","sampling inference and protected diagnostics fail closed without a joint artifact",34,0,FALSE,FALSE,0,1.8179999999993,0.0330000000000155,1.86899999999878,34
"test-formal-glm-dp-result.R","formal-glm-dp-result","regularized formal target remains explicit at ordinary degeneracies",4,0,FALSE,FALSE,0,3.74700000000303,0.101999999999975,3.85199999999895,4
"test-formal-glm-dp-result.R","formal-glm-dp-result","future joint inference contract is server-derived and scientifically typed",29,0,FALSE,FALSE,0,3.59399999999732,0.0600000000000591,3.6720000000023,29
"test-formal-glm-frontdoor.R","formal-glm-frontdoor","formal GLM reads the same certified public release at every site",10,0,FALSE,FALSE,0,0.113000000001193,0.00599999999997181,0.122999999999593,10
"test-formal-glm-frontdoor.R","formal-glm-frontdoor","formal GLM rejects a mismatched public certificate before a fit",1,0,FALSE,FALSE,0,0.0429999999978463,0.00199999999995271,0.0449999999982538,1
"test-formal-glm-frontdoor.R","formal-glm-frontdoor","formal GLM rejects a decimal that disagrees with signed lattice steps",1,0,FALSE,FALSE,0,0.0159999999996217,0,0.0169999999998254,1
"test-formal-glm-frontdoor.R","formal-glm-frontdoor","formal lattice projection stays within the signed Ring128 domain",3,0,FALSE,FALSE,0,0.011000000002241,0,0.0130000000026484,3
"test-formal-glm-frontdoor.R","formal-glm-frontdoor","formal GLM request carries selectors and no privacy controls",7,0,FALSE,FALSE,0,0.0289999999986321,0.00200000000006639,0.0349999999998545,7
"test-formal-glm-frontdoor.R","formal-glm-frontdoor","formal GLM rejects analyst-owned legacy knobs",8,0,FALSE,FALSE,0,0.0380000000004657,0,0.0429999999978463,8
"test-formal-glm-frontdoor.R","formal-glm-frontdoor","fresh formal GLM selectors are sealed before DSI",4,0,FALSE,FALSE,0,0.0119999999988067,0.00300000000004275,0.0180000000000291,4
"test-formal-glm-frontdoor.R","formal-glm-frontdoor","formal GLM alias preserves the certified-release route",4,0,FALSE,FALSE,0,0.0270000000018626,0.00199999999995271,0.0320000000028813,4
"test-formal-glm-frontdoor.R","formal-glm-frontdoor","formal GLM formula contract is narrow and canonical",5,0,FALSE,FALSE,0,0.0399999999972351,0,0.04399999999805,5
"test-formal-glm-joint-inference.R","formal-glm-joint-inference","formal joint inference matches its central oracle for K=2,3,5",180,0,FALSE,FALSE,0,15.2960000000021,0.285999999999945,15.6820000000007,180
"test-formal-glm-joint-inference.R","formal-glm-joint-inference","formal inference capabilities fail closed without fabricating statistics",29,0,FALSE,FALSE,0,2.24399999999878,0.01400000000001,2.27200000000084,29
"test-formal-glm-joint-inference.R","formal-glm-joint-inference","formal inference rejects tamper, replay, forged pins and gates",9,0,FALSE,FALSE,0,3.45999999999913,0.07000000000005,3.53700000000026,9
"test-formal-glm-joint-inference.R","formal-glm-joint-inference","re-signed unsafe inferential contracts are still rejected",12,0,FALSE,FALSE,0,6.00300000000061,0.0979999999999563,6.11100000000079,12
"test-formal-glm-joint-inference.R","formal-glm-joint-inference","joint inference is sticky and root rotation is visible but non-blocking",6,0,FALSE,FALSE,0,3.64899999999761,0.137000000000057,3.78999999999724,6
"test-formal-glm-joint-inference.R","formal-glm-joint-inference","rank, box and weight gates preserve the estimand without fallback",9,0,FALSE,FALSE,0,8.29500000000189,0.185999999999922,8.48800000000119,9
"test-formal-glm-joint-inference.R","formal-glm-joint-inference","DP-noisy non-PSD meat is projected explicitly before sandwiching",4,0,FALSE,FALSE,0,2.74699999999939,0.0370000000000346,2.78600000000006,4
"test-formal-glm-joint-inference.R","formal-glm-joint-inference","PWL derivative ties and nested-model restrictions are explicit",7,0,FALSE,FALSE,0,4.67000000000189,0.00900000000001455,4.68500000000131,7
"test-formal-glm-joint-inference.R","formal-glm-joint-inference","formal joint inference remains internal and has no client DSI path",3,0,FALSE,FALSE,0,1.92099999999846,0.000999999999976353,1.92599999999948,3
"test-formal-glm-phase0.R","formal-glm-phase0","formal GLM rational primitives are exact and sign-safe",9,0,FALSE,FALSE,0,0.0849999999991269,0.00200000000006639,0.092000000000553,9
"test-formal-glm-phase0.R","formal-glm-phase0","formal GLM compilation is canonical and signature-ready",8,0,FALSE,FALSE,0,1.1359999999986,0.000999999999976353,1.14300000000003,8
"test-formal-glm-phase0.R","formal-glm-phase0","formal GLM authority supports K=2 and K>=3 custodians",2,0,FALSE,FALSE,0,0.817999999999302,0.000999999999976353,0.819999999999709,2
"test-formal-glm-phase0.R","formal-glm-phase0","intercept and treatment contrasts compile without ambiguity",4,0,FALSE,FALSE,0,0.86200000000099,0.00199999999995271,0.86699999999837,4
"test-formal-glm-phase0.R","formal-glm-phase0","formal GLM compilation detects commitment tampering",2,0,FALSE,FALSE,0,0.597000000001572,0.0150000000001,0.614000000001397,2
"test-formal-glm-phase0.R","formal-glm-phase0","formal GLM schema requires two valid pinned signatures",4,0,FALSE,FALSE,0,0.724999999998545,0.0469999999999118,0.773999999997613,4
"test-formal-glm-phase0.R","formal-glm-phase0","unsupported formulas and public domains fail before execution",10,0,FALSE,FALSE,0,0.590000000000146,0.00200000000006639,0.599000000001979,10
"test-formal-glm-phase0.R","formal-glm-phase0","link tables are exact-rational, continuous and monotone",16,0,FALSE,FALSE,0,2.97999999999956,0.0459999999999354,3.03600000000006,16
"test-formal-glm-phase0.R","formal-glm-phase0","regularized rational oracle handles separation and fixed transcript",7,0,FALSE,FALSE,0,1.06999999999971,0.0410000000000537,1.11399999999776,7
"test-formal-glm-phase0.R","formal-glm-phase0","full ridge keeps collinear and all-zero Poisson targets unique",4,0,FALSE,FALSE,0,2,0.0380000000000109,2.04200000000128,4
"test-formal-glm-phase0.R","formal-glm-phase0","ordinary central comparator is explicitly separate when estimable",5,0,FALSE,FALSE,0,1.43100000000049,0.0309999999999491,1.46500000000015,5
"test-formal-glm-phase0.R","formal-glm-phase0","offset, exposure, weights and clipping have fixed semantics",3,0,FALSE,FALSE,0,1.86899999999878,0.0350000000000819,1.90699999999924,3
"test-formal-glm-phase0.R","formal-glm-phase0","sensitivity uses quantized rather than raw decimal bounds",6,0,FALSE,FALSE,0,0.463999999999942,0.000999999999976353,0.470000000001164,6
"test-formal-glm-phase0.R","formal-glm-phase0","certified sensitivity bounds enumerated adjacent reference fits",2,0,FALSE,FALSE,0,1.25300000000061,0.00499999999999545,1.2599999999984,2
"test-formal-glm-phase0.R","formal-glm-phase0","joint L2 sensitivity covers simultaneous outcome and feature change",2,0,FALSE,FALSE,0,1.79999999999927,0.0510000000000446,1.85199999999895,2
"test-formal-glm-phase0.R","formal-glm-phase0","Phase-0 artifact contract does not pretend moments are sufficient",5,0,FALSE,FALSE,0,0.586999999999534,0.000999999999976353,0.591000000000349,5
"test-formal-glm-phase0.R","formal-glm-phase0","unrepresentable public link domains fail typed and never fallback",1,0,FALSE,FALSE,0,0.0420000000012806,0,0.0420000000012806,1
"test-formal-glm-registered-fresh-ingress.R","formal-glm-registered-fresh-ingress","registered fresh GLM ingress seals K source blocks and provisions two hosts",7,0,FALSE,FALSE,0,0.141999999999825,0.00700000000006185,0.151999999998225,7
"test-formal-glm-registered-fresh-ingress.R","formal-glm-registered-fresh-ingress","registered fresh GLM ingress fails before tickets on incompatible source shape",2,0,FALSE,FALSE,0,0.105999999999767,0,0.106999999999971,2
"test-formal-glm-registered-fresh-ingress.R","formal-glm-registered-fresh-ingress","registered fresh GLM run composes ingress with only the designated hosts",11,0,FALSE,FALSE,0,0.0169999999998254,0.000999999999976353,0.0240000000012515,11
"test-formal-glm-registered-fresh-ingress.R","formal-glm-registered-fresh-ingress","registered fresh GLM post-Selected relay gathers every K-of-K signature",4,0,FALSE,FALSE,0,0.0309999999990396,0,0.032999999999447,4
"test-formal-glm-registered-fresh-ingress.R","formal-glm-registered-fresh-ingress","registered fresh GLM post-Selected relay rejects mixed proposals before witnesses",2,0,FALSE,FALSE,0,0.055000000000291,0.00299999999992906,0.0590000000011059,2
"test-formal-glm-registered-fresh-source.R","formal-glm-registered-fresh-source","registered fresh GLM source sends selectors but no source contract",8,0,FALSE,FALSE,0,0.0139999999992142,0.00199999999995271,0.0190000000002328,8
"test-formal-glm-registered-fresh-source.R","formal-glm-registered-fresh-source","registered fresh GLM source rejects widened selectors and replies",2,0,FALSE,FALSE,0,0.0649999999986903,0,0.0659999999988941,2
"test-formal-glm-registered-fresh-source.R","formal-glm-registered-fresh-source","registered fresh GLM source accepts the fixed public shape action",2,0,FALSE,FALSE,0,0.00700000000142609,0.000999999999976353,0.00900000000183354,2
"test-formal-glm-registered-job-control.R","formal-glm-registered-job-control","registered formal GLM control uses the closed server relay",6,0,FALSE,FALSE,0,0.00899999999819556,0.00200000000006639,0.0139999999992142,6
"test-formal-glm-registered-job-control.R","formal-glm-registered-job-control","registered formal GLM control admits opaque task actions",4,0,FALSE,FALSE,0,0.032999999999447,0.000999999999976353,0.0360000000000582,4
"test-formal-glm-registered-job-control.R","formal-glm-registered-job-control","registered formal GLM control relays only opaque Phase21 frames",4,0,FALSE,FALSE,0,0.0120000000024447,0.000999999999976353,0.0150000000030559,4
"test-formal-glm-registered-job-control.R","formal-glm-registered-job-control","registered formal GLM control relays bounded post-Selected frames",5,0,FALSE,FALSE,0,0.0199999999967986,0,0.0240000000012515,5
"test-formal-glm-registered-job-control.R","formal-glm-registered-job-control","registered formal GLM Phase21 driver preserves the signed lifecycle order",3,0,FALSE,FALSE,0,0.0420000000012806,0,0.0430000000014843,3
"test-formal-glm-registered-job-control.R","formal-glm-registered-job-control","registered formal GLM control fails closed before and after DSI",4,0,FALSE,FALSE,0,0.0149999999994179,0.000999999999976353,0.0180000000000291,4
"test-formal-glm-registered-job-control.R","formal-glm-registered-job-control","registered formal GLM job driver completes the closed two-host lifecycle",4,0,FALSE,FALSE,0,0.117000000002008,0.00200000000006639,0.120999999999185,4
"test-formal-glm-registered-job-control.R","formal-glm-registered-job-control","registered formal GLM job driver rejects mismatched peer identities before bind",2,0,FALSE,FALSE,0,0.0799999999981083,0,0.080999999998312,2
"test-formal-glm-registered-source.R","formal-glm-registered-source","registered formal GLM source client calls the closed relay",6,0,FALSE,FALSE,0,0.0119999999988067,0,0.0169999999998254,6
"test-formal-glm-registered-source.R","formal-glm-registered-source","registered formal GLM source client fails closed",4,0,FALSE,FALSE,0,0.0260000000016589,0.000999999999976353,0.0289999999986321,4
"test-formal-glm-registered-source.R","formal-glm-registered-source","registered fresh GLM witness client relays only its signed public frames",5,0,FALSE,FALSE,0,0.0139999999992142,0.000999999999976353,0.0169999999998254,5
"test-formal-multinom-frontdoor.R","formal-multinom-frontdoor","intercept-only multinomial post-processes a validated Frequency",11,0,FALSE,FALSE,0,0.0159999999996217,0.00300000000004275,0.0239999999976135,11
"test-formal-multinom-frontdoor.R","formal-multinom-frontdoor","intercept-only multinomial resolves its signed Frequency by source owner",9,0,FALSE,FALSE,0,0.055000000000291,0.00199999999995271,0.0610000000015134,9
"test-formal-multinom-frontdoor.R","formal-multinom-frontdoor","formal multinomial rejects unsupported designs before Frequency",5,0,FALSE,FALSE,0,0.0190000000002328,0.000999999999976353,0.0229999999974098,5
"test-formal-multinom-frontdoor.R","formal-multinom-frontdoor","formal multinomial fails closed on an invalid Frequency and alias",4,0,FALSE,FALSE,0,0.0149999999994179,0,0.0180000000000291,4
"test-formal-multinom-frontdoor.R","formal-multinom-frontdoor","historical joint multinomial names retain only the Frequency y ~ 1 route",17,0,FALSE,FALSE,0,0.0349999999998545,0,0.0470000000022992,17
"test-formal-nb2-frontdoor.R","formal-nb2-frontdoor","intercept-only NB2 post-processes a validated count Frequency",11,0,FALSE,FALSE,0,0.0149999999994179,0.00199999999995271,0.0240000000012515,11
"test-formal-nb2-frontdoor.R","formal-nb2-frontdoor","intercept-only NB2 resolves its signed count Frequency by source owner",9,0,FALSE,FALSE,0,0.0190000000002328,0.000999999999976353,0.0249999999978172,9
"test-formal-nb2-frontdoor.R","formal-nb2-frontdoor","frequency-backed NB2 fails closed before validation for unsupported inputs",4,0,FALSE,FALSE,0,0.0149999999994179,0,0.0170000000034634,4
"test-formal-nb2-frontdoor.R","formal-nb2-frontdoor","frequency-backed NB2 rejects non-count support and aliases safely",6,0,FALSE,FALSE,0,0.0159999999996217,0.000999999999976353,0.0270000000018626,6
"test-formal-ordinal-frontdoor.R","formal-ordinal-frontdoor","intercept-only ordinal thresholds post-process a validated Frequency",12,0,FALSE,FALSE,0,0.0190000000002328,0.000999999999976353,0.0250000000014552,12
"test-formal-ordinal-frontdoor.R","formal-ordinal-frontdoor","intercept-only ordinal resolves its signed Frequency by source owner",9,0,FALSE,FALSE,0,0.0210000000006403,0,0.0250000000014552,9
"test-formal-ordinal-frontdoor.R","formal-ordinal-frontdoor","formal ordinal requires an explicit signed ordered domain",6,0,FALSE,FALSE,0,0.0239999999976135,0,0.0279999999984284,6
"test-formal-ordinal-frontdoor.R","formal-ordinal-frontdoor","formal ordinal fails closed on an invalid Frequency and alias",4,0,FALSE,FALSE,0,0.0149999999994179,0,0.0169999999998254,4
"test-formal-ordinal-frontdoor.R","formal-ordinal-frontdoor","historical ordinal Newton name retains only the Frequency y ~ 1 route",10,0,FALSE,FALSE,0,0.0250000000014552,0.00100000000009004,0.0319999999992433,10
"test-formula-contract.R","formula-contract","plain additive GLM formulas have an explicit design contract",5,0,FALSE,FALSE,0,0.0200000000004366,0,0.0239999999976135,5
"test-formula-contract.R","formula-contract","unsupported formula designs fail before any server call",9,0,FALSE,FALSE,0,0.0489999999990687,0.000999999999976353,0.055000000000291,9
"test-formula-contract.R","formula-contract","ds.vertGLM rejects a misleading transformed formula eagerly",1,0,FALSE,FALSE,0,0.00600000000122236,0,0.00800000000162981,1
"test-glm-setup-fanout.R","glm-setup-fanout","GLM setup uses one DSI fan-out call per independent phase",15,0,FALSE,FALSE,0,0.044000000001688,0.00299999999992906,0.0560000000004948,15
"test-glm-setup-fanout.R","glm-setup-fanout","shared transport setup takes two fan-out calls regardless of K",4,0,FALSE,FALSE,0,0.00799999999799184,0,0.010999999998603,4
"test-glm-setup-fanout.R","glm-setup-fanout","GLM setup neither exposes connector errors nor retries a failed phase",4,0,FALSE,FALSE,0,0.0400000000008731,0.000999999999976353,0.044000000001688,4
"test-glm-statistical-contract.R","glm-statistical-contract","effective GLM ring reflects the protocol actually executed",4,0,FALSE,FALSE,0,0.00600000000122236,0,0.00800000000162981,4
"test-glm-statistical-contract.R","glm-statistical-contract","Gaussian one-shot is used only for its exact contract",7,0,FALSE,FALSE,0,0.0190000000002328,0.000999999999976353,0.0230000000010477,7
"test-glm-statistical-contract.R","glm-statistical-contract","final mean refresh cannot leave Gaussian or Poisson mu stale",12,0,FALSE,FALSE,0,0.0279999999984284,0,0.0339999999996508,12
"test-glm-statistical-contract.R","glm-statistical-contract","Gaussian fit statistics count dispersion and suppress invalid null models",10,0,FALSE,FALSE,0,0.04399999999805,0.000999999999976353,0.0499999999992724,10
"test-glm-statistical-contract.R","glm-statistical-contract","a real matching PSI manifest becomes cohort metadata",6,0,FALSE,FALSE,0,0.0270000000018626,0,0.0299999999988358,6
"test-glm-statistical-contract.R","glm-statistical-contract","Gaussian client-side inference uses t and F references",13,0,FALSE,FALSE,0,0.047999999998865,0.00200000000006639,0.0570000000006985,13
"test-glm-statistical-contract.R","glm-statistical-contract","Poisson LR remains enabled only for refreshed canonical fits",1,0,FALSE,FALSE,0,0.00100000000020373,0.000999999999976353,0.00300000000061118,1
"test-identifiability-contract.R","identifiability-contract","identifiability solver fails closed with a stable condition",3,0,FALSE,FALSE,0,0.0259999999980209,0,0.0280000000020664,3
"test-identifiability-contract.R","identifiability-contract","identifiability solver preserves a regular estimable system",1,0,FALSE,FALSE,0,0.00200000000040745,0.00199999999995271,0.00300000000061118,1
"test-identifiability-contract.R","identifiability-contract","indefinite information is rejected even when algebraically invertible",3,0,FALSE,FALSE,0,0.00400000000081491,0,0.00600000000122236,3
"test-identifiability-contract.R","identifiability-contract","binomial separation and singular information have a typed cause",2,0,FALSE,FALSE,0,0.00300000000061118,0.00100000000009004,0.00500000000101863,2
"test-identifiability-contract.R","identifiability-contract","empty contingency margins fail instead of using epsilon divisors",2,0,FALSE,FALSE,0,0.00400000000081491,0,0.00499999999738066,2
"test-identifiability-contract.R","identifiability-contract","non-PSD DP LASSO systems do not acquire a repair",2,0,FALSE,FALSE,0,0.00399999999717693,0,0.00500000000101863,2
"test-identifiability-contract.R","identifiability-contract","regularization and imputation alternatives require explicit input",3,0,FALSE,FALSE,0,0.00400000000081491,0,0.00600000000122236,3
"test-identifiability-contract.R","identifiability-contract","statistical routes contain no automatic estimator-changing solve",11,0,FALSE,FALSE,0,0.0299999999988358,0.00499999999999545,0.0409999999974389,11
"test-input-validation.R","input-validation","ds.vertCor rejects non-character data_name",2,0,FALSE,FALSE,0,0.0140000000028522,0.00199999999995271,0.0159999999996217,2
"test-input-validation.R","input-validation","ds.vertCor rejects non-list variables",1,0,FALSE,FALSE,0,0.011000000002241,0,0.010999999998603,1
"test-input-validation.R","input-validation","ds.vertCor rejects unnamed list variables",1,0,FALSE,FALSE,0,0.00999999999839929,0,0.0100000000020373,1
"test-input-validation.R","input-validation","ds.vertCor accepts explicit cross-owner request syntax",3,0,FALSE,FALSE,0,0.00500000000101863,0,0.00699999999778811,3
"test-input-validation.R","input-validation","ds.vertPCA rejects non-character data_name",1,0,FALSE,FALSE,0,0.00400000000081491,0.000999999999976353,0.00700000000142609,1
"test-input-validation.R","input-validation","ds.vertPCA rejects non-list variables",1,0,FALSE,FALSE,0,0.0119999999988067,0.00100000000009004,0.0139999999992142,1
"test-input-validation.R","input-validation","ds.vertGLM rejects non-character data_name",1,0,FALSE,FALSE,0,0.00899999999819556,0,0.00900000000183354,1
"test-input-validation.R","input-validation","ds.vertGLM rejects non-list x_vars",1,0,FALSE,FALSE,0,0.00800000000162981,0.000999999999976353,0.00900000000183354,1
"test-input-validation.R","input-validation","ds.vertGLM requires an explicit supported missing-data policy",3,0,FALSE,FALSE,0,0.00800000000162981,0,0.00999999999839929,3
"test-input-validation.R","input-validation","ds.vertGLM rejects invalid numerical and protocol controls eagerly",7,0,FALSE,FALSE,0,0.0309999999990396,0,0.0360000000000582,7
"test-input-validation.R","input-validation","ds.psiAlign rejects non-character data_name",1,0,FALSE,FALSE,0,0.00499999999738066,0,0.00600000000122236,1
"test-input-validation.R","input-validation","ds.psiAlign rejects non-character id_col",1,0,FALSE,FALSE,0,0.0250000000014552,0,0.0269999999982247,1
"test-input-validation.R","input-validation","ds.psiAlign rejects non-character newobj",1,0,FALSE,FALSE,0,0.00600000000122236,0,0.00600000000122236,1
"test-input-validation.R","input-validation","ds.vertCox legacy rank route is removed",2,0,FALSE,FALSE,0,0.00799999999799184,0,0.00900000000183354,2
"test-input-validation.R","input-validation","Beaver preprocessing selection negotiates server policy",6,0,FALSE,FALSE,0,0.0270000000018626,0.000999999999976353,0.0319999999992433,6
"test-input-validation.R","input-validation","client IKNP orchestration has no dealer or KOS downgrade path",6,0,FALSE,FALSE,0,0.010999999998603,0.00300000000004275,0.0169999999998254,6
"test-installed-script-resolution.R","installed-script-resolution","installed scripts resolve the installed dsVertClient namespace",6,0,TRUE,FALSE,0,0.0250000000014552,0.00199999999995271,0.0610000000015134,5
"test-ipw-intercept-only.R","ipw-intercept-only","IPW keeps its historical positional argument prefix",1,0,FALSE,FALSE,0,0.00300000000061118,0,0.00300000000061118,1
"test-ipw-intercept-only.R","ipw-intercept-only","intercept-only binary IPW is post-processing of one sticky table",17,0,FALSE,FALSE,0,0.0210000000006403,0,0.0289999999986321,17
"test-ipw-intercept-only.R","ipw-intercept-only","intercept-only IPW rejects unsupported models before DSI",7,0,FALSE,FALSE,0,0.0309999999990396,0.000999999999976353,0.0370000000002619,7
"test-ipw-intercept-only.R","ipw-intercept-only","saturated categorical-stratum IPW consumes one matched signed arm table",12,0,FALSE,FALSE,0,0.0139999999992142,0.00200000000006639,0.022000000000844,12
"test-ipw-intercept-only.R","ipw-intercept-only","saturated categorical-stratum IPW rejects malformed bindings before DSI",4,0,FALSE,FALSE,0,0.0240000000012515,0,0.0259999999980209,4
"test-ipw-intercept-only.R","ipw-intercept-only","saturated categorical-stratum IPW rejects mismatched signed arm levels",2,0,FALSE,FALSE,0,0.00899999999819556,0,0.0100000000020373,2
"test-ipw-intercept-only.R","ipw-intercept-only","ATT and ATC are release-bound post-processing of one signed table",24,0,FALSE,FALSE,0,0.0490000000027067,0.00599999999997181,0.0669999999990978,24
"test-ipw-intercept-only.R","ipw-intercept-only","target-arm mechanism bound covers every finite mass-box corner",2,0,FALSE,FALSE,0,0.00599999999758438,0,0.00600000000122236,2
"test-ipw-intercept-only.R","ipw-intercept-only","ATT and ATC reject supplied ATE weights before the table call",2,0,FALSE,FALSE,0,0.0120000000024447,0,0.0139999999992142,2
"test-ipw-intercept-only.R","ipw-intercept-only","the IPW alias forwards both admitted routes",5,0,FALSE,FALSE,0,0.00799999999799184,0,0.00999999999839929,5
"test-joint-dp-capsule-status.R","joint-dp-capsule-status","K=2 through K=5 handshakes expose a lifetime gate, not a request quota",194,0,FALSE,FALSE,0,0.604999999999563,0.05499999999995,0.769000000000233,194
"test-joint-dp-capsule-status.R","joint-dp-capsule-status","relay connection order cannot choose the two designated noise peers",7,0,FALSE,FALSE,0,0.0849999999991269,0.0190000000000055,0.109000000000378,7
"test-joint-dp-capsule-status.R","joint-dp-capsule-status","a regenerated peer identity gives actionable repinning guidance",16,0,FALSE,FALSE,0,0.10399999999936,0.01400000000001,0.127000000000407,16
"test-joint-dp-capsule-status.R","joint-dp-capsule-status","partial repinning remains a typed unrecognized-peer error",6,0,FALSE,FALSE,0,0.0430000000014843,0.000999999999976353,0.0460000000020955,6
"test-joint-dp-capsule-status.R","joint-dp-capsule-status","vacuous lifetime policies fail before becoming client admission",6,0,FALSE,FALSE,0,0.0259999999980209,0,0.0289999999986321,6
"test-joint-dp-capsule-status.R","joint-dp-capsule-status","DP status print rejects retired lifetime-gated objects",1,0,FALSE,FALSE,0,0.00900000000183354,0,0.00899999999819556,1
"test-joint-dp-capsule-status.R","joint-dp-capsule-status","DP status print describes the no-limit Synopsis bootstrap",4,0,FALSE,FALSE,0,0.0159999999996217,0.00300000000004275,0.0210000000006403,4
"test-joint-dp-capsule-status.R","joint-dp-capsule-status","lifetime status uses exact decimal composition boundaries",12,0,FALSE,FALSE,0,0.0869999999995343,0,0.0940000000009604,12
"test-joint-dp-capsule-status.R","joint-dp-capsule-status","the public DP status uses only the signed Synopsis bootstrap",2,0,FALSE,FALSE,0,0.00400000000081491,0,0.00600000000122236,2
"test-joint-dp-capsule-status.R","joint-dp-capsule-status","capsule handshake requires gates and consistent telemetry",40,0,FALSE,FALSE,0,0.31499999999869,0.0149999999999864,0.348999999998341,40
"test-joint-dp-vector-capsule-client.R","joint-dp-vector-capsule-client","K=3 through K=5 vector orchestration releases once then replays",78,0,FALSE,FALSE,0,2.16999999999825,0.0629999999999882,2.27300000000105,78
"test-joint-dp-vector-capsule-client.R","joint-dp-vector-capsule-client","vector phase lookup catches only phase-not-ready",8,0,FALSE,FALSE,0,0.0200000000004366,0.000999999999976353,0.0260000000016589,8
"test-joint-dp-vector-capsule-client.R","joint-dp-vector-capsule-client","invalid allocation blocks source access and the exact cross gate",6,0,FALSE,FALSE,0,0.0989999999983411,0.00199999999995271,0.10399999999936,6
"test-joint-dp-vector-capsule-client.R","joint-dp-vector-capsule-client","unilateral rotation changes only the pre-claim release candidate",6,0,FALSE,FALSE,0,0.228000000002794,0.0110000000000809,0.242999999998574,6
"test-joint-dp-vector-capsule-client.R","joint-dp-vector-capsule-client","release-domain rotation changes the pre-claim candidate",4,0,FALSE,FALSE,0,0.117999999998574,0,0.120999999999185,4
"test-joint-dp-vector-capsule-client.R","joint-dp-vector-capsule-client","a pre-claim stale prepare refreshes roots once and completes",14,0,FALSE,FALSE,0,0.498999999999796,0.01400000000001,0.52100000000064,14
"test-joint-dp-vector-capsule-client.R","joint-dp-vector-capsule-client","a post-claim lifetime refusal never refreshes or re-enters source",6,0,FALSE,FALSE,0,0.261999999998807,0.00399999999990541,0.270000000000437,6
"test-joint-dp-vector-capsule-client.R","joint-dp-vector-capsule-client","duplicate designated noise roots fail with an actionable typed error",10,0,FALSE,FALSE,0,0.412000000000262,0.00300000000004275,0.420999999998457,10
"test-joint-dp-vector-capsule-client.R","joint-dp-vector-capsule-client","fixed-work Gaussian v2 vector profile is dispatched end to end",14,0,FALSE,FALSE,0,0.255000000001019,0.00200000000006639,0.265000000003056,14
"test-joint-dp-vector-capsule-client.R","joint-dp-vector-capsule-client","Gaussian v2 threat-model and transcript fields fail closed",17,0,FALSE,FALSE,0,0.22099999999773,0.00499999999999545,0.234999999996944,17
"test-joint-dp-vector-capsule-client.R","joint-dp-vector-capsule-client","fresh server Go Gaussian plan validates in the client",6,0,FALSE,FALSE,0,0.0300000000024738,0.00399999999990541,0.0580000000009022,6
"test-joint-dp-vector-capsule-client.R","joint-dp-vector-capsule-client","fresh server Go exact-Laplace plans validate after JSON roundtrip",16,0,FALSE,FALSE,0,0.35899999999674,0.0150000000001,0.720000000001164,16
"test-joint-dp-vector-capsule-client.R","joint-dp-vector-capsule-client","vector client rejects signature and bilateral replay tampering",6,0,FALSE,FALSE,0,0.34400000000096,0.0179999999999154,0.365999999998166,6
"test-joint-dp-vector-exact-gc-adapter.R","joint-dp-vector-exact-gc-adapter","grid noise traverses certified execution chunks without changing legacy geometry",6,0,FALSE,FALSE,0,0.0139999999992142,0.00200000000006639,0.0190000000002328,6
"test-joint-dp-vector-exact-gc-adapter.R","joint-dp-vector-exact-gc-adapter","client validates the deterministic manifest-bound operation",2,0,FALSE,FALSE,0,0.0119999999988067,0.000999999999976353,0.0150000000030559,2
"test-joint-dp-vector-exact-gc-adapter.R","joint-dp-vector-exact-gc-adapter","generic exact-GC validation accepts only vector share metadata",2,0,FALSE,FALSE,0,0.0169999999998254,0,0.0189999999965949,2
"test-joint-dp-vector-exact-gc-adapter.R","joint-dp-vector-exact-gc-adapter","one-draw pump uses two peers and returns no protected payload",7,0,FALSE,FALSE,0,0.0570000000006985,0.00599999999997181,0.0670000000027358,7
"test-joint-dp-vector-exact-gc-adapter.R","joint-dp-vector-exact-gc-adapter","timeout retry preserves operation and never selects fallback",5,0,FALSE,FALSE,0,0.0360000000000582,0,0.0389999999970314,5
"test-joint-dp-vector-exact-gc-adapter.R","joint-dp-vector-exact-gc-adapter","unsafe start wrappers are rejected before transport",1,0,FALSE,FALSE,0,0.00600000000122236,0.000999999999976353,0.00800000000162981,1
"test-joint-inference-contract.R","joint-inference-contract","multinomial joint output cannot expose warm-start inference as final",6,0,FALSE,FALSE,0,0.0130000000026484,0.00100000000009004,0.0169999999998254,6
"test-joint-inference-contract.R","joint-inference-contract","ordinal joint output segregates every warm-start inference field",7,0,FALSE,FALSE,0,0.0210000000006403,0.00399999999990541,0.0290000000022701,7
"test-joint-inference-contract.R","joint-inference-contract","joint output contract rejects unknown estimators",1,0,FALSE,FALSE,0,0.00699999999778811,0,0.00699999999778811,1
"test-lasso-contract.R","lasso-contract","public LASSO post-processors reject unvalidated ds.glm inputs",2,0,FALSE,FALSE,0,0.0119999999988067,0.00100000000009004,0.0139999999992142,2
"test-lasso-contract.R","lasso-contract","DP LASSO numerical core matches a normalized analytic oracle",8,0,FALSE,FALSE,0,0.0190000000002328,0.00399999999990541,0.0279999999984284,8
"test-lasso-contract.R","lasso-contract","DP LASSO agrees with an exhaustive active-set oracle",180,0,FALSE,FALSE,0,0.66899999999805,0.0300000000000864,0.807000000000698,180
"test-lasso-contract.R","lasso-contract","DP LASSO accepts certified PSD curvature without inventing ridge",8,0,FALSE,FALSE,0,0.0150000000030559,0.000999999999976353,0.0210000000006403,8
"test-lasso-contract.R","lasso-contract","DP LASSO types an incompatible zero-curvature score as non-identifiable",5,0,FALSE,FALSE,0,0.00799999999799184,0.000999999999976353,0.0119999999988067,5
"test-lasso-contract.R","lasso-contract","DP LASSO uses the separate real DP count without Gram averaging",10,0,FALSE,FALSE,0,0.0169999999998254,0.00199999999995271,0.0260000000016589,10
"test-lasso-contract.R","lasso-contract","historical iterative LASSO admits only the signed Gaussian path",20,0,FALSE,FALSE,0,0.0450000000018917,0.00200000000006639,0.0579999999972642,20
"test-lasso-contract.R","lasso-contract","public proximal LASSO post-processes one certified DP release",11,0,FALSE,FALSE,0,0.0289999999986321,0.00300000000004275,0.0370000000002619,11
"test-lasso-contract.R","lasso-contract","historical LASSO frontdoor returns a certified DP path",12,0,FALSE,FALSE,0,0.0299999999988358,0,0.0349999999998545,12
"test-lasso-contract.R","lasso-contract","lowercase LASSO alias retains only the DP path",3,0,FALSE,FALSE,0,0.00600000000122236,0,0.00700000000142609,3
"test-lasso-contract.R","lasso-contract","LASSO1Step is a certified DP path compatibility alias",10,0,FALSE,FALSE,0,0.0169999999998254,0,0.0229999999974098,10
"test-lasso-contract.R","lasso-contract","DP LASSO fails closed on certificate or design mismatch",2,0,FALSE,FALSE,0,0.010999999998603,0,0.0120000000024447,2
"test-lasso-contract.R","lasso-contract","DP LASSO warm starts are original-scale and never contact DSI",3,0,FALSE,FALSE,0,0.011000000002241,0.000999999999976353,0.0119999999988067,3
"test-lasso-contract.R","lasso-contract","public LASSOCV is honest deterministic DP pseudo-IC selection",13,0,FALSE,FALSE,0,0.0269999999982247,0.00299999999992906,0.0380000000004657,13
"test-lasso-contract.R","lasso-contract","DP pseudo-IC returns structured unavailability",5,0,FALSE,FALSE,0,0.022000000000844,0.00200000000006639,0.0259999999980209,5
"test-lasso-contract.R","lasso-contract","DP LASSO requires transport- or caller-anchored provenance",4,0,FALSE,FALSE,0,0.0149999999994179,0,0.0159999999996217,4
"test-lasso-contract.R","lasso-contract","DP LASSO coefficient scale transforms round-trip signed bounds",6,0,FALSE,FALSE,0,0.0260000000016589,0,0.0280000000020664,6
"test-lasso-contract.R","lasso-contract","DP lambda_max conditions on the unpenalized intercept",7,0,FALSE,FALSE,0,0.036999999996624,0.000999999999976353,0.0419999999976426,7
"test-lasso-contract.R","lasso-contract","DP pseudo-IC is deterministic heuristic selection, never CV",9,0,FALSE,FALSE,0,0.0169999999998254,0.00199999999995271,0.0240000000012515,9
"test-lasso-contract.R","lasso-contract","DP pseudo-IC reports unavailable counts and residual degeneracy",6,0,FALSE,FALSE,0,0.0120000000024447,0.00200000000006639,0.0169999999998254,6
"test-legacy-route-gates.R","legacy-route-gates","discarded routes are absent from the exported API",13,0,FALSE,FALSE,0,0.0299999999988358,0.00299999999992906,0.0420000000012806,13
"test-legacy-route-gates.R","legacy-route-gates","discarded route arguments fail as removed, not gated",6,0,FALSE,FALSE,0,0.0250000000014552,0.00200000000006639,0.0290000000022701,6
"test-legacy-route-gates.R","legacy-route-gates","user-facing wrappers dispatch only to product routes",15,0,FALSE,FALSE,0,0.0319999999992433,0.00599999999997181,0.0470000000022992,15
"test-legacy-route-gates.R","legacy-route-gates","retired GLMM PQL implementation is not retained",4,0,FALSE,FALSE,0,0.00899999999819556,0.00300000000004275,0.0230000000010477,4
"test-legacy-route-gates.R","legacy-route-gates","internal warm starts remain internal helpers for joint methods",5,0,FALSE,FALSE,0,0.0159999999996217,0.00299999999992906,0.0230000000010477,5
"test-legacy-route-gates.R","legacy-route-gates","clustered GEE remains unavailable before DSI",3,0,FALSE,FALSE,0,0.0100000000020373,0,0.0129999999990105,3
"test-lmm-dp-moments.R","lmm-dp-moments","bounded random-intercept moments recover the exact ANOVA estimate",6,0,FALSE,FALSE,0,0.00900000000183354,0.00199999999995271,0.0139999999992142,6
"test-lmm-dp-moments.R","lmm-dp-moments","LMM moment projection produces bounded plausible components",8,0,FALSE,FALSE,0,0.0149999999994179,0.00599999999997181,0.0250000000014552,8
"test-lmm-dp-moments.R","lmm-dp-moments","LMM moment core fails closed without cluster degrees of freedom",3,0,FALSE,FALSE,0,0.00900000000183354,0.000999999999976353,0.0119999999988067,3
"test-lmm-dsi-migration.R","lmm-dsi-migration","LMM compatibility frontdoors retain no legacy remote implementation",4,0,FALSE,FALSE,0,0.00900000000183354,0.0040000000000191,0.0229999999974098,4
"test-lmm-dsi-migration.R","lmm-dsi-migration","LMM help keeps both historical names on the signed finite-grid route",9,0,FALSE,FALSE,0,0.010999999998603,0.000999999999976353,0.022000000000844,9
"test-lmm-dsi-migration.R","lmm-dsi-migration","the K>=3 compatibility printer describes only its signed finite grid",4,0,FALSE,FALSE,0,0.00700000000142609,0.00100000000009004,0.00899999999819556,4
"test-lmm-random-intercept-gls.R","lmm-random-intercept-gls","random-intercept GLS uses only cluster sufficient statistics",4,0,FALSE,FALSE,0,0.0269999999982247,0.00199999999995271,0.0309999999990396,4
"test-lmm-random-intercept-gls.R","lmm-random-intercept-gls","random-intercept GLS supports signed finite-grid REML",5,0,FALSE,FALSE,0,0.0349999999998545,0,0.0370000000002619,5
"test-lmm-random-intercept-gls.R","lmm-random-intercept-gls","random-intercept GLS fails closed on malformed or singular summaries",4,0,FALSE,FALSE,0,0.0129999999990105,0,0.0149999999994179,4
"test-mantel-haenszel.R","mantel-haenszel","exact Mantel-Haenszel output matches stats for authorised arrays",11,0,FALSE,FALSE,0,0.0820000000021537,0,0.0879999999997381,11
"test-mantel-haenszel.R","mantel-haenszel","matrix cell mapping is explicit, order-invariant, and guarded",8,0,FALSE,FALSE,0,0.0209999999970023,0.000999999999976353,0.0279999999984284,8
"test-mantel-haenszel.R","mantel-haenszel","exact Mantel-Haenszel validation and boundary types are explicit",13,0,FALSE,FALSE,0,0.0400000000008731,0,0.047999999998865,13
"test-mantel-haenszel.R","mantel-haenszel","DP Mantel-Haenszel is zero-cost post-processing of one table",16,0,FALSE,FALSE,0,0.0360000000000582,0,0.0460000000020955,16
"test-mantel-haenszel.R","mantel-haenszel","DP Mantel-Haenszel point boundaries are typed without tests",15,0,FALSE,FALSE,0,0.0309999999990396,0.00499999999999545,0.0449999999982538,15
"test-mantel-haenszel.R","mantel-haenszel","DP MH interval arithmetic exhaustively encloses small boxes",2,0,FALSE,FALSE,0,1.87900000000081,0.172000000000025,2.05199999999968,2
"test-method-status.R","method-status","method maturity registry covers every public analysis entry point",11,0,FALSE,FALSE,0,0.0449999999982538,0.00200000000006639,0.0650000000023283,11
"test-method-status.R","method-status","no public route may report a result numeric certificate",1,0,FALSE,FALSE,0,0.055000000000291,0.000999999999976353,0.0569999999970605,1
"test-method-status.R","method-status","readmitted MI and existing Synopsis routes are presented honestly",154,0,FALSE,FALSE,0,3.10299999999916,0.105000000000018,3.31200000000172,154
"test-mi-synopsis-adapter.R","mi-synopsis-adapter","categorical MI completion is deterministic and preserves the signed total",8,0,FALSE,FALSE,0,0.0180000000000291,0.00299999999992906,0.0240000000012515,8
"test-mi-synopsis-adapter.R","mi-synopsis-adapter","categorical MI completion accepts lattice counts and rejects invalid inputs",4,0,FALSE,FALSE,0,0.0240000000012515,0,0.0249999999978172,4
"test-mi-synopsis-adapter.R","mi-synopsis-adapter","MI frontdoor consumes one strict signed Synopsis release",11,0,FALSE,FALSE,0,0.0269999999982247,0,0.0360000000000582,11
"test-mi-synopsis-adapter.R","mi-synopsis-adapter","MI completes one strict categorical pair jointly",17,0,FALSE,FALSE,0,0.0709999999999127,0.00100000000009004,0.0780000000013388,17
"test-mi-synopsis-adapter.R","mi-synopsis-adapter","MI completes three categorical marginals without claiming a joint model",4,0,FALSE,FALSE,0,0.0139999999992142,0,0.0149999999994179,4
"test-mi-synopsis-adapter.R","mi-synopsis-adapter","MI builds a sticky multivariable categorical star model from signed pairs",14,0,FALSE,FALSE,0,0.0560000000004948,0.00199999999995271,0.0659999999988941,14
"test-mi-synopsis-adapter.R","mi-synopsis-adapter","MI conditions multivariable categorical responses on one signed categorical column",11,0,FALSE,FALSE,0,0.0349999999998545,0.00199999999995271,0.044000000001688,11
"test-mi-synopsis-adapter.R","mi-synopsis-adapter","the MI aliases forward one multivariable categorical request",8,0,FALSE,FALSE,0,0.00999999999839929,0.00100000000009004,0.0159999999996217,8
"test-mi-synopsis-adapter.R","mi-synopsis-adapter","MI frontdoor rejects an unbound or non-strict marginal",1,0,FALSE,FALSE,0,0.00600000000122236,0,0.00699999999778811,1
"test-mnl-joint-k2-strict.R","mnl-joint-k2-strict","multinomial signature includes solver and signed-design controls",6,0,FALSE,FALSE,0,0.0169999999998254,0.000999999999976353,0.0200000000004366,6
"test-mnl-joint-k2-strict.R","mnl-joint-k2-strict","ds.vertMultinomJointNewton requires K=2 datasources",1,0,FALSE,FALSE,0,0.00699999999778811,0,0.00699999999778811,1
"test-mnl-joint-k2-strict.R","mnl-joint-k2-strict","multinom_joint H_emp pipeline file references the W_kl block scheme",6,0,FALSE,FALSE,0,0.0130000000026484,0.000999999999976353,0.0339999999996508,6
"test-mnl-joint-k2-strict.R","mnl-joint-k2-strict","H_emp block dimensions match (K-1)·p × (K-1)·p",16,0,FALSE,FALSE,0,0.0339999999996508,0,0.0420000000012806,16
"test-mnl-joint-k2-strict.R","mnl-joint-k2-strict","H_emp diagonal blocks have positive sign (Tutz 1990 §3.2)",2,0,FALSE,FALSE,0,0.00699999999778811,0,0.00800000000162981,2
"test-mnl-joint-k2-strict.R","mnl-joint-k2-strict","H_emp cross blocks have negative sign (Krishnapuram 2005 §3.2)",2,0,FALSE,FALSE,0,0.00300000000061118,0.00300000000004275,0.00999999999839929,2
"test-mnl-joint-k2-strict.R","mnl-joint-k2-strict","H_emp + ridge ε·I is positive-definite",4,0,FALSE,FALSE,0,0.0100000000020373,0.000999999999976353,0.0139999999992142,4
"test-mnl-joint-k2-strict.R","mnl-joint-k2-strict","Newton step on H_emp_reg lies in the right direction",2,0,FALSE,FALSE,0,0.00500000000101863,0.000999999999976353,0.00800000000162981,2
"test-mnl-joint-k2-strict.R","mnl-joint-k2-strict","W_kk = p_k(1-p_k) is positive when p in (0, 1)",5,0,FALSE,FALSE,0,0.00700000000142609,0,0.00999999999839929,5
"test-mnl-joint-k2-strict.R","mnl-joint-k2-strict","W_kl = p_k * p_l is positive when both p in (0, 1)",2,0,FALSE,FALSE,0,0.00499999999738066,0,0.00500000000101863,2
"test-mnl-joint-k2-strict.R","mnl-joint-k2-strict","σ_kl convention matches Tutz 1990 §3.2 multinomial Hessian",4,0,FALSE,FALSE,0,0.00900000000183354,0,0.010999999998603,4
"test-mnl-joint-k2-strict.R","mnl-joint-k2-strict","symmetrise (H + t(H))/2 preserves PD when input near-symmetric",2,0,FALSE,FALSE,0,0.00600000000122236,0,0.00600000000122236,2
"test-mnl-joint-k2-strict.R","mnl-joint-k2-strict","Bohning majorant is an explicit unpenalized optimizer route",5,0,FALSE,FALSE,0,4.29899999999907,0.462999999999965,4.77499999999782,5
"test-mnl-joint-k2-strict.R","mnl-joint-k2-strict","L2 fixture STRICT target documented at rel<1e-4 (cum-P)",3,0,FALSE,FALSE,0,0.00599999999758438,0.00200000000006639,0.0200000000004366,3
"test-nb-helper-forwarding.R","nb-helper-forwarding","NB affine and scale helpers receive exactly their declared contract",19,0,FALSE,FALSE,0,0.0490000000027067,0.00199999999995271,0.058999999997468,19
"test-numeric-contract.R","numeric-contract","workload dimensions cannot overflow the intercept count",1,0,FALSE,FALSE,0,0.00500000000101863,0.000999999999976353,0.00699999999778811,1
"test-numeric-contract.R","numeric-contract","large valid workload counters do not overflow R integers",5,0,FALSE,FALSE,0,0.0299999999988358,0.00199999999995271,0.0339999999996508,5
"test-numeric-contract.R","numeric-contract","preflight selects the smallest jointly certified fast ring",21,0,FALSE,FALSE,0,0.244000000002416,0.00600000000008549,0.263000000002648,21
"test-numeric-contract.R","numeric-contract","preflight promotes precision but never changes the estimator",3,0,FALSE,FALSE,0,0.113999999997759,0,0.114999999997963,3
"test-numeric-contract.R","numeric-contract","non-Gaussian GLM uses public domain bounds, not a phantom comparison",4,0,FALSE,FALSE,0,0.0420000000012806,0,0.044000000001688,4
"test-numeric-contract.R","numeric-contract","exact GC is selected only from simulated E2E-attested policies",3,0,FALSE,FALSE,0,0.0309999999990396,0,0.032999999999447,3
"test-numeric-contract.R","numeric-contract","exact GC increases fractional precision before widening the ring",4,0,FALSE,FALSE,0,0.0319999999992433,0,0.0339999999996508,4
"test-numeric-contract.R","numeric-contract","a separately attested multiprecision backend can widen above Ring127",3,0,FALSE,FALSE,0,0.032999999999447,0,0.032999999999447,3
"test-numeric-contract.R","numeric-contract","dynamic exact GC itself plans signed rings through Ring4096",5,0,FALSE,FALSE,0,0.0960000000013679,0.00199999999995271,0.101999999998952,5
"test-numeric-contract.R","numeric-contract","exact GC precision is minimal after fast floors and monotone",10,0,FALSE,FALSE,0,0.380000000001019,0.0040000000000191,0.390999999999622,10
"test-numeric-contract.R","numeric-contract","the exact planner preserves the Ring127 f50 fast route",3,0,FALSE,FALSE,0,0.0730000000003201,0,0.0750000000007276,3
"test-numeric-contract.R","numeric-contract","log-domain planning reaches the exact Ring4096 boundary",6,0,FALSE,FALSE,0,0.080999999998312,0.00299999999992906,0.0869999999995343,6
"test-numeric-contract.R","numeric-contract","a public bound beyond Ring4096 fails with exact requirements",8,0,FALSE,FALSE,0,0.0940000000009604,0.00100000000009004,0.0990000000019791,8
"test-numeric-contract.R","numeric-contract","unavailable multiprecision metadata is never selected or named",4,0,FALSE,FALSE,0,0.0349999999998545,0.000999999999976353,0.0400000000008731,4
"test-numeric-contract.R","numeric-contract","missing exact primitives produce a structured unavailable error",4,0,FALSE,FALSE,0,0.0489999999990687,0,0.0509999999994761,4
"test-numeric-contract.R","numeric-contract","approximation-domain failure is distinct and fail-closed",3,0,FALSE,FALSE,0,0.0279999999984284,0,0.0290000000022701,3
"test-numeric-contract.R","numeric-contract","missing numeric policy always fails and obsolete selectors do nothing",3,0,FALSE,FALSE,0,0.0130000000026484,0,0.0149999999994179,3
"test-numeric-contract.R","numeric-contract","GLM rejects a missing numeric policy before any data endpoint",2,0,FALSE,FALSE,0,0.010999999998603,0.000999999999976353,0.0129999999990105,2
"test-numeric-contract.R","numeric-contract","malformed policy fails without a compatibility conversion",1,0,FALSE,FALSE,0,0.010999999998603,0,0.0119999999988067,1
"test-numeric-contract.R","numeric-contract","a custodian-disabled numeric policy remains a structured refusal",2,0,FALSE,FALSE,0,0.0130000000026484,0,0.0130000000026484,2
"test-numeric-contract.R","numeric-contract","non-identifiability has its own condition and no estimator fallback",10,0,FALSE,FALSE,0,0.0199999999967986,0.00199999999995271,0.0279999999984284,10
"test-numeric-contract.R","numeric-contract","Ring127 planning accounts for the raw frac50 product",5,0,FALSE,FALSE,0,0.0349999999998545,0,0.0390000000006694,5
"test-numeric-contract.R","numeric-contract","exact GC accepts direct-wide products when the truncated output fits",8,0,FALSE,FALSE,0,0.0540000000000873,0,0.0580000000009022,8
"test-numeric-contract.R","numeric-contract","ring planning includes raw product accumulators before truncation",3,0,FALSE,FALSE,0,0.0190000000002328,0.00200000000006639,0.0229999999974098,3
"test-numeric-contract.R","numeric-contract","policy hash authenticates the complete canonical policy body",3,0,FALSE,FALSE,0,0.0180000000000291,0.000999999999976353,0.0210000000006403,3
"test-numeric-contract.R","numeric-contract","uncertified bounded backends have no compatibility fallback",2,0,FALSE,FALSE,0,0.0610000000015134,0.000999999999976353,0.0629999999982829,2
"test-numeric-contract.R","numeric-contract","execution attestations bind policy session dataset and variables",5,0,FALSE,FALSE,0,0.0869999999995343,0.00200000000006639,0.0980000000017753,5
"test-numeric-contract.R","numeric-contract","final certification requires convergence and end-to-end error bounds",11,0,FALSE,FALSE,0,0.0859999999993306,0.0109999999999673,0.102999999999156,11
"test-numeric-contract.R","numeric-contract","non-identifiability carries a failed numeric certificate",7,0,FALSE,FALSE,0,0.0240000000012515,0.000999999999976353,0.0280000000020664,7
"test-numeric-contract.R","numeric-contract","public beta guard fails before eta leaves its declared domain",2,0,FALSE,FALSE,0,0.0449999999982538,0.000999999999976353,0.0470000000022992,2
"test-numeric-contract.R","numeric-contract","every numeric certificate must carry finite eta bounds",1,0,FALSE,FALSE,0,0.00500000000101863,0.00200000000006639,0.00799999999799184,1
"test-numeric-contract.R","numeric-contract","integer workload values cannot overflow R integer serialization",2,0,FALSE,FALSE,0,0.0279999999984284,0,0.0290000000022701,2
"test-numeric-contract.R","numeric-contract","numeric-policy handshake uses the strict direct DSI dispatcher",2,0,FALSE,FALSE,0,0.00800000000162981,0,0.0129999999990105,2
"test-opal-method-reconciliation.R","opal-method-reconciliation","Opal reconciliation makes the dedicated profile exactly dsVert",8,0,FALSE,FALSE,0,0.114999999997963,0.000999999999976353,0.121000000002823,8
"test-opal-method-reconciliation.R","opal-method-reconciliation","Opal reconciliation rejects unsafe contracts before server I/O",6,0,FALSE,FALSE,0,0.0570000000006985,0.00599999999997181,0.0659999999988941,6
"test-opal-method-reconciliation.R","opal-method-reconciliation","invalid Opal inventory fails before any mutation",2,0,FALSE,FALSE,0,0.00899999999819556,0.00100000000009004,0.010999999998603,2
"test-opal-method-reconciliation.R","opal-method-reconciliation","fresh Opal zero-column inventories are normalized",3,0,FALSE,FALSE,0,0.00600000000122236,0.00199999999995271,0.0100000000020373,3
"test-opal-method-reconciliation.R","opal-method-reconciliation","foreign method injected before final inventory check fails closed",1,0,FALSE,FALSE,0,0.00800000000162981,0.000999999999976353,0.00999999999839929,1
"test-opal-method-reconciliation.R","opal-method-reconciliation","surface attestation is connector-neutral and Opal persistence is verified",8,0,FALSE,FALSE,0,0.0380000000004657,0.00100000000009004,0.044000000001688,8
"test-opal-method-reconciliation.R","opal-method-reconciliation","installed scripts contain no legacy remote-disclosure shortcuts",12,0,FALSE,FALSE,0,0.0360000000000582,0.00499999999999545,0.0769999999974971,12
"test-opal-method-reconciliation.R","opal-method-reconciliation","provisioner binds attestation to an exclusive staged surface",31,0,FALSE,FALSE,0,0.0460000000020955,0.00599999999997181,0.0689999999995052,31
"test-opal-method-reconciliation.R","opal-method-reconciliation","repository-level legacy entry points are fail-closed stubs",1,0,TRUE,FALSE,0,0.00200000000040745,0.000999999999976353,0.00300000000061118,0
"test-ordinal-joint-privacy.R","ordinal-joint-privacy","ds.vertOrdinalJointNewton strict path is the only route",1,0,FALSE,FALSE,0,0.00599999999758438,0,0.00600000000122236,1
"test-original-export-compatibility.R","original-export-compatibility","every original dsVertClient analysis export remains available",4,0,FALSE,FALSE,0,0.0289999999986321,0.00300000000004275,0.0339999999996508,4
"test-package-artifact-security.R","package-artifact-security","installed artifacts never contain serialized R sessions",2,0,FALSE,FALSE,0,0.123999999999796,0.163999999999987,1.18899999999849,2
"test-pca-contract.R","pca-contract","PCA clamps only quantization-scale negative eigenvalues",3,0,FALSE,FALSE,0,0.0119999999988067,0.000999999999976353,0.0139999999992142,3
"test-pca-contract.R","pca-contract","PCA rejects materially indefinite or malformed correlations",3,0,FALSE,FALSE,0,0.032999999999447,0.00100000000009004,0.0349999999998545,3
"test-pca-contract.R","pca-contract","PCA component count is explicit and bounded",5,0,FALSE,FALSE,0,0.0170000000034634,0.000999999999976353,0.0210000000006403,5
"test-peer-identity-errors.R","peer-identity-errors","the public peer error parser accepts only the fixed safe contract",16,0,FALSE,FALSE,0,0.0260000000016589,0.00199999999995271,0.0360000000000582,16
"test-peer-identity-errors.R","peer-identity-errors","strict aggregate propagates peer rejection without retry or leakage",5,0,FALSE,FALSE,0,0.010999999998603,0,0.0130000000026484,5
"test-peer-identity-errors.R","peer-identity-errors","availability fan-out never hides an unrecognized peer",2,0,FALSE,FALSE,0,0.00500000000101863,0.000999999999976353,0.00600000000122236,2
"test-peer-identity-errors.R","peer-identity-errors","a generic top-level DSI failure cannot overwrite a peer rejection",4,0,FALSE,FALSE,0,0.00900000000183354,0,0.010999999998603,4
"test-print-methods.R","print-methods","print.ds.cor displays correctly",3,0,FALSE,FALSE,0,0.00900000000183354,0,0.010999999998603,3
"test-print-methods.R","print-methods","print.ds.cor respects digits parameter",1,0,FALSE,FALSE,0,0.010999999998603,0.000999999999976353,0.0120000000024447,1
"test-print-methods.R","print-methods","print.ds.pca displays correctly",3,0,FALSE,FALSE,0,0.011000000002241,0,0.0119999999988067,3
"test-print-methods.R","print-methods","print.ds.glm displays correctly",2,0,FALSE,FALSE,0,0.00599999999758438,0.000999999999976353,0.00699999999778811,2
"test-print-methods.R","print-methods","summary.ds.glm returns object invisibly",1,0,FALSE,FALSE,0,0.00300000000061118,0,0.00400000000081491,1
"test-print-methods.R","print-methods","coef.ds.glm extracts coefficients",2,0,FALSE,FALSE,0,0.00400000000081491,0,0.00500000000101863,2
"test-provision-opal-profile-permissions.R","provision-opal-profile-permissions","Opal provisioner accepts only canonical permission inventories",4,0,FALSE,FALSE,0,0.0149999999994179,0.000999999999976353,0.0210000000006403,4
"test-provision-opal-profile-permissions.R","provision-opal-profile-permissions","Opal provisioner uses the real Rock package inventory",12,0,FALSE,FALSE,0,0.0299999999988358,0.00500000000010914,0.0420000000012806,12
"test-provision-opal-profile-permissions.R","provision-opal-profile-permissions","Opal provisioner fails closed on package inventory anomalies",5,0,FALSE,FALSE,0,4.15400000000227,0.138999999999896,4.31399999999849,5
"test-provision-opal-profile-permissions.R","provision-opal-profile-permissions","Opal provisioner installs only missing server Imports",3,0,FALSE,FALSE,0,0.0160000000032596,0.00200000000006639,0.0230000000010477,3
"test-provision-opal-profile-permissions.R","provision-opal-profile-permissions","Opal provisioner resolves and validates the profile Rock cluster",9,0,FALSE,FALSE,0,3.9900000000016,0.0769999999999982,4.09799999999814,9
"test-provision-opal-profile-permissions.R","provision-opal-profile-permissions","Opal provisioner fails closed when an Import is not verified",5,0,FALSE,FALSE,0,4.03499999999985,0.0779999999999745,4.13200000000143,5
"test-psi-alignment-contract.R","psi-alignment-contract","alignment status accepts only identical padded attestations",6,0,FALSE,FALSE,0,0.0590000000011059,0.00300000000004275,0.0650000000023283,6
"test-psi-alignment-contract.R","psi-alignment-contract","alignment status fails closed for mismatch, legacy or absence",5,0,FALSE,FALSE,0,0.0279999999984284,0.00199999999995271,0.032999999999447,5
"test-psi-alignment-contract.R","psi-alignment-contract","PSI resolves scalar and complete per-site routing aliases",5,0,FALSE,FALSE,0,0.0309999999990396,0.00200000000006639,0.0360000000000582,5
"test-psi-alignment-contract.R","psi-alignment-contract","public PSI front door delegates only to padded orchestration",7,0,FALSE,FALSE,0,0.00900000000183354,0.000999999999976353,0.0139999999992142,7
"test-psi-alignment-contract.R","psi-alignment-contract","PSI client validates compatibility arguments and requires K >= 2",7,0,FALSE,FALSE,0,0.0249999999978172,0.000999999999976353,0.0289999999986321,7
"test-psi-padded-orchestrator.R","psi-padded-orchestrator","padded PSI client follows one fixed K/B-dependent DSI schedule",18,0,FALSE,FALSE,0,0.389999999999418,0.00599999999997181,0.40599999999904,18
"test-psi-padded-orchestrator.R","psi-padded-orchestrator","padded PSI client rejects one substituted contract before matching",1,0,FALSE,FALSE,0,0.0139999999992142,0,0.0149999999994179,1
"test-psi-padded-relay.R","psi-padded-relay","padded PSI client journal resumes frozen frames after a lost delivery ACK",10,0,FALSE,FALSE,0,0.0900000000001455,0.00100000000009004,0.0969999999979336,10
"test-quarantined-zero-dsi.R","quarantined-zero-dsi","every retired analytic frontdoor fails locally before DSI",144,0,FALSE,FALSE,0,0.163000000000466,0.00999999999999091,0.240999999998166,144
"test-quarantined-zero-dsi.R","quarantined-zero-dsi","the quarantined Cox frontdoor has no unreachable exact-profile fallback",2,0,FALSE,FALSE,0,0.00400000000081491,0.000999999999976353,0.00600000000122236,2
"test-quarantined-zero-dsi.R","quarantined-zero-dsi","the promoted GEE frontdoor contains no retired exact worker",7,0,FALSE,FALSE,0,0.0129999999990105,0.00499999999999545,0.0210000000006403,7
"test-quarantined-zero-dsi.R","quarantined-zero-dsi","unregistered internal routes are blocked before DSI",8,0,FALSE,FALSE,0,0.00899999999819556,0.00199999999995271,0.0140000000028522,8
"test-quarantined-zero-dsi.R","quarantined-zero-dsi","the explicit Gaussian DP adapter remains reachable",3,0,FALSE,FALSE,0,0.00500000000101863,0,0.00699999999778811,3
"test-quarantined-zero-dsi.R","quarantined-zero-dsi","retired GLM guidance names the signed binomial and Poisson routes",4,0,FALSE,FALSE,0,0.00600000000122236,0.00100000000009004,0.00900000000183354,4
"test-quarantined-zero-dsi.R","quarantined-zero-dsi","retired categorical guidance names its signed finite-grid routes",7,0,FALSE,FALSE,0,0.0129999999990105,0,0.0180000000000291,7
"test-quarantined-zero-dsi.R","quarantined-zero-dsi","generic exact-GLM helpers are production-blocked before DSI",4,0,FALSE,FALSE,0,0.0249999999978172,0.000999999999976353,0.0279999999984284,4
"test-secure-agg.R","secure-agg","eta privacy auto-selection is deterministic by federation size",3,0,FALSE,FALSE,0,0.0140000000028522,0.000999999999976353,0.0169999999998254,3
"test-secure-agg.R","secure-agg","eta privacy rejects obsolete and incompatible routes",8,0,FALSE,FALSE,0,0.0319999999992433,0,0.0370000000002619,8
"test-secure-agg.R","secure-agg","only the two live eta protocols are accepted explicitly",2,0,FALSE,FALSE,0,0.00400000000081491,0,0.00499999999738066,2
"test-security-status.R","security-status","security status requires the single profile and DP readiness",22,0,FALSE,FALSE,0,0.126000000000204,0.0130000000000337,0.150999999998021,22
"test-security-status.R","security-status","Armadillo readiness carries no client attestation input",3,0,FALSE,FALSE,0,0.032999999999447,0.000999999999976353,0.0360000000000582,3
"test-security-status.R","security-status","security status rejects obsolete or contradictory profiles",11,0,FALSE,FALSE,0,0.0430000000014843,0.00300000000004275,0.0519999999996799,11
"test-security-status.R","security-status","missing or stale custodian surface attestation prevents readiness",14,0,FALSE,FALSE,0,0.032999999999447,0.00199999999995271,0.0430000000014843,14
"test-security-status.R","security-status","readiness can be inspected without weakening the gate",9,0,FALSE,FALSE,0,0.0349999999998545,0.00100000000009004,0.0419999999976426,9
"test-security-status.R","security-status","lifetime exhaustion does not redefine consortium readiness",6,0,FALSE,FALSE,0,0.022000000000844,0,0.0250000000014552,6
"test-security-status.R","security-status","the public security status uses only the Synopsis bootstrap",2,0,FALSE,FALSE,0,1.75799999999799,0.0319999999999254,1.79100000000108,2
"test-server-surface-compatibility.R","server-surface-compatibility","an explicit companion server source takes precedence",2,0,FALSE,FALSE,0,0.00400000000081491,0.000999999999976353,0.00600000000122236,2
"test-server-surface-compatibility.R","server-surface-compatibility","client DSI expressions are registered or locally quarantined",21,0,FALSE,FALSE,0,1.38899999999921,0.0710000000000264,2.10099999999875,21
"test-server-surface-compatibility.R","server-surface-compatibility","the retired consumer audit names only preserved public frontdoors",3,0,FALSE,FALSE,0,0.00700000000142609,0.00300000000004275,0.0159999999996217,3
"test-server-surface-compatibility.R","server-surface-compatibility","the only dynamic call name is closed before DSI expression construction",4,0,FALSE,FALSE,0,0.0200000000004366,0.000999999999976353,0.0260000000016589,4
"test-server-surface-compatibility.R","server-surface-compatibility","retired redundant triple-consume endpoints have no client caller",1,0,FALSE,FALSE,0,2.32800000000134,0.0620000000000118,2.69099999999889,1
"test-session-ids.R","session-ids","UUIDv4 session IDs use exactly 16 random bytes",4,0,FALSE,FALSE,0,0.00600000000122236,0,0.00800000000162981,4
"test-session-ids.R","session-ids","UUIDv4 session IDs are canonically formatted and distinct",2,0,FALSE,FALSE,0,0.0449999999982538,0.0130000000000337,0.0580000000009022,2
"test-session-ids.R","session-ids","secure random byte acquisition validates length and fails closed",7,0,FALSE,FALSE,0,0.0250000000014552,0.000999999999976353,0.0300000000024738,7
"test-signed-correlation-consumers.R","signed-correlation-consumers","binomial LASSO requires a signed correlation id before DSI",6,0,FALSE,FALSE,0,0.0100000000020373,0,0.0130000000026484,6
"test-signed-correlation-consumers.R","signed-correlation-consumers","binomial LASSO rejects clipped/raw design mismatch before DSI",5,0,FALSE,FALSE,0,0.010999999998603,0.00199999999995271,0.0149999999994179,5
"test-signed-correlation-consumers.R","signed-correlation-consumers","non-correlation LASSO variants do not invent an artifact id",3,0,FALSE,FALSE,0,0.00500000000101863,0.00100000000009004,0.00699999999778811,3
"test-signed-correlation-consumers.R","signed-correlation-consumers","multinomial signed-design gap fails before DSI for K2 and K3",18,0,FALSE,FALSE,0,0.0240000000012515,0.00199999999995271,0.0339999999996508,18
"test-signed-correlation-consumers.R","signed-correlation-consumers","signed design ids are explicit public formals",8,0,FALSE,FALSE,0,0.0159999999996217,0.000999999999976353,0.0210000000006403,8
"test-signed-correlation-consumers.R","signed-correlation-consumers","multinomial wrappers propagate design_analysis_id",3,0,FALSE,FALSE,0,0.00399999999717693,0.000999999999976353,0.00700000000142609,3
"test-signed-correlation-consumers.R","signed-correlation-consumers","multinomial Gram helper has no legacy correlation or moment route",4,0,FALSE,FALSE,0,0.011000000002241,0.00200000000006639,0.0159999999996217,4
"test-smart-ux.R","smart-ux","formula parsing extracts y_var and x_vars",4,0,FALSE,FALSE,0,0.00700000000142609,0,0.00800000000162981,4
"test-smart-ux.R","smart-ux","auto-detect maps variables to correct servers",7,0,FALSE,FALSE,0,0.0100000000020373,0,0.0129999999990105,7
"test-smart-ux.R","smart-ux","auto-detect with subset of formula vars",2,0,FALSE,FALSE,0,0.00400000000081491,0,0.00500000000101863,2
"test-smart-ux.R","smart-ux","missing variable gives clear error",1,0,FALSE,FALSE,0,0.00300000000061118,0,0.00399999999717693,1
"test-smart-ux.R","smart-ux","y_var on multiple servers picks first",2,0,FALSE,FALSE,0,0.00400000000081491,0,0.00500000000101863,2
"test-smart-ux.R","smart-ux","p_coord=0 produces correct beta_map",3,0,FALSE,FALSE,0,0.00599999999758438,0,0.00800000000162981,3
"test-smart-ux.R","smart-ux",".bsafe returns NULL for empty/NULL index",4,0,FALSE,FALSE,0,0.00800000000162981,0.000999999999976353,0.010999999998603,4
"test-smart-ux.R","smart-ux","gradient remapping handles p_coord=0",1,0,FALSE,FALSE,0,0.00300000000061118,0,0.00300000000061118,1
"test-smart-ux.R","smart-ux","base64url encoding is clean (no newlines, no special chars)",3,0,FALSE,FALSE,0,0.00799999999799184,0.000999999999976353,0.00999999999839929,3
"test-smart-ux.R","smart-ux","NULL x_vars in call() doesn't produce character(0)",2,0,FALSE,FALSE,0,0.00500000000101863,0,0.00600000000122236,2
"test-typed-blob-transport.R","typed-blob-transport","typed transport does not advertise unimplemented source streaming",32,0,FALSE,FALSE,0,0.0569999999970605,0.00499999999999545,0.0780000000013388,32
"test-typed-blob-transport.R","typed-blob-transport","source-stream client pumps fixed frames with O-frame state",15,0,FALSE,FALSE,0,0.211000000002969,0.00599999999997181,0.292999999997846,15
"test-typed-blob-transport.R","typed-blob-transport","source stream cannot confirm a receiver-side terminal hash failure",10,0,FALSE,FALSE,0,0.0939999999973224,0.00199999999995271,0.10200000000259,10
"test-typed-blob-transport.R","typed-blob-transport","source-probe constructor binds one producer to one recipient",6,0,FALSE,FALSE,0,0.0240000000012515,0.000999999999976353,0.0279999999984284,6
"test-typed-blob-transport.R","typed-blob-transport","source-stream client rejects a bad frame hash before forwarding",2,0,FALSE,FALSE,0,0.00699999999778811,0.00100000000009004,0.00900000000183354,2
"test-typed-blob-transport.R","typed-blob-transport","typed frame size bound is conservative without deparsing payload",6,0,FALSE,FALSE,0,0.0860000000029686,0.00199999999995271,0.091999999996915,6
"test-typed-blob-transport.R","typed-blob-transport","typed blob client uses immutable absolute-offset frames",22,0,FALSE,FALSE,0,0.0399999999972351,0.00300000000004275,0.0580000000009022,22
"test-typed-blob-transport.R","typed-blob-transport","typed blob client replays identical ambiguous frames and receipts",5,0,FALSE,FALSE,0,0.0149999999994179,0,0.0720000000001164,5
"test-typed-blob-transport.R","typed-blob-transport","idempotent retries have a deadline but no attempt quota",7,0,FALSE,FALSE,0,0.0130000000026484,0.00199999999995271,0.0200000000004366,7
"test-typed-blob-transport.R","typed-blob-transport","typed blob phases propagate an unrecognized peer without retry",10,0,FALSE,FALSE,0,0.021999999997206,0.00200000000006639,0.0299999999988358,10
"test-typed-blob-transport.R","typed-blob-transport","typed blob propagates a top-level typed peer rejection",2,0,FALSE,FALSE,0,0.00500000000101863,0,0.00600000000122236,2
"test-typed-blob-transport.R","typed-blob-transport","typed blob immediately propagates a poisoned DSI session",2,0,FALSE,FALSE,0,0.00300000000061118,0.000999999999976353,0.00599999999758438,2
"test-typed-blob-transport.R","typed-blob-transport","typed blob preserves a callback peer rejection over a generic error",3,0,FALSE,FALSE,0,0.00500000000101863,0.00199999999995271,0.00900000000183354,3
"test-typed-blob-transport.R","typed-blob-transport","typed blob treats oversize and contract callbacks as terminal",10,0,FALSE,FALSE,0,0.0159999999996217,0.00200000000006639,0.0230000000010477,10
"test-typed-blob-transport.R","typed-blob-transport","pipelined typed transport never retries terminal oversize",3,0,FALSE,FALSE,0,0.00699999999778811,0,0.00899999999819556,3
"test-typed-blob-transport.R","typed-blob-transport","typed blob client resumes recipient progress without retransmission",2,0,FALSE,FALSE,0,0.00600000000122236,0.000999999999976353,0.00900000000183354,2
"test-typed-blob-transport.R","typed-blob-transport","typed blob client rejects misrouting, mutation and malformed ACKs",7,0,FALSE,FALSE,0,0.0319999999992433,0.000999999999976353,0.0370000000002619,7
"test-typed-producer-retry.R","typed-producer-retry","typed producers replay one identical request without attempt quota",4,0,FALSE,FALSE,0,0.00999999999839929,0.000999999999976353,0.0130000000026484,4
"test-typed-producer-retry.R","typed-producer-retry","typed producer callback errors and rejections are never retried",4,0,FALSE,FALSE,0,0.0130000000026484,0.000999999999976353,0.0169999999998254,4
"test-typed-producer-retry.R","typed-producer-retry","only the audited producer allowlist receives automatic replay",6,0,FALSE,FALSE,0,0.0239999999976135,0.00100000000009004,0.0289999999986321,6
"test-typed-producer-retry.R","typed-producer-retry","exact Chisq phases replay an identical request after a lost ACK",27,0,FALSE,FALSE,0,0.0470000000022992,0.00299999999992906,0.0649999999986903,27
"test-typed-producer-retry.R","typed-producer-retry","canonical Count phases replay an identical request after a lost ACK",16,0,FALSE,FALSE,0,0.0289999999986321,0.00100000000009004,0.0390000000006694,16
"test-typed-producer-retry.R","typed-producer-retry","Gaussian cross phases replay an identical request after a lost ACK",9,0,FALSE,FALSE,0,0.0169999999998254,0.000999999999976353,0.0230000000010477,9
"test-typed-producer-retry.R","typed-producer-retry","legacy producer branches never receive automatic replay",2,0,FALSE,FALSE,0,0.00500000000101863,0.00199999999995271,0.00799999999799184,2
"test-vector-replay-assembly-scalability.R","vector-replay-assembly-scalability","public DP replay assembly is exact across many chunks",2,0,FALSE,FALSE,0,0.0719999999964784,0,0.0740000000005239,2
"test-vector-replay-assembly-scalability.R","vector-replay-assembly-scalability","public DP replay assembly rejects malformed chunk shapes",2,0,FALSE,FALSE,0,0.00800000000162981,0.000999999999976353,0.010999999998603,2
"test-vertChisq.R","vertChisq","chisq matches base R chisq.test on 2x2 without correction",4,0,FALSE,FALSE,0,0.0269999999982247,0,0.0280000000020664,4
"test-vertChisq.R","vertChisq","chisq with Yates correction matches base R on 2x2",2,0,FALSE,FALSE,0,0.00400000000081491,0,0.00500000000101863,2
"test-vertChisq.R","vertChisq","chisq on larger table matches base R",4,0,FALSE,FALSE,0,0.00700000000142609,0.00100000000009004,0.00999999999839929,4
"test-vertChisq.R","vertChisq","chisq residuals match (observed - expected) / sqrt(expected)",1,0,FALSE,FALSE,0,0.00300000000061118,0,0.00300000000061118,1
"test-vertChisq.R","vertChisq","chisq errors on empty table",1,0,FALSE,FALSE,0,0.00599999999758438,0,0.00599999999758438,1
"test-vertContrast.R","vertContrast","contrast matches single-coef Wald when K is one-hot row",3,0,FALSE,FALSE,0,0.00400000000081491,0.000999999999976353,0.00600000000122236,3
"test-vertContrast.R","vertContrast","contrast accepts character vector of coefs (conjunction)",2,0,FALSE,FALSE,0,0.00400000000081491,0,0.00500000000101863,2
"test-vertContrast.R","vertContrast","contrast supports non-zero null vector",3,0,FALSE,FALSE,0,0.00499999999738066,0,0.00600000000122236,3
"test-vertContrast.R","vertContrast","contrast errors when covariance is missing",1,0,FALSE,FALSE,0,0.00500000000101863,0,0.00599999999758438,1
"test-vertContrast.R","vertContrast","contrast returns typed non-identifiability on singular K*Cov*Kt",2,0,FALSE,FALSE,0,0.00400000000081491,0,0.00500000000101863,2
"test-vertContrast.R","vertContrast","contrast matches lmtest::waldtest-style joint on linear model",3,0,FALSE,FALSE,0,0.00499999999738066,0,0.00700000000142609,3
"test-vertDesc.R","vertDesc","ds.vertDesc is a one-release compatibility adapter",24,0,FALSE,FALSE,0,0.0309999999990396,0.00300000000004275,0.0450000000018917,24
"test-vertDesc.R","vertDesc","ds.vertDesc propagates synopsis release provenance by branch",10,0,FALSE,FALSE,0,0.0260000000016589,0.000999999999976353,0.0339999999996508,10
"test-vertDesc.R","vertDesc","ds.vertDesc rejects mixed describe provenance",1,0,FALSE,FALSE,0,0.0139999999992142,0,0.0149999999994179,1
"test-vertDesc.R","vertDesc","legacy knobs cannot alter the signed describe workload",8,0,FALSE,FALSE,0,0.0250000000014552,0,0.0289999999986321,8
"test-vertDesc.R","vertDesc","analysis and variable selection fail honestly",5,0,FALSE,FALSE,0,0.0169999999998254,0,0.0200000000004366,5
"test-vertDesc.R","vertDesc","ds.vertDesc call graph cannot reach exact adaptive endpoints",6,0,FALSE,FALSE,0,5.85699999999997,0.0359999999999445,5.89800000000105,6
"test-vertDesc.R","vertDesc","interp_quantile matches known closed-form for uniform buckets",1,0,FALSE,FALSE,0,0.0029999999969732,0.00100000000009004,0.00500000000101863,1
"test-vertDesc.R","vertDesc","descriptive alias preserves the compatibility data-frame shape",3,0,FALSE,FALSE,0,0.00600000000122236,0.00199999999995271,0.00999999999839929,3
"test-vertDesc.R","vertDesc","interp_quantile is within bucket width of exact quantile on normal",5,0,FALSE,FALSE,0,0.0449999999982538,0.00999999999999091,0.0580000000009022,5
"test-vertDesc.R","vertDesc","interp_quantile handles under/overflow cleanly",4,0,FALSE,FALSE,0,0.00600000000122236,0,0.00799999999799184,4
"test-vertDesc.R","vertDesc","interp_quantile returns NA on empty input",1,0,FALSE,FALSE,0,0.00200000000040745,0.00200000000006639,0.00500000000101863,1
"test-vertDesc.R","vertDesc","interp_quantile handles zero-count buckets gracefully",1,0,FALSE,FALSE,0,0.00300000000061118,0,0.00300000000061118,1
"test-vertInference.R","vertInference","LR test matches chi-square on simulated nested fits",3,0,FALSE,FALSE,0,0.00599999999758438,0,0.00700000000142609,3
"test-vertInference.R","vertInference","LR test floors only numerical negative noise at 0",3,0,FALSE,FALSE,0,0.00800000000162981,0.000999999999976353,0.010999999998603,3
"test-vertInference.R","vertInference","LR test errors on non-nested or mismatched inputs",6,0,FALSE,FALSE,0,0.0230000000010477,0.0040000000000191,0.0299999999988358,6
"test-vertInference.R","vertInference","confint produces symmetric Wald CIs around the estimate",4,0,FALSE,FALSE,0,0.00699999999778811,0,0.00900000000183354,4
"test-vertInference.R","vertInference","confint level affects interval width",1,0,FALSE,FALSE,0,0.00400000000081491,0.000999999999976353,0.00499999999738066,1
"test-vertInference.R","vertInference","confint errors on unknown parm",1,0,FALSE,FALSE,0,0.00400000000081491,0.000999999999976353,0.00600000000122236,1
"test-vertInference.R","vertInference","inference refuses failed fits and invalid standard errors",3,0,FALSE,FALSE,0,0.0129999999990105,0,0.0210000000006403,3
"test-vertInference.R","vertInference","current public DP GLM releases fail closed for sampling inference",4,0,FALSE,FALSE,0,0.0159999999996217,0.000999999999976353,0.0190000000002328,4
"test-vertInference.R","vertInference","wald reduces to z-test against null = 0",4,0,FALSE,FALSE,0,0.00500000000101863,0.00100000000009004,0.00899999999819556,4
"test-vertInference.R","vertInference","wald supports non-zero null",1,0,FALSE,FALSE,0,0.00300000000061118,0,0.00400000000081491,1
"test-vertInference.R","vertInference","wald errors on missing parm",1,0,FALSE,FALSE,0,0.00599999999758438,0,0.00600000000122236,1
"test-wrappers.R","wrappers","LASSO rejects the retired ds.glm thresholding sketch",1,0,FALSE,FALSE,0,0.00500000000101863,0.000999999999976353,0.00600000000122236,1
"test-wrappers.R","wrappers","multinom requires >=2 non-reference classes",1,0,FALSE,FALSE,0,0.00500000000101863,0.000999999999976353,0.00699999999778811,1
"test-wrappers.R","wrappers","ds.vertNB object inherits from ds.glm",2,0,FALSE,FALSE,0,0.00499999999738066,0.000999999999976353,0.00800000000162981,2
"test-wrappers.R","wrappers","lowercase ds.vert aliases are exported",1,0,FALSE,FALSE,0,0.00300000000061118,0.00200000000006639,0.00600000000122236,1
"test-wrappers.R","wrappers","GLMM frontdoor exposes the signed moment and finite-grid scopes",3,0,FALSE,FALSE,0,0.00500000000101863,0.00199999999995271,0.00999999999839929,3
"test-wrappers.R","wrappers","frontdoors expose adaptive precision and method selectors",6,0,FALSE,FALSE,0,0.00799999999799184,0,0.0120000000024447,6
"test-wrappers.R","wrappers","frontdoor precision helper only raises binomial precision safely",4,0,FALSE,FALSE,0,0.00800000000162981,0.000999999999976353,0.010999999998603,4
"test-wrappers.R","wrappers","frontdoor route metadata distinguishes every supported K mode",3,0,FALSE,FALSE,0,0.00300000000061118,0.00200000000006639,0.00700000000142609,3
"test-wrappers.R","wrappers","ds.vert.coxph cannot dispatch to a non-Cox estimand",4,0,FALSE,FALSE,0,0.00799999999799184,0.00199999999995271,0.0129999999990105,4
"test-wrappers.R","wrappers","frontdoor aliases preserve backend outputs and route metadata",1,0,FALSE,FALSE,0,0.00500000000101863,0.000999999999976353,0.00700000000142609,1
"test-wrappers.R","wrappers","LASSO1Step rejects the retired quadratic-surrogate ds.glm route",1,0,FALSE,FALSE,0,0.00400000000081491,0.000999999999976353,0.00699999999778811,1
"test-wrappers.R","wrappers","LASSOCV rejects the retired ds.glm covariance route",1,0,FALSE,FALSE,0,0.00500000000101863,0,0.00600000000122236,1
